text,label,conceptual_level,note
a mine,GEONOUN,locale,geonouns; case_insensitive; curated
a mines,GEONOUN,locale,geonouns; case_insensitive; generated inflection
abandoned airfield,GEONOUN,locale,geonouns; case_insensitive; curated
abandoned airfields,GEONOUN,locale,geonouns; case_insensitive; generated inflection
abandoned camp,GEONOUN,locale,geonouns; case_insensitive; curated
abandoned camps,GEONOUN,locale,geonouns; case_insensitive; generated inflection
abandoned canal,GEONOUN,locale,geonouns; case_insensitive; curated
abandoned canals,GEONOUN,locale,geonouns; case_insensitive; generated inflection
abandoned factories,GEONOUN,locale,geonouns; case_insensitive; generated inflection
abandoned factory,GEONOUN,locale,geonouns; case_insensitive; curated
abandoned farm,GEONOUN,locale,geonouns; case_insensitive; curated
abandoned farms,GEONOUN,locale,geonouns; case_insensitive; generated inflection
abandoned mine,GEONOUN,locale,geonouns; case_insensitive; curated
abandoned mines,GEONOUN,locale,geonouns; case_insensitive; generated inflection
abandoned mission,GEONOUN,locale,geonouns; case_insensitive; curated
abandoned missions,GEONOUN,locale,geonouns; case_insensitive; generated inflection
abandoned oil well,GEONOUN,locale,geonouns; case_insensitive; curated
abandoned oil wells,GEONOUN,locale,geonouns; case_insensitive; generated inflection
abandoned police post,GEONOUN,locale,geonouns; case_insensitive; curated
abandoned police posts,GEONOUN,locale,geonouns; case_insensitive; generated inflection
abandoned populated place,GEONOUN,locale,geonouns; case_insensitive; curated
abandoned populated places,GEONOUN,locale,geonouns; case_insensitive; generated inflection
abandoned prison,GEONOUN,locale,geonouns; case_insensitive; curated
abandoned prisons,GEONOUN,locale,geonouns; case_insensitive; generated inflection
abandoned railroad,GEONOUN,locale,geonouns; case_insensitive; curated
abandoned railroad station,GEONOUN,locale,geonouns; case_insensitive; curated
abandoned railroad stations,GEONOUN,locale,geonouns; case_insensitive; generated inflection
abandoned railroad stop,GEONOUN,locale,geonouns; case_insensitive; curated
abandoned railroad stops,GEONOUN,locale,geonouns; case_insensitive; generated inflection
abandoned railroads,GEONOUN,locale,geonouns; case_insensitive; generated inflection
abandoned watercourse,GEONOUN,locale,geonouns; case_insensitive; curated
abandoned watercourses,GEONOUN,locale,geonouns; case_insensitive; generated inflection
abandoned well,GEONOUN,locale,geonouns; case_insensitive; curated
abandoned wells,GEONOUN,locale,geonouns; case_insensitive; generated inflection
abattoir,GEONOUN,locale,geonouns; case_insensitive; curated
abattoirs,GEONOUN,locale,geonouns; case_insensitive; generated inflection
abbey,GEONOUN,locale,geonouns; case_insensitive; curated
abbeys,GEONOUN,locale,geonouns; case_insensitive; generated inflection
abode,GEONOUN,locale,geonouns; case_insensitive; curated
abodes,GEONOUN,locale,geonouns; case_insensitive; generated inflection
abyssal zone,GEONOUN,locale,geonouns; case_insensitive; curated
abyssal zones,GEONOUN,locale,geonouns; case_insensitive; generated inflection
acclivities,GEONOUN,locale,geonouns; case_insensitive; generated inflection
acclivity,GEONOUN,locale,geonouns; case_insensitive; curated
administrative division,GEONOUN,locale,geonouns; case_insensitive; curated
administrative divisions,GEONOUN,locale,geonouns; case_insensitive; generated inflection
administrative facilities,GEONOUN,locale,geonouns; case_insensitive; generated inflection
administrative facility,GEONOUN,locale,geonouns; case_insensitive; curated
administrative region,GEONOUN,locale,geonouns; case_insensitive; curated
administrative regions,GEONOUN,locale,geonouns; case_insensitive; generated inflection
adobe house,GEONOUN,locale,geonouns; case_insensitive; curated
adobe houses,GEONOUN,locale,geonouns; case_insensitive; generated inflection
aegean island,GEONOUN,locale,geonouns; case_insensitive; curated
aegean islands,GEONOUN,locale,geonouns; case_insensitive; generated inflection
aerie,GEONOUN,locale,geonouns; case_insensitive; curated
aeries,GEONOUN,locale,geonouns; case_insensitive; generated inflection
aery,GEONOUN,locale,geonouns; case_insensitive; curated
affluent,GEONOUN,locale,geonouns; case_insensitive; curated
affluents,GEONOUN,locale,geonouns; case_insensitive; generated inflection
agricultural colonies,GEONOUN,locale,geonouns; case_insensitive; generated inflection
agricultural colony,GEONOUN,locale,geonouns; case_insensitive; curated
agricultural facilities,GEONOUN,locale,geonouns; case_insensitive; generated inflection
agricultural facility,GEONOUN,locale,geonouns; case_insensitive; curated
agricultural reserve,GEONOUN,locale,geonouns; case_insensitive; curated
agricultural reserves,GEONOUN,locale,geonouns; case_insensitive; generated inflection
agricultural school,GEONOUN,locale,geonouns; case_insensitive; curated
agricultural schools,GEONOUN,locale,geonouns; case_insensitive; generated inflection
airbase,GEONOUN,locale,geonouns; case_insensitive; curated
airbases,GEONOUN,locale,geonouns; case_insensitive; generated inflection
airfield,GEONOUN,locale,geonouns; case_insensitive; curated
airfields,GEONOUN,locale,geonouns; case_insensitive; generated inflection
airport,GEONOUN,locale,geonouns; case_insensitive; curated
airports,GEONOUN,locale,geonouns; case_insensitive; generated inflection
aisle,GEONOUN,locale,geonouns; case_insensitive; curated
aisles,GEONOUN,locale,geonouns; case_insensitive; curated
aisleses,GEONOUN,locale,geonouns; case_insensitive; generated inflection
alcazar,GEONOUN,locale,geonouns; case_insensitive; curated
alcazars,GEONOUN,locale,geonouns; case_insensitive; generated inflection
alehouse,GEONOUN,locale,geonouns; case_insensitive; curated
alehouses,GEONOUN,locale,geonouns; case_insensitive; generated inflection
alley,GEONOUN,locale,geonouns; case_insensitive; curated
alleys,GEONOUN,locale,geonouns; case_insensitive; curated
alleyses,GEONOUN,locale,geonouns; case_insensitive; generated inflection
alluvial flat,GEONOUN,locale,geonouns; case_insensitive; curated
alluvial flats,GEONOUN,locale,geonouns; case_insensitive; generated inflection
alluvial plain,GEONOUN,locale,geonouns; case_insensitive; curated
alluvial plains,GEONOUN,locale,geonouns; case_insensitive; generated inflection
alp,GEONOUN,locale,geonouns; case_insensitive; curated
alpine glacier,GEONOUN,locale,geonouns; case_insensitive; curated
alpine glaciers,GEONOUN,locale,geonouns; case_insensitive; generated inflection
alpine type of glacier,GEONOUN,locale,geonouns; case_insensitive; curated
alpine type of glaciers,GEONOUN,locale,geonouns; case_insensitive; generated inflection
alps,GEONOUN,locale,geonouns; case_insensitive; generated inflection
ambiance,GEONOUN,locale,geonouns; case_insensitive; curated
ambiances,GEONOUN,locale,geonouns; case_insensitive; generated inflection
ambience,GEONOUN,locale,geonouns; case_insensitive; curated
ambiences,GEONOUN,locale,geonouns; case_insensitive; generated inflection
amenities,GEONOUN,locale,geonouns; case_insensitive; curated
amenitieses,GEONOUN,locale,geonouns; case_insensitive; generated inflection
American boat,GEONOUN,locale,geonouns; case_insensitive; curated
american boats,GEONOUN,locale,geonouns; case_insensitive; generated inflection
amphitheater,GEONOUN,locale,geonouns; case_insensitive; curated
amphitheaters,GEONOUN,locale,geonouns; case_insensitive; generated inflection
amusement park,GEONOUN,locale,geonouns; case_insensitive; curated
amusement parks,GEONOUN,locale,geonouns; case_insensitive; generated inflection
anabranch,GEONOUN,locale,geonouns; case_insensitive; curated
anabranches,GEONOUN,locale,geonouns; case_insensitive; generated inflection
anchorage,GEONOUN,locale,geonouns; case_insensitive; curated
anchorages,GEONOUN,locale,geonouns; case_insensitive; generated inflection
ancient road,GEONOUN,locale,geonouns; case_insensitive; curated
ancient roads,GEONOUN,locale,geonouns; case_insensitive; generated inflection
ancient site,GEONOUN,locale,geonouns; case_insensitive; curated
ancient sites,GEONOUN,locale,geonouns; case_insensitive; generated inflection
ancient wall,GEONOUN,locale,geonouns; case_insensitive; curated
ancient walls,GEONOUN,locale,geonouns; case_insensitive; generated inflection
annex,GEONOUN,locale,geonouns; case_insensitive; curated
annexes,GEONOUN,locale,geonouns; case_insensitive; generated inflection
antechamber,GEONOUN,locale,geonouns; case_insensitive; curated
antechambers,GEONOUN,locale,geonouns; case_insensitive; generated inflection
anteroom,GEONOUN,locale,geonouns; case_insensitive; curated
anterooms,GEONOUN,locale,geonouns; case_insensitive; generated inflection
anthill,GEONOUN,locale,geonouns; case_insensitive; curated
anthills,GEONOUN,locale,geonouns; case_insensitive; generated inflection
apartment,GEONOUN,locale,geonouns; case_insensitive; curated
apartment building,GEONOUN,locale,geonouns; case_insensitive; curated
apartment buildings,GEONOUN,locale,geonouns; case_insensitive; generated inflection
apartment house,GEONOUN,locale,geonouns; case_insensitive; curated
apartment houses,GEONOUN,locale,geonouns; case_insensitive; generated inflection
apartments,GEONOUN,locale,geonouns; case_insensitive; curated
apartmentses,GEONOUN,locale,geonouns; case_insensitive; generated inflection
apiaries,GEONOUN,locale,geonouns; case_insensitive; generated inflection
apiary,GEONOUN,locale,geonouns; case_insensitive; curated
apple orchard,GEONOUN,locale,geonouns; case_insensitive; curated
apple orchards,GEONOUN,locale,geonouns; case_insensitive; generated inflection
apron,GEONOUN,locale,geonouns; case_insensitive; curated
aprons,GEONOUN,locale,geonouns; case_insensitive; generated inflection
aquaculture facilities,GEONOUN,locale,geonouns; case_insensitive; generated inflection
aquaculture facility,GEONOUN,locale,geonouns; case_insensitive; curated
aqueduct,GEONOUN,locale,geonouns; case_insensitive; curated
aqueducts,GEONOUN,locale,geonouns; case_insensitive; generated inflection
aquifer,GEONOUN,locale,geonouns; case_insensitive; curated
aquifers,GEONOUN,locale,geonouns; case_insensitive; generated inflection
arbor,GEONOUN,locale,geonouns; case_insensitive; curated
arbors,GEONOUN,locale,geonouns; case_insensitive; curated
arborses,GEONOUN,locale,geonouns; case_insensitive; generated inflection
arcade,GEONOUN,locale,geonouns; case_insensitive; curated
arcades,GEONOUN,locale,geonouns; case_insensitive; generated inflection
arch,GEONOUN,locale,geonouns; case_insensitive; curated
archeological site,GEONOUN,locale,geonouns; case_insensitive; curated
archeological sites,GEONOUN,locale,geonouns; case_insensitive; generated inflection
arches,GEONOUN,locale,geonouns; case_insensitive; curated
archeses,GEONOUN,locale,geonouns; case_insensitive; generated inflection
archipelago,GEONOUN,locale,geonouns; case_insensitive; curated
archipelagos,GEONOUN,locale,geonouns; case_insensitive; generated inflection
architect,GEONOUN,locale,geonouns; case_insensitive; curated
architects,GEONOUN,locale,geonouns; case_insensitive; curated
architectses,GEONOUN,locale,geonouns; case_insensitive; generated inflection
architectural,GEONOUN,locale,geonouns; case_insensitive; curated
architectural structure,GEONOUN,locale,geonouns; case_insensitive; curated
architectural structures,GEONOUN,locale,geonouns; case_insensitive; generated inflection
architecturals,GEONOUN,locale,geonouns; case_insensitive; generated inflection
architecture,GEONOUN,locale,geonouns; case_insensitive; curated
architectures,GEONOUN,locale,geonouns; case_insensitive; generated inflection
archive,GEONOUN,locale,geonouns; case_insensitive; curated
archives,GEONOUN,locale,geonouns; case_insensitive; generated inflection
archway,GEONOUN,locale,geonouns; case_insensitive; curated
archways,GEONOUN,locale,geonouns; case_insensitive; generated inflection
arctic land,GEONOUN,locale,geonouns; case_insensitive; curated
arctic lands,GEONOUN,locale,geonouns; case_insensitive; generated inflection
area,GEONOUN,locale,geonouns; case_insensitive; curated
areas,GEONOUN,locale,geonouns; case_insensitive; generated inflection
arena,GEONOUN,locale,geonouns; case_insensitive; curated
arena theater,GEONOUN,locale,geonouns; case_insensitive; curated
arena theaters,GEONOUN,locale,geonouns; case_insensitive; generated inflection
arenas,GEONOUN,locale,geonouns; case_insensitive; generated inflection
arete,GEONOUN,locale,geonouns; case_insensitive; curated
aretes,GEONOUN,locale,geonouns; case_insensitive; generated inflection
arroyo,GEONOUN,locale,geonouns; case_insensitive; curated
arroyos,GEONOUN,locale,geonouns; case_insensitive; generated inflection
arrugado,GEONOUN,locale,geonouns; case_insensitive; curated
arrugados,GEONOUN,locale,geonouns; case_insensitive; generated inflection
art school,GEONOUN,locale,geonouns; case_insensitive; curated
art schools,GEONOUN,locale,geonouns; case_insensitive; generated inflection
artificial island,GEONOUN,locale,geonouns; case_insensitive; curated
artificial islands,GEONOUN,locale,geonouns; case_insensitive; generated inflection
artificial lake,GEONOUN,locale,geonouns; case_insensitive; curated
artificial lakes,GEONOUN,locale,geonouns; case_insensitive; generated inflection
artillery range,GEONOUN,locale,geonouns; case_insensitive; curated
artillery ranges,GEONOUN,locale,geonouns; case_insensitive; generated inflection
ascent,GEONOUN,locale,geonouns; case_insensitive; curated
ascents,GEONOUN,locale,geonouns; case_insensitive; generated inflection
asparagus bed,GEONOUN,locale,geonouns; case_insensitive; curated
asparagus beds,GEONOUN,locale,geonouns; case_insensitive; generated inflection
asphalt lake,GEONOUN,locale,geonouns; case_insensitive; curated
asphalt lakes,GEONOUN,locale,geonouns; case_insensitive; generated inflection
assembly place,GEONOUN,locale,geonouns; case_insensitive; curated
assembly places,GEONOUN,locale,geonouns; case_insensitive; generated inflection
astronomical station,GEONOUN,locale,geonouns; case_insensitive; curated
astronomical stations,GEONOUN,locale,geonouns; case_insensitive; generated inflection
asylum,GEONOUN,locale,geonouns; case_insensitive; curated
asylums,GEONOUN,locale,geonouns; case_insensitive; generated inflection
athletic field,GEONOUN,locale,geonouns; case_insensitive; curated
athletic fields,GEONOUN,locale,geonouns; case_insensitive; generated inflection
atoll,GEONOUN,locale,geonouns; case_insensitive; curated
atolls,GEONOUN,locale,geonouns; case_insensitive; curated
atollses,GEONOUN,locale,geonouns; case_insensitive; generated inflection
atomic center,GEONOUN,locale,geonouns; case_insensitive; curated
atomic centers,GEONOUN,locale,geonouns; case_insensitive; generated inflection
atrium,GEONOUN,locale,geonouns; case_insensitive; curated
atriums,GEONOUN,locale,geonouns; case_insensitive; generated inflection
attic,GEONOUN,locale,geonouns; case_insensitive; curated
attics,GEONOUN,locale,geonouns; case_insensitive; curated
atticses,GEONOUN,locale,geonouns; case_insensitive; generated inflection
auberge,GEONOUN,locale,geonouns; case_insensitive; curated
auberges,GEONOUN,locale,geonouns; case_insensitive; generated inflection
automat,GEONOUN,locale,geonouns; case_insensitive; curated
automatic teller machine,GEONOUN,locale,geonouns; case_insensitive; curated
automatic teller machines,GEONOUN,locale,geonouns; case_insensitive; generated inflection
automats,GEONOUN,locale,geonouns; case_insensitive; generated inflection
aviaries,GEONOUN,locale,geonouns; case_insensitive; generated inflection
aviary,GEONOUN,locale,geonouns; case_insensitive; curated
back countries,GEONOUN,locale,geonouns; case_insensitive; generated inflection
back country,GEONOUN,locale,geonouns; case_insensitive; curated
backcountries,GEONOUN,locale,geonouns; case_insensitive; generated inflection
backcountry,GEONOUN,locale,geonouns; case_insensitive; curated
backroom,GEONOUN,locale,geonouns; case_insensitive; curated
backrooms,GEONOUN,locale,geonouns; case_insensitive; generated inflection
backwater,GEONOUN,locale,geonouns; case_insensitive; curated
backwaters,GEONOUN,locale,geonouns; case_insensitive; generated inflection
backwoods,GEONOUN,locale,geonouns; case_insensitive; curated
backwoodses,GEONOUN,locale,geonouns; case_insensitive; generated inflection
backyard,GEONOUN,locale,geonouns; case_insensitive; curated
backyards,GEONOUN,locale,geonouns; case_insensitive; curated
backyardses,GEONOUN,locale,geonouns; case_insensitive; generated inflection
badlands,GEONOUN,locale,geonouns; case_insensitive; curated
badlandses,GEONOUN,locale,geonouns; case_insensitive; generated inflection
badminton court,GEONOUN,locale,geonouns; case_insensitive; curated
badminton courts,GEONOUN,locale,geonouns; case_insensitive; generated inflection
bagnio,GEONOUN,locale,geonouns; case_insensitive; curated
bagnios,GEONOUN,locale,geonouns; case_insensitive; generated inflection
bailey,GEONOUN,locale,geonouns; case_insensitive; curated
baileys,GEONOUN,locale,geonouns; case_insensitive; generated inflection
balconies,GEONOUN,locale,geonouns; case_insensitive; curated
balconieses,GEONOUN,locale,geonouns; case_insensitive; generated inflection
balcony,GEONOUN,locale,geonouns; case_insensitive; curated
baling station,GEONOUN,locale,geonouns; case_insensitive; curated
baling stations,GEONOUN,locale,geonouns; case_insensitive; generated inflection
ball field,GEONOUN,locale,geonouns; case_insensitive; curated
ball fields,GEONOUN,locale,geonouns; case_insensitive; generated inflection
ballroom,GEONOUN,locale,geonouns; case_insensitive; curated
ballrooms,GEONOUN,locale,geonouns; case_insensitive; curated
ballroomses,GEONOUN,locale,geonouns; case_insensitive; generated inflection
baltic republic,GEONOUN,locale,geonouns; case_insensitive; curated
baltic republics,GEONOUN,locale,geonouns; case_insensitive; generated inflection
baltic state,GEONOUN,locale,geonouns; case_insensitive; curated
baltic states,GEONOUN,locale,geonouns; case_insensitive; generated inflection
balustrade,GEONOUN,locale,geonouns; case_insensitive; curated
balustrades,GEONOUN,locale,geonouns; case_insensitive; generated inflection
banana plantation,GEONOUN,locale,geonouns; case_insensitive; curated
banana plantations,GEONOUN,locale,geonouns; case_insensitive; generated inflection
banister,GEONOUN,locale,geonouns; case_insensitive; curated
banisters,GEONOUN,locale,geonouns; case_insensitive; generated inflection
bank,GEONOUN,locale,geonouns; case_insensitive; curated
banks,GEONOUN,locale,geonouns; case_insensitive; curated
bankses,GEONOUN,locale,geonouns; case_insensitive; generated inflection
barbecue pit,GEONOUN,locale,geonouns; case_insensitive; curated
barbecue pits,GEONOUN,locale,geonouns; case_insensitive; generated inflection
barn,GEONOUN,locale,geonouns; case_insensitive; curated
barns,GEONOUN,locale,geonouns; case_insensitive; curated
barnses,GEONOUN,locale,geonouns; case_insensitive; generated inflection
barracks,GEONOUN,locale,geonouns; case_insensitive; curated
barrackses,GEONOUN,locale,geonouns; case_insensitive; generated inflection
barren,GEONOUN,locale,geonouns; case_insensitive; curated
barrens,GEONOUN,locale,geonouns; case_insensitive; generated inflection
barricade,GEONOUN,locale,geonouns; case_insensitive; curated
barricaded,GEONOUN,locale,geonouns; case_insensitive; curated
barricadeds,GEONOUN,locale,geonouns; case_insensitive; generated inflection
barricades,GEONOUN,locale,geonouns; case_insensitive; curated
barricadeses,GEONOUN,locale,geonouns; case_insensitive; generated inflection
barrier island,GEONOUN,locale,geonouns; case_insensitive; curated
barrier islands,GEONOUN,locale,geonouns; case_insensitive; generated inflection
barrier reef,GEONOUN,locale,geonouns; case_insensitive; curated
barrier reefs,GEONOUN,locale,geonouns; case_insensitive; generated inflection
barrio,GEONOUN,locale,geonouns; case_insensitive; curated
barrios,GEONOUN,locale,geonouns; case_insensitive; generated inflection
bars,GEONOUN,locale,geonouns; case_insensitive; generated inflection
baseball diamond,GEONOUN,locale,geonouns; case_insensitive; curated
baseball diamonds,GEONOUN,locale,geonouns; case_insensitive; generated inflection
baseball field,GEONOUN,locale,geonouns; case_insensitive; curated
baseball fields,GEONOUN,locale,geonouns; case_insensitive; generated inflection
basement,GEONOUN,locale,geonouns; case_insensitive; curated
basements,GEONOUN,locale,geonouns; case_insensitive; curated
basementses,GEONOUN,locale,geonouns; case_insensitive; generated inflection
basilica,GEONOUN,locale,geonouns; case_insensitive; curated
basilicas,GEONOUN,locale,geonouns; case_insensitive; generated inflection
basin,GEONOUN,locale,geonouns; case_insensitive; curated
basins,GEONOUN,locale,geonouns; case_insensitive; generated inflection
basketball court,GEONOUN,locale,geonouns; case_insensitive; curated
basketball courts,GEONOUN,locale,geonouns; case_insensitive; generated inflection
bathhouse,GEONOUN,locale,geonouns; case_insensitive; curated
bathhouses,GEONOUN,locale,geonouns; case_insensitive; generated inflection
bathing machine,GEONOUN,locale,geonouns; case_insensitive; curated
bathing machines,GEONOUN,locale,geonouns; case_insensitive; generated inflection
bathyal district,GEONOUN,locale,geonouns; case_insensitive; curated
bathyal districts,GEONOUN,locale,geonouns; case_insensitive; generated inflection
bathyal zone,GEONOUN,locale,geonouns; case_insensitive; curated
bathyal zones,GEONOUN,locale,geonouns; case_insensitive; generated inflection
battlefield,GEONOUN,locale,geonouns; case_insensitive; curated
battlefields,GEONOUN,locale,geonouns; case_insensitive; generated inflection
battleground,GEONOUN,locale,geonouns; case_insensitive; curated
battlegrounds,GEONOUN,locale,geonouns; case_insensitive; generated inflection
bawdyhouse,GEONOUN,locale,geonouns; case_insensitive; curated
bawdyhouses,GEONOUN,locale,geonouns; case_insensitive; generated inflection
bay,GEONOUN,locale,geonouns; case_insensitive; curated
bayou,GEONOUN,locale,geonouns; case_insensitive; curated
bayous,GEONOUN,locale,geonouns; case_insensitive; generated inflection
bays,GEONOUN,locale,geonouns; case_insensitive; curated
bayses,GEONOUN,locale,geonouns; case_insensitive; generated inflection
beach,GEONOUN,locale,geonouns; case_insensitive; curated
beach house,GEONOUN,locale,geonouns; case_insensitive; curated
beach houses,GEONOUN,locale,geonouns; case_insensitive; generated inflection
beach ridge,GEONOUN,locale,geonouns; case_insensitive; curated
beach ridges,GEONOUN,locale,geonouns; case_insensitive; generated inflection
beaches,GEONOUN,locale,geonouns; case_insensitive; curated
beacheses,GEONOUN,locale,geonouns; case_insensitive; generated inflection
beachfront,GEONOUN,locale,geonouns; case_insensitive; curated
beachfronts,GEONOUN,locale,geonouns; case_insensitive; generated inflection
beacon,GEONOUN,locale,geonouns; case_insensitive; curated
beacons,GEONOUN,locale,geonouns; case_insensitive; generated inflection
beck,GEONOUN,locale,geonouns; case_insensitive; curated
becks,GEONOUN,locale,geonouns; case_insensitive; generated inflection
bed and breakfast,GEONOUN,locale,geonouns; case_insensitive; curated
bed and breakfasts,GEONOUN,locale,geonouns; case_insensitive; generated inflection
bed of flowers,GEONOUN,locale,geonouns; case_insensitive; curated
bed of flowerses,GEONOUN,locale,geonouns; case_insensitive; generated inflection
bed of roses,GEONOUN,locale,geonouns; case_insensitive; curated
bed of roseses,GEONOUN,locale,geonouns; case_insensitive; generated inflection
bed-and-breakfast,GEONOUN,locale,geonouns; case_insensitive; curated
bed-and-breakfasts,GEONOUN,locale,geonouns; case_insensitive; generated inflection
bedlam,GEONOUN,locale,geonouns; case_insensitive; curated
bedlams,GEONOUN,locale,geonouns; case_insensitive; generated inflection
bee house,GEONOUN,locale,geonouns; case_insensitive; curated
bee houses,GEONOUN,locale,geonouns; case_insensitive; generated inflection
beehive,GEONOUN,locale,geonouns; case_insensitive; curated
beehives,GEONOUN,locale,geonouns; case_insensitive; curated
beehiveses,GEONOUN,locale,geonouns; case_insensitive; generated inflection
beer garden,GEONOUN,locale,geonouns; case_insensitive; curated
beer gardens,GEONOUN,locale,geonouns; case_insensitive; generated inflection
belvedere,GEONOUN,locale,geonouns; case_insensitive; curated
belvederes,GEONOUN,locale,geonouns; case_insensitive; generated inflection
ben,GEONOUN,locale,geonouns; case_insensitive; curated
bench,GEONOUN,locale,geonouns; case_insensitive; curated
benches,GEONOUN,locale,geonouns; case_insensitive; generated inflection
bens,GEONOUN,locale,geonouns; case_insensitive; generated inflection
bergs,GEONOUN,locale,geonouns; case_insensitive; generated inflection
berm,GEONOUN,locale,geonouns; case_insensitive; curated
berms,GEONOUN,locale,geonouns; case_insensitive; generated inflection
bethel,GEONOUN,locale,geonouns; case_insensitive; curated
bethels,GEONOUN,locale,geonouns; case_insensitive; generated inflection
bight,GEONOUN,locale,geonouns; case_insensitive; curated
bights,GEONOUN,locale,geonouns; case_insensitive; curated
bightses,GEONOUN,locale,geonouns; case_insensitive; generated inflection
billabong,GEONOUN,locale,geonouns; case_insensitive; curated
billabongs,GEONOUN,locale,geonouns; case_insensitive; generated inflection
bioscope,GEONOUN,locale,geonouns; case_insensitive; curated
bioscopes,GEONOUN,locale,geonouns; case_insensitive; generated inflection
bird sanctuaries,GEONOUN,locale,geonouns; case_insensitive; generated inflection
bird sanctuary,GEONOUN,locale,geonouns; case_insensitive; curated
birthplace,GEONOUN,locale,geonouns; case_insensitive; curated
birthplaces,GEONOUN,locale,geonouns; case_insensitive; generated inflection
bistro,GEONOUN,locale,geonouns; case_insensitive; curated
bistros,GEONOUN,locale,geonouns; case_insensitive; generated inflection
bivouac,GEONOUN,locale,geonouns; case_insensitive; curated
bivouacs,GEONOUN,locale,geonouns; case_insensitive; generated inflection
blind corner,GEONOUN,locale,geonouns; case_insensitive; curated
blind corners,GEONOUN,locale,geonouns; case_insensitive; generated inflection
block,GEONOUN,locale,geonouns; case_insensitive; curated
blocks,GEONOUN,locale,geonouns; case_insensitive; generated inflection
blowhole,GEONOUN,locale,geonouns; case_insensitive; curated
blowholes,GEONOUN,locale,geonouns; case_insensitive; curated
blowholeses,GEONOUN,locale,geonouns; case_insensitive; generated inflection
blowout,GEONOUN,locale,geonouns; case_insensitive; curated
blowouts,GEONOUN,locale,geonouns; case_insensitive; curated
blowoutses,GEONOUN,locale,geonouns; case_insensitive; generated inflection
bluff,GEONOUN,locale,geonouns; case_insensitive; curated
bluffs,GEONOUN,locale,geonouns; case_insensitive; generated inflection
board,GEONOUN,locale,geonouns; case_insensitive; curated
boarding house,GEONOUN,locale,geonouns; case_insensitive; curated
boarding houses,GEONOUN,locale,geonouns; case_insensitive; generated inflection
boardinghouse,GEONOUN,locale,geonouns; case_insensitive; curated
boardinghouses,GEONOUN,locale,geonouns; case_insensitive; generated inflection
boardroom,GEONOUN,locale,geonouns; case_insensitive; curated
boardrooms,GEONOUN,locale,geonouns; case_insensitive; generated inflection
boards,GEONOUN,locale,geonouns; case_insensitive; generated inflection
boat,GEONOUN,locale,geonouns; case_insensitive; curated
boathouse,GEONOUN,locale,geonouns; case_insensitive; curated
boathouses,GEONOUN,locale,geonouns; case_insensitive; generated inflection
boats,GEONOUN,locale,geonouns; case_insensitive; generated inflection
boatyard,GEONOUN,locale,geonouns; case_insensitive; curated
boatyards,GEONOUN,locale,geonouns; case_insensitive; generated inflection
body of water,GEONOUN,locale,geonouns; case_insensitive; curated
body of waters,GEONOUN,locale,geonouns; case_insensitive; generated inflection
bog,GEONOUN,locale,geonouns; case_insensitive; curated
bogs,GEONOUN,locale,geonouns; case_insensitive; curated
bogses,GEONOUN,locale,geonouns; case_insensitive; generated inflection
bomb site,GEONOUN,locale,geonouns; case_insensitive; curated
bomb sites,GEONOUN,locale,geonouns; case_insensitive; generated inflection
bonanza,GEONOUN,locale,geonouns; case_insensitive; curated
bonanzas,GEONOUN,locale,geonouns; case_insensitive; generated inflection
booby hatch,GEONOUN,locale,geonouns; case_insensitive; curated
booby hatches,GEONOUN,locale,geonouns; case_insensitive; generated inflection
boom town,GEONOUN,locale,geonouns; case_insensitive; curated
boom towns,GEONOUN,locale,geonouns; case_insensitive; generated inflection
boondocks,GEONOUN,locale,geonouns; case_insensitive; curated
boondockses,GEONOUN,locale,geonouns; case_insensitive; generated inflection
booth,GEONOUN,locale,geonouns; case_insensitive; curated
booths,GEONOUN,locale,geonouns; case_insensitive; curated
boothses,GEONOUN,locale,geonouns; case_insensitive; generated inflection
bordello,GEONOUN,locale,geonouns; case_insensitive; curated
bordellos,GEONOUN,locale,geonouns; case_insensitive; generated inflection
border post,GEONOUN,locale,geonouns; case_insensitive; curated
border posts,GEONOUN,locale,geonouns; case_insensitive; generated inflection
borderland,GEONOUN,locale,geonouns; case_insensitive; curated
borderlands,GEONOUN,locale,geonouns; case_insensitive; generated inflection
borough,GEONOUN,locale,geonouns; case_insensitive; curated
boroughs,GEONOUN,locale,geonouns; case_insensitive; generated inflection
borrow pit,GEONOUN,locale,geonouns; case_insensitive; curated
borrow pits,GEONOUN,locale,geonouns; case_insensitive; generated inflection
boulder field,GEONOUN,locale,geonouns; case_insensitive; curated
boulder fields,GEONOUN,locale,geonouns; case_insensitive; generated inflection
boundary marker,GEONOUN,locale,geonouns; case_insensitive; curated
boundary markers,GEONOUN,locale,geonouns; case_insensitive; generated inflection
bowling alley,GEONOUN,locale,geonouns; case_insensitive; curated
bowling alleys,GEONOUN,locale,geonouns; case_insensitive; generated inflection
bowling greens,GEONOUN,locale,geonouns; case_insensitive; generated inflection
brae,GEONOUN,locale,geonouns; case_insensitive; curated
braes,GEONOUN,locale,geonouns; case_insensitive; generated inflection
branch,GEONOUN,locale,geonouns; case_insensitive; curated
branches,GEONOUN,locale,geonouns; case_insensitive; generated inflection
brasserie,GEONOUN,locale,geonouns; case_insensitive; curated
brasseries,GEONOUN,locale,geonouns; case_insensitive; generated inflection
breakwater,GEONOUN,locale,geonouns; case_insensitive; curated
breakwaters,GEONOUN,locale,geonouns; case_insensitive; generated inflection
breeding ground,GEONOUN,locale,geonouns; case_insensitive; curated
breeding grounds,GEONOUN,locale,geonouns; case_insensitive; generated inflection
breweries,GEONOUN,locale,geonouns; case_insensitive; generated inflection
brewery,GEONOUN,locale,geonouns; case_insensitive; curated
brewpub,GEONOUN,locale,geonouns; case_insensitive; curated
brewpubs,GEONOUN,locale,geonouns; case_insensitive; generated inflection
brick,GEONOUN,locale,geonouns; case_insensitive; curated
bricklaying,GEONOUN,locale,geonouns; case_insensitive; curated
bricklayings,GEONOUN,locale,geonouns; case_insensitive; generated inflection
bricks,GEONOUN,locale,geonouns; case_insensitive; curated
brickses,GEONOUN,locale,geonouns; case_insensitive; generated inflection
brickwork,GEONOUN,locale,geonouns; case_insensitive; curated
brickworks,GEONOUN,locale,geonouns; case_insensitive; curated
brickworkses,GEONOUN,locale,geonouns; case_insensitive; generated inflection
bridge,GEONOUN,locale,geonouns; case_insensitive; curated
bridges,GEONOUN,locale,geonouns; case_insensitive; curated
bridgeses,GEONOUN,locale,geonouns; case_insensitive; generated inflection
brinies,GEONOUN,locale,geonouns; case_insensitive; generated inflection
briny,GEONOUN,locale,geonouns; case_insensitive; curated
brook,GEONOUN,locale,geonouns; case_insensitive; curated
brooklet,GEONOUN,locale,geonouns; case_insensitive; curated
brooklets,GEONOUN,locale,geonouns; case_insensitive; generated inflection
brooks,GEONOUN,locale,geonouns; case_insensitive; generated inflection
broom,GEONOUN,locale,geonouns; case_insensitive; curated
brooms,GEONOUN,locale,geonouns; case_insensitive; generated inflection
brothel,GEONOUN,locale,geonouns; case_insensitive; curated
brothels,GEONOUN,locale,geonouns; case_insensitive; generated inflection
brow,GEONOUN,locale,geonouns; case_insensitive; curated
brownstone,GEONOUN,locale,geonouns; case_insensitive; curated
brownstones,GEONOUN,locale,geonouns; case_insensitive; curated
brownstoneses,GEONOUN,locale,geonouns; case_insensitive; generated inflection
brows,GEONOUN,locale,geonouns; case_insensitive; generated inflection
bucket shop,GEONOUN,locale,geonouns; case_insensitive; curated
bucket shops,GEONOUN,locale,geonouns; case_insensitive; generated inflection
buffer zone,GEONOUN,locale,geonouns; case_insensitive; curated
buffer zones,GEONOUN,locale,geonouns; case_insensitive; generated inflection
builder,GEONOUN,locale,geonouns; case_insensitive; curated
builders,GEONOUN,locale,geonouns; case_insensitive; curated
builderses,GEONOUN,locale,geonouns; case_insensitive; generated inflection
building,GEONOUN,locale,geonouns; case_insensitive; curated
building site,GEONOUN,locale,geonouns; case_insensitive; curated
building sites,GEONOUN,locale,geonouns; case_insensitive; generated inflection
buildings,GEONOUN,locale,geonouns; case_insensitive; curated
buildingses,GEONOUN,locale,geonouns; case_insensitive; generated inflection
built-up,GEONOUN,locale,geonouns; case_insensitive; curated
built-ups,GEONOUN,locale,geonouns; case_insensitive; generated inflection
bungalow,GEONOUN,locale,geonouns; case_insensitive; curated
bungalows,GEONOUN,locale,geonouns; case_insensitive; curated
bungalowses,GEONOUN,locale,geonouns; case_insensitive; generated inflection
burg,GEONOUN,locale,geonouns; case_insensitive; curated
burgs,GEONOUN,locale,geonouns; case_insensitive; generated inflection
burial cave,GEONOUN,locale,geonouns; case_insensitive; curated
burial caves,GEONOUN,locale,geonouns; case_insensitive; curated
burial caveses,GEONOUN,locale,geonouns; case_insensitive; generated inflection
burial chamber,GEONOUN,locale,geonouns; case_insensitive; curated
burial chambers,GEONOUN,locale,geonouns; case_insensitive; generated inflection
burial ground,GEONOUN,locale,geonouns; case_insensitive; curated
burial grounds,GEONOUN,locale,geonouns; case_insensitive; generated inflection
burial site,GEONOUN,locale,geonouns; case_insensitive; curated
burial sites,GEONOUN,locale,geonouns; case_insensitive; generated inflection
burial vault,GEONOUN,locale,geonouns; case_insensitive; curated
burial vaults,GEONOUN,locale,geonouns; case_insensitive; generated inflection
burn center,GEONOUN,locale,geonouns; case_insensitive; curated
burn centers,GEONOUN,locale,geonouns; case_insensitive; generated inflection
burrow,GEONOUN,locale,geonouns; case_insensitive; curated
burrows,GEONOUN,locale,geonouns; case_insensitive; generated inflection
burying ground,GEONOUN,locale,geonouns; case_insensitive; curated
burying grounds,GEONOUN,locale,geonouns; case_insensitive; generated inflection
bus station,GEONOUN,locale,geonouns; case_insensitive; curated
bus stations,GEONOUN,locale,geonouns; case_insensitive; generated inflection
bus stop,GEONOUN,locale,geonouns; case_insensitive; curated
bus stops,GEONOUN,locale,geonouns; case_insensitive; generated inflection
bush,GEONOUN,locale,geonouns; case_insensitive; curated
bushes,GEONOUN,locale,geonouns; case_insensitive; curated
busheses,GEONOUN,locale,geonouns; case_insensitive; generated inflection
business center,GEONOUN,locale,geonouns; case_insensitive; curated
business centers,GEONOUN,locale,geonouns; case_insensitive; generated inflection
butcheries,GEONOUN,locale,geonouns; case_insensitive; generated inflection
butchery,GEONOUN,locale,geonouns; case_insensitive; curated
butte,GEONOUN,locale,geonouns; case_insensitive; curated
butteries,GEONOUN,locale,geonouns; case_insensitive; generated inflection
buttery,GEONOUN,locale,geonouns; case_insensitive; curated
buttes,GEONOUN,locale,geonouns; case_insensitive; curated
butteses,GEONOUN,locale,geonouns; case_insensitive; generated inflection
buttress,GEONOUN,locale,geonouns; case_insensitive; curated
buttressed,GEONOUN,locale,geonouns; case_insensitive; curated
buttresseds,GEONOUN,locale,geonouns; case_insensitive; generated inflection
buttresses,GEONOUN,locale,geonouns; case_insensitive; curated
buttresseses,GEONOUN,locale,geonouns; case_insensitive; generated inflection
byre,GEONOUN,locale,geonouns; case_insensitive; curated
byres,GEONOUN,locale,geonouns; case_insensitive; generated inflection
cabin,GEONOUN,locale,geonouns; case_insensitive; curated
cabins,GEONOUN,locale,geonouns; case_insensitive; curated
cabinses,GEONOUN,locale,geonouns; case_insensitive; generated inflection
cafe,GEONOUN,locale,geonouns; case_insensitive; curated
cafes,GEONOUN,locale,geonouns; case_insensitive; generated inflection
cafeteria,GEONOUN,locale,geonouns; case_insensitive; curated
cafeterias,GEONOUN,locale,geonouns; case_insensitive; generated inflection
caff,GEONOUN,locale,geonouns; case_insensitive; curated
caffs,GEONOUN,locale,geonouns; case_insensitive; generated inflection
cage,GEONOUN,locale,geonouns; case_insensitive; curated
cages,GEONOUN,locale,geonouns; case_insensitive; curated
cageses,GEONOUN,locale,geonouns; case_insensitive; generated inflection
cairn,GEONOUN,locale,geonouns; case_insensitive; curated
cairns,GEONOUN,locale,geonouns; case_insensitive; generated inflection
caldera,GEONOUN,locale,geonouns; case_insensitive; curated
calderas,GEONOUN,locale,geonouns; case_insensitive; generated inflection
call center,GEONOUN,locale,geonouns; case_insensitive; curated
call centers,GEONOUN,locale,geonouns; case_insensitive; generated inflection
call centre,GEONOUN,locale,geonouns; case_insensitive; curated
call centres,GEONOUN,locale,geonouns; case_insensitive; generated inflection
camber,GEONOUN,locale,geonouns; case_insensitive; curated
cambers,GEONOUN,locale,geonouns; case_insensitive; generated inflection
camp,GEONOUN,locale,geonouns; case_insensitive; curated
campground,GEONOUN,locale,geonouns; case_insensitive; curated
campgrounds,GEONOUN,locale,geonouns; case_insensitive; generated inflection
camping area,GEONOUN,locale,geonouns; case_insensitive; curated
camping areas,GEONOUN,locale,geonouns; case_insensitive; generated inflection
camping ground,GEONOUN,locale,geonouns; case_insensitive; curated
camping grounds,GEONOUN,locale,geonouns; case_insensitive; generated inflection
camping site,GEONOUN,locale,geonouns; case_insensitive; curated
camping sites,GEONOUN,locale,geonouns; case_insensitive; generated inflection
campong,GEONOUN,locale,geonouns; case_insensitive; curated
campongs,GEONOUN,locale,geonouns; case_insensitive; generated inflection
camps,GEONOUN,locale,geonouns; case_insensitive; curated
campses,GEONOUN,locale,geonouns; case_insensitive; generated inflection
campsite,GEONOUN,locale,geonouns; case_insensitive; curated
campsites,GEONOUN,locale,geonouns; case_insensitive; generated inflection
campus,GEONOUN,locale,geonouns; case_insensitive; curated
campuses,GEONOUN,locale,geonouns; case_insensitive; generated inflection
canal,GEONOUN,locale,geonouns; case_insensitive; curated
canal bend,GEONOUN,locale,geonouns; case_insensitive; curated
canal bends,GEONOUN,locale,geonouns; case_insensitive; generated inflection
canal tunnel,GEONOUN,locale,geonouns; case_insensitive; curated
canal tunnels,GEONOUN,locale,geonouns; case_insensitive; generated inflection
canalized stream,GEONOUN,locale,geonouns; case_insensitive; curated
canalized streams,GEONOUN,locale,geonouns; case_insensitive; generated inflection
canals,GEONOUN,locale,geonouns; case_insensitive; generated inflection
canneries,GEONOUN,locale,geonouns; case_insensitive; generated inflection
cannery,GEONOUN,locale,geonouns; case_insensitive; curated
canon,GEONOUN,locale,geonouns; case_insensitive; curated
canons,GEONOUN,locale,geonouns; case_insensitive; generated inflection
cant,GEONOUN,locale,geonouns; case_insensitive; curated
canteen,GEONOUN,locale,geonouns; case_insensitive; curated
canteens,GEONOUN,locale,geonouns; case_insensitive; generated inflection
cants,GEONOUN,locale,geonouns; case_insensitive; generated inflection
canyon,GEONOUN,locale,geonouns; case_insensitive; curated
canyons,GEONOUN,locale,geonouns; case_insensitive; curated
canyonses,GEONOUN,locale,geonouns; case_insensitive; generated inflection
canyonside,GEONOUN,locale,geonouns; case_insensitive; curated
canyonsides,GEONOUN,locale,geonouns; case_insensitive; generated inflection
cape,GEONOUN,locale,geonouns; case_insensitive; curated
capes,GEONOUN,locale,geonouns; case_insensitive; generated inflection
capital,GEONOUN,locale,geonouns; case_insensitive; curated
capitals,GEONOUN,locale,geonouns; case_insensitive; generated inflection
capitol,GEONOUN,locale,geonouns; case_insensitive; curated
capitols,GEONOUN,locale,geonouns; case_insensitive; generated inflection
car park,GEONOUN,locale,geonouns; case_insensitive; curated
car parks,GEONOUN,locale,geonouns; case_insensitive; generated inflection
car port,GEONOUN,locale,geonouns; case_insensitive; curated
car ports,GEONOUN,locale,geonouns; case_insensitive; generated inflection
caravan inn,GEONOUN,locale,geonouns; case_insensitive; curated
caravan inns,GEONOUN,locale,geonouns; case_insensitive; generated inflection
caravan route,GEONOUN,locale,geonouns; case_insensitive; curated
caravan routes,GEONOUN,locale,geonouns; case_insensitive; generated inflection
caravansaries,GEONOUN,locale,geonouns; case_insensitive; generated inflection
caravansary,GEONOUN,locale,geonouns; case_insensitive; curated
caravanserai,GEONOUN,locale,geonouns; case_insensitive; curated
caravanserais,GEONOUN,locale,geonouns; case_insensitive; generated inflection
caribbean island,GEONOUN,locale,geonouns; case_insensitive; curated
caribbean islands,GEONOUN,locale,geonouns; case_insensitive; generated inflection
carpentries,GEONOUN,locale,geonouns; case_insensitive; generated inflection
carpentry,GEONOUN,locale,geonouns; case_insensitive; curated
carport,GEONOUN,locale,geonouns; case_insensitive; curated
carports,GEONOUN,locale,geonouns; case_insensitive; generated inflection
carrefour,GEONOUN,locale,geonouns; case_insensitive; curated
carrefours,GEONOUN,locale,geonouns; case_insensitive; generated inflection
carriage,GEONOUN,locale,geonouns; case_insensitive; curated
carriage house,GEONOUN,locale,geonouns; case_insensitive; curated
carriage houses,GEONOUN,locale,geonouns; case_insensitive; generated inflection
carriages,GEONOUN,locale,geonouns; case_insensitive; generated inflection
cascade,GEONOUN,locale,geonouns; case_insensitive; curated
cascades,GEONOUN,locale,geonouns; case_insensitive; generated inflection
casino,GEONOUN,locale,geonouns; case_insensitive; curated
casino-hotel,GEONOUN,locale,geonouns; case_insensitive; curated
casino-hotels,GEONOUN,locale,geonouns; case_insensitive; generated inflection
casinos,GEONOUN,locale,geonouns; case_insensitive; generated inflection
castle,GEONOUN,locale,geonouns; case_insensitive; curated
castles,GEONOUN,locale,geonouns; case_insensitive; curated
castleses,GEONOUN,locale,geonouns; case_insensitive; generated inflection
catacombs,GEONOUN,locale,geonouns; case_insensitive; curated
catacombses,GEONOUN,locale,geonouns; case_insensitive; generated inflection
cataract,GEONOUN,locale,geonouns; case_insensitive; curated
cataracts,GEONOUN,locale,geonouns; case_insensitive; generated inflection
catchment area,GEONOUN,locale,geonouns; case_insensitive; curated
catchment areas,GEONOUN,locale,geonouns; case_insensitive; generated inflection
catchment basin,GEONOUN,locale,geonouns; case_insensitive; curated
catchment basins,GEONOUN,locale,geonouns; case_insensitive; generated inflection
cathedral,GEONOUN,locale,geonouns; case_insensitive; curated
cathedrals,GEONOUN,locale,geonouns; case_insensitive; generated inflection
cathouse,GEONOUN,locale,geonouns; case_insensitive; curated
cathouses,GEONOUN,locale,geonouns; case_insensitive; generated inflection
cattle dipping tank,GEONOUN,locale,geonouns; case_insensitive; curated
cattle dipping tanks,GEONOUN,locale,geonouns; case_insensitive; generated inflection
causeway,GEONOUN,locale,geonouns; case_insensitive; curated
causeways,GEONOUN,locale,geonouns; case_insensitive; generated inflection
cave,GEONOUN,locale,geonouns; case_insensitive; curated
cavern,GEONOUN,locale,geonouns; case_insensitive; curated
caverns,GEONOUN,locale,geonouns; case_insensitive; generated inflection
caves,GEONOUN,locale,geonouns; case_insensitive; curated
caveses,GEONOUN,locale,geonouns; case_insensitive; generated inflection
cavities,GEONOUN,locale,geonouns; case_insensitive; generated inflection
cavity,GEONOUN,locale,geonouns; case_insensitive; curated
cay,GEONOUN,locale,geonouns; case_insensitive; curated
cays,GEONOUN,locale,geonouns; case_insensitive; generated inflection
ceiling,GEONOUN,locale,geonouns; case_insensitive; curated
ceilings,GEONOUN,locale,geonouns; case_insensitive; curated
ceilingses,GEONOUN,locale,geonouns; case_insensitive; generated inflection
cellar,GEONOUN,locale,geonouns; case_insensitive; curated
cellars,GEONOUN,locale,geonouns; case_insensitive; curated
cellarses,GEONOUN,locale,geonouns; case_insensitive; generated inflection
cemeteries,GEONOUN,locale,geonouns; case_insensitive; generated inflection
cemetery,GEONOUN,locale,geonouns; case_insensitive; curated
center field,GEONOUN,locale,geonouns; case_insensitive; curated
center fields,GEONOUN,locale,geonouns; case_insensitive; generated inflection
centerfield,GEONOUN,locale,geonouns; case_insensitive; curated
centerfields,GEONOUN,locale,geonouns; case_insensitive; generated inflection
centre continuous learning,GEONOUN,locale,geonouns; case_insensitive; curated
centre continuous learnings,GEONOUN,locale,geonouns; case_insensitive; generated inflection
chain,GEONOUN,locale,geonouns; case_insensitive; curated
chain of mountains,GEONOUN,locale,geonouns; case_insensitive; curated
chain of mountainses,GEONOUN,locale,geonouns; case_insensitive; generated inflection
chains,GEONOUN,locale,geonouns; case_insensitive; generated inflection
chalet,GEONOUN,locale,geonouns; case_insensitive; curated
chalets,GEONOUN,locale,geonouns; case_insensitive; curated
chaletses,GEONOUN,locale,geonouns; case_insensitive; generated inflection
chamber,GEONOUN,locale,geonouns; case_insensitive; curated
chambers,GEONOUN,locale,geonouns; case_insensitive; generated inflection
champaign,GEONOUN,locale,geonouns; case_insensitive; curated
champaigns,GEONOUN,locale,geonouns; case_insensitive; generated inflection
chancelleries,GEONOUN,locale,geonouns; case_insensitive; generated inflection
chancellery,GEONOUN,locale,geonouns; case_insensitive; curated
channel,GEONOUN,locale,geonouns; case_insensitive; curated
channels,GEONOUN,locale,geonouns; case_insensitive; generated inflection
chantries,GEONOUN,locale,geonouns; case_insensitive; generated inflection
chantry,GEONOUN,locale,geonouns; case_insensitive; curated
chapel,GEONOUN,locale,geonouns; case_insensitive; curated
chapels,GEONOUN,locale,geonouns; case_insensitive; generated inflection
chapterhouse,GEONOUN,locale,geonouns; case_insensitive; curated
chapterhouses,GEONOUN,locale,geonouns; case_insensitive; generated inflection
charnel,GEONOUN,locale,geonouns; case_insensitive; curated
charnel house,GEONOUN,locale,geonouns; case_insensitive; curated
charnel houses,GEONOUN,locale,geonouns; case_insensitive; generated inflection
charnels,GEONOUN,locale,geonouns; case_insensitive; generated inflection
charterhouse,GEONOUN,locale,geonouns; case_insensitive; curated
charterhouses,GEONOUN,locale,geonouns; case_insensitive; generated inflection
chateau,GEONOUN,locale,geonouns; case_insensitive; curated
chateaus,GEONOUN,locale,geonouns; case_insensitive; curated
chateauses,GEONOUN,locale,geonouns; case_insensitive; generated inflection
checkpoint,GEONOUN,locale,geonouns; case_insensitive; curated
checkpoints,GEONOUN,locale,geonouns; case_insensitive; generated inflection
chicken coop,GEONOUN,locale,geonouns; case_insensitive; curated
chicken coops,GEONOUN,locale,geonouns; case_insensitive; generated inflection
chimney,GEONOUN,locale,geonouns; case_insensitive; curated
chimneys,GEONOUN,locale,geonouns; case_insensitive; curated
chimneyses,GEONOUN,locale,geonouns; case_insensitive; generated inflection
chophouse,GEONOUN,locale,geonouns; case_insensitive; curated
chophouses,GEONOUN,locale,geonouns; case_insensitive; generated inflection
chrome mine,GEONOUN,locale,geonouns; case_insensitive; curated
chrome mines,GEONOUN,locale,geonouns; case_insensitive; curated
chrome mineses,GEONOUN,locale,geonouns; case_insensitive; generated inflection
chuckhole,GEONOUN,locale,geonouns; case_insensitive; curated
chuckholes,GEONOUN,locale,geonouns; case_insensitive; generated inflection
church,GEONOUN,locale,geonouns; case_insensitive; curated
church building,GEONOUN,locale,geonouns; case_insensitive; curated
church buildings,GEONOUN,locale,geonouns; case_insensitive; generated inflection
churches,GEONOUN,locale,geonouns; case_insensitive; generated inflection
churchyard,GEONOUN,locale,geonouns; case_insensitive; curated
churchyards,GEONOUN,locale,geonouns; case_insensitive; curated
churchyardses,GEONOUN,locale,geonouns; case_insensitive; generated inflection
cinema,GEONOUN,locale,geonouns; case_insensitive; curated
cinemas,GEONOUN,locale,geonouns; case_insensitive; generated inflection
cirque,GEONOUN,locale,geonouns; case_insensitive; curated
cirques,GEONOUN,locale,geonouns; case_insensitive; curated
cirqueses,GEONOUN,locale,geonouns; case_insensitive; generated inflection
cities,GEONOUN,locale,geonouns; case_insensitive; generated inflection
city,GEONOUN,locale,geonouns; case_insensitive; curated
city district,GEONOUN,locale,geonouns; case_insensitive; curated
city districts,GEONOUN,locale,geonouns; case_insensitive; generated inflection
city hall,GEONOUN,locale,geonouns; case_insensitive; curated
city halls,GEONOUN,locale,geonouns; case_insensitive; generated inflection
civic center,GEONOUN,locale,geonouns; case_insensitive; curated
civic centers,GEONOUN,locale,geonouns; case_insensitive; generated inflection
cladding,GEONOUN,locale,geonouns; case_insensitive; curated
claddings,GEONOUN,locale,geonouns; case_insensitive; generated inflection
classroom,GEONOUN,locale,geonouns; case_insensitive; curated
classrooms,GEONOUN,locale,geonouns; case_insensitive; generated inflection
cleft,GEONOUN,locale,geonouns; case_insensitive; curated
clefts,GEONOUN,locale,geonouns; case_insensitive; curated
cleftses,GEONOUN,locale,geonouns; case_insensitive; generated inflection
clerical administrative region,GEONOUN,locale,geonouns; case_insensitive; curated
clerical administrative regions,GEONOUN,locale,geonouns; case_insensitive; generated inflection
cliff,GEONOUN,locale,geonouns; case_insensitive; curated
cliffs,GEONOUN,locale,geonouns; case_insensitive; curated
cliffses,GEONOUN,locale,geonouns; case_insensitive; generated inflection
climatic zone,GEONOUN,locale,geonouns; case_insensitive; curated
climatic zones,GEONOUN,locale,geonouns; case_insensitive; generated inflection
clinic,GEONOUN,locale,geonouns; case_insensitive; curated
clinics,GEONOUN,locale,geonouns; case_insensitive; generated inflection
cloakroom,GEONOUN,locale,geonouns; case_insensitive; curated
cloakrooms,GEONOUN,locale,geonouns; case_insensitive; generated inflection
cloister,GEONOUN,locale,geonouns; case_insensitive; curated
cloisters,GEONOUN,locale,geonouns; case_insensitive; curated
cloisterses,GEONOUN,locale,geonouns; case_insensitive; generated inflection
cloverleaf,GEONOUN,locale,geonouns; case_insensitive; curated
cloverleafs,GEONOUN,locale,geonouns; case_insensitive; generated inflection
club,GEONOUN,locale,geonouns; case_insensitive; curated
clubhouse,GEONOUN,locale,geonouns; case_insensitive; curated
clubhouses,GEONOUN,locale,geonouns; case_insensitive; generated inflection
clubs,GEONOUN,locale,geonouns; case_insensitive; generated inflection
coach,GEONOUN,locale,geonouns; case_insensitive; curated
coach house,GEONOUN,locale,geonouns; case_insensitive; curated
coach houses,GEONOUN,locale,geonouns; case_insensitive; generated inflection
coaches,GEONOUN,locale,geonouns; case_insensitive; curated
coacheses,GEONOUN,locale,geonouns; case_insensitive; generated inflection
coal house,GEONOUN,locale,geonouns; case_insensitive; curated
coal houses,GEONOUN,locale,geonouns; case_insensitive; generated inflection
coal mine,GEONOUN,locale,geonouns; case_insensitive; curated
coal mines,GEONOUN,locale,geonouns; case_insensitive; curated
coal mineses,GEONOUN,locale,geonouns; case_insensitive; generated inflection
coalfield,GEONOUN,locale,geonouns; case_insensitive; curated
coalfields,GEONOUN,locale,geonouns; case_insensitive; generated inflection
coast,GEONOUN,locale,geonouns; case_insensitive; curated
coast guard station,GEONOUN,locale,geonouns; case_insensitive; curated
coast guard stations,GEONOUN,locale,geonouns; case_insensitive; generated inflection
coastal plain,GEONOUN,locale,geonouns; case_insensitive; curated
coastal plains,GEONOUN,locale,geonouns; case_insensitive; generated inflection
coasts,GEONOUN,locale,geonouns; case_insensitive; generated inflection
cobble,GEONOUN,locale,geonouns; case_insensitive; curated
cobbles,GEONOUN,locale,geonouns; case_insensitive; generated inflection
coconut grove,GEONOUN,locale,geonouns; case_insensitive; curated
coconut groves,GEONOUN,locale,geonouns; case_insensitive; generated inflection
coffee bar,GEONOUN,locale,geonouns; case_insensitive; curated
coffee bars,GEONOUN,locale,geonouns; case_insensitive; generated inflection
coffee shop,GEONOUN,locale,geonouns; case_insensitive; curated
coffee shops,GEONOUN,locale,geonouns; case_insensitive; generated inflection
coffeehouse,GEONOUN,locale,geonouns; case_insensitive; curated
coffeehouses,GEONOUN,locale,geonouns; case_insensitive; generated inflection
collector,GEONOUN,locale,geonouns; case_insensitive; curated
collectors,GEONOUN,locale,geonouns; case_insensitive; generated inflection
college,GEONOUN,locale,geonouns; case_insensitive; curated
colleges,GEONOUN,locale,geonouns; case_insensitive; generated inflection
colonies,GEONOUN,locale,geonouns; case_insensitive; generated inflection
colony,GEONOUN,locale,geonouns; case_insensitive; curated
columbarium,GEONOUN,locale,geonouns; case_insensitive; curated
columbariums,GEONOUN,locale,geonouns; case_insensitive; generated inflection
common land,GEONOUN,locale,geonouns; case_insensitive; curated
common lands,GEONOUN,locale,geonouns; case_insensitive; generated inflection
communication center,GEONOUN,locale,geonouns; case_insensitive; curated
communication centers,GEONOUN,locale,geonouns; case_insensitive; generated inflection
communities,GEONOUN,locale,geonouns; case_insensitive; generated inflection
community,GEONOUN,locale,geonouns; case_insensitive; curated
community center,GEONOUN,locale,geonouns; case_insensitive; curated
community centers,GEONOUN,locale,geonouns; case_insensitive; generated inflection
complex,GEONOUN,locale,geonouns; case_insensitive; curated
complexes,GEONOUN,locale,geonouns; case_insensitive; curated
complexeses,GEONOUN,locale,geonouns; case_insensitive; generated inflection
compound,GEONOUN,locale,geonouns; case_insensitive; curated
compounds,GEONOUN,locale,geonouns; case_insensitive; curated
compoundses,GEONOUN,locale,geonouns; case_insensitive; generated inflection
concentration camp,GEONOUN,locale,geonouns; case_insensitive; curated
concentration camps,GEONOUN,locale,geonouns; case_insensitive; curated
concentration campses,GEONOUN,locale,geonouns; case_insensitive; generated inflection
concession area,GEONOUN,locale,geonouns; case_insensitive; curated
concession areas,GEONOUN,locale,geonouns; case_insensitive; generated inflection
concourse,GEONOUN,locale,geonouns; case_insensitive; curated
concourses,GEONOUN,locale,geonouns; case_insensitive; generated inflection
condominium,GEONOUN,locale,geonouns; case_insensitive; curated
condominiums,GEONOUN,locale,geonouns; case_insensitive; curated
condominiumses,GEONOUN,locale,geonouns; case_insensitive; generated inflection
condos,GEONOUN,locale,geonouns; case_insensitive; curated
condoses,GEONOUN,locale,geonouns; case_insensitive; generated inflection
conduit,GEONOUN,locale,geonouns; case_insensitive; curated
conduits,GEONOUN,locale,geonouns; case_insensitive; generated inflection
cone,GEONOUN,locale,geonouns; case_insensitive; curated
cones,GEONOUN,locale,geonouns; case_insensitive; curated
coneses,GEONOUN,locale,geonouns; case_insensitive; generated inflection
conference center,GEONOUN,locale,geonouns; case_insensitive; curated
conference centers,GEONOUN,locale,geonouns; case_insensitive; generated inflection
conference house,GEONOUN,locale,geonouns; case_insensitive; curated
conference houses,GEONOUN,locale,geonouns; case_insensitive; generated inflection
confluence,GEONOUN,locale,geonouns; case_insensitive; curated
confluences,GEONOUN,locale,geonouns; case_insensitive; generated inflection
confluent,GEONOUN,locale,geonouns; case_insensitive; curated
confluents,GEONOUN,locale,geonouns; case_insensitive; generated inflection
conservatoire,GEONOUN,locale,geonouns; case_insensitive; curated
conservatoires,GEONOUN,locale,geonouns; case_insensitive; generated inflection
conservatories,GEONOUN,locale,geonouns; case_insensitive; generated inflection
conservatory,GEONOUN,locale,geonouns; case_insensitive; curated
construction,GEONOUN,locale,geonouns; case_insensitive; curated
constructions,GEONOUN,locale,geonouns; case_insensitive; curated
constructionses,GEONOUN,locale,geonouns; case_insensitive; generated inflection
consulate,GEONOUN,locale,geonouns; case_insensitive; curated
consulates,GEONOUN,locale,geonouns; case_insensitive; generated inflection
continent,GEONOUN,locale,geonouns; case_insensitive; curated
continental glacier,GEONOUN,locale,geonouns; case_insensitive; curated
continental glaciers,GEONOUN,locale,geonouns; case_insensitive; generated inflection
continental rise,GEONOUN,locale,geonouns; case_insensitive; curated
continental rises,GEONOUN,locale,geonouns; case_insensitive; generated inflection
continental shelf,GEONOUN,locale,geonouns; case_insensitive; curated
continental shelfs,GEONOUN,locale,geonouns; case_insensitive; generated inflection
continental slope,GEONOUN,locale,geonouns; case_insensitive; curated
continental slopes,GEONOUN,locale,geonouns; case_insensitive; generated inflection
continents,GEONOUN,locale,geonouns; case_insensitive; generated inflection
control center,GEONOUN,locale,geonouns; case_insensitive; curated
control centers,GEONOUN,locale,geonouns; case_insensitive; generated inflection
conurbation,GEONOUN,locale,geonouns; case_insensitive; curated
conurbations,GEONOUN,locale,geonouns; case_insensitive; generated inflection
convent,GEONOUN,locale,geonouns; case_insensitive; curated
conventicle,GEONOUN,locale,geonouns; case_insensitive; curated
conventicles,GEONOUN,locale,geonouns; case_insensitive; generated inflection
convents,GEONOUN,locale,geonouns; case_insensitive; generated inflection
coop,GEONOUN,locale,geonouns; case_insensitive; curated
coops,GEONOUN,locale,geonouns; case_insensitive; curated
coopses,GEONOUN,locale,geonouns; case_insensitive; generated inflection
copper mine,GEONOUN,locale,geonouns; case_insensitive; curated
copper mines,GEONOUN,locale,geonouns; case_insensitive; curated
copper mineses,GEONOUN,locale,geonouns; case_insensitive; generated inflection
copper works,GEONOUN,locale,geonouns; case_insensitive; curated
copper workses,GEONOUN,locale,geonouns; case_insensitive; generated inflection
coppice,GEONOUN,locale,geonouns; case_insensitive; curated
coppices,GEONOUN,locale,geonouns; case_insensitive; generated inflection
coral reef,GEONOUN,locale,geonouns; case_insensitive; curated
coral reefs,GEONOUN,locale,geonouns; case_insensitive; curated
coral reefses,GEONOUN,locale,geonouns; case_insensitive; generated inflection
cordillera,GEONOUN,locale,geonouns; case_insensitive; curated
cordilleras,GEONOUN,locale,geonouns; case_insensitive; generated inflection
corn field,GEONOUN,locale,geonouns; case_insensitive; curated
corn fields,GEONOUN,locale,geonouns; case_insensitive; generated inflection
corner,GEONOUN,locale,geonouns; case_insensitive; curated
corners,GEONOUN,locale,geonouns; case_insensitive; generated inflection
cornfield,GEONOUN,locale,geonouns; case_insensitive; curated
cornfields,GEONOUN,locale,geonouns; case_insensitive; generated inflection
corral,GEONOUN,locale,geonouns; case_insensitive; curated
corrals,GEONOUN,locale,geonouns; case_insensitive; curated
corralses,GEONOUN,locale,geonouns; case_insensitive; generated inflection
corridor,GEONOUN,locale,geonouns; case_insensitive; curated
corridors,GEONOUN,locale,geonouns; case_insensitive; curated
corridorses,GEONOUN,locale,geonouns; case_insensitive; generated inflection
corrie,GEONOUN,locale,geonouns; case_insensitive; curated
corries,GEONOUN,locale,geonouns; case_insensitive; generated inflection
cote,GEONOUN,locale,geonouns; case_insensitive; curated
cotes,GEONOUN,locale,geonouns; case_insensitive; generated inflection
cottage,GEONOUN,locale,geonouns; case_insensitive; curated
cottages,GEONOUN,locale,geonouns; case_insensitive; curated
cottageses,GEONOUN,locale,geonouns; case_insensitive; generated inflection
cotton plantation,GEONOUN,locale,geonouns; case_insensitive; curated
cotton plantations,GEONOUN,locale,geonouns; case_insensitive; generated inflection
council,GEONOUN,locale,geonouns; case_insensitive; curated
councils,GEONOUN,locale,geonouns; case_insensitive; generated inflection
counties,GEONOUN,locale,geonouns; case_insensitive; generated inflection
countries,GEONOUN,locale,geonouns; case_insensitive; generated inflection
country,GEONOUN,locale,geonouns; case_insensitive; curated
country house,GEONOUN,locale,geonouns; case_insensitive; curated
country houses,GEONOUN,locale,geonouns; case_insensitive; generated inflection
countryside,GEONOUN,locale,geonouns; case_insensitive; curated
countrysides,GEONOUN,locale,geonouns; case_insensitive; generated inflection
county,GEONOUN,locale,geonouns; case_insensitive; curated
court,GEONOUN,locale,geonouns; case_insensitive; curated
courthouse,GEONOUN,locale,geonouns; case_insensitive; curated
courthouses,GEONOUN,locale,geonouns; case_insensitive; curated
courthouseses,GEONOUN,locale,geonouns; case_insensitive; generated inflection
courts,GEONOUN,locale,geonouns; case_insensitive; generated inflection
courtyard,GEONOUN,locale,geonouns; case_insensitive; curated
courtyards,GEONOUN,locale,geonouns; case_insensitive; curated
courtyardses,GEONOUN,locale,geonouns; case_insensitive; generated inflection
cove,GEONOUN,locale,geonouns; case_insensitive; curated
coves,GEONOUN,locale,geonouns; case_insensitive; curated
coveses,GEONOUN,locale,geonouns; case_insensitive; generated inflection
cow barn,GEONOUN,locale,geonouns; case_insensitive; curated
cow barns,GEONOUN,locale,geonouns; case_insensitive; generated inflection
cow pasture,GEONOUN,locale,geonouns; case_insensitive; curated
cow pastures,GEONOUN,locale,geonouns; case_insensitive; generated inflection
cow town,GEONOUN,locale,geonouns; case_insensitive; curated
cow towns,GEONOUN,locale,geonouns; case_insensitive; generated inflection
cowbarn,GEONOUN,locale,geonouns; case_insensitive; curated
cowbarns,GEONOUN,locale,geonouns; case_insensitive; generated inflection
cowhouse,GEONOUN,locale,geonouns; case_insensitive; curated
cowhouses,GEONOUN,locale,geonouns; case_insensitive; generated inflection
cowshed,GEONOUN,locale,geonouns; case_insensitive; curated
cowsheds,GEONOUN,locale,geonouns; case_insensitive; generated inflection
cowtown,GEONOUN,locale,geonouns; case_insensitive; curated
cowtowns,GEONOUN,locale,geonouns; case_insensitive; generated inflection
crag,GEONOUN,locale,geonouns; case_insensitive; curated
crags,GEONOUN,locale,geonouns; case_insensitive; generated inflection
crater,GEONOUN,locale,geonouns; case_insensitive; curated
crater lake,GEONOUN,locale,geonouns; case_insensitive; curated
crater lakes,GEONOUN,locale,geonouns; case_insensitive; curated
crater lakeses,GEONOUN,locale,geonouns; case_insensitive; generated inflection
craters,GEONOUN,locale,geonouns; case_insensitive; curated
craterses,GEONOUN,locale,geonouns; case_insensitive; generated inflection
crazy house,GEONOUN,locale,geonouns; case_insensitive; curated
crazy houses,GEONOUN,locale,geonouns; case_insensitive; generated inflection
creche,GEONOUN,locale,geonouns; case_insensitive; curated
creches,GEONOUN,locale,geonouns; case_insensitive; generated inflection
creek,GEONOUN,locale,geonouns; case_insensitive; curated
creek bed,GEONOUN,locale,geonouns; case_insensitive; curated
creek beds,GEONOUN,locale,geonouns; case_insensitive; generated inflection
creeks,GEONOUN,locale,geonouns; case_insensitive; generated inflection
crematories,GEONOUN,locale,geonouns; case_insensitive; generated inflection
crematorium,GEONOUN,locale,geonouns; case_insensitive; curated
crematoriums,GEONOUN,locale,geonouns; case_insensitive; generated inflection
crematory,GEONOUN,locale,geonouns; case_insensitive; curated
crest,GEONOUN,locale,geonouns; case_insensitive; curated
crests,GEONOUN,locale,geonouns; case_insensitive; generated inflection
crossing,GEONOUN,locale,geonouns; case_insensitive; curated
crossings,GEONOUN,locale,geonouns; case_insensitive; generated inflection
crossroad,GEONOUN,locale,geonouns; case_insensitive; curated
crossroads,GEONOUN,locale,geonouns; case_insensitive; generated inflection
crossway,GEONOUN,locale,geonouns; case_insensitive; curated
crossways,GEONOUN,locale,geonouns; case_insensitive; generated inflection
crown,GEONOUN,locale,geonouns; case_insensitive; curated
crown colonies,GEONOUN,locale,geonouns; case_insensitive; generated inflection
crown colony,GEONOUN,locale,geonouns; case_insensitive; curated
crowns,GEONOUN,locale,geonouns; case_insensitive; generated inflection
crypt,GEONOUN,locale,geonouns; case_insensitive; curated
crypts,GEONOUN,locale,geonouns; case_insensitive; generated inflection
cubicles,GEONOUN,locale,geonouns; case_insensitive; curated
cubicleses,GEONOUN,locale,geonouns; case_insensitive; generated inflection
cuckoo's nest,GEONOUN,locale,geonouns; case_insensitive; curated
cuckoo's nests,GEONOUN,locale,geonouns; case_insensitive; generated inflection
cuesta,GEONOUN,locale,geonouns; case_insensitive; curated
cuestas,GEONOUN,locale,geonouns; case_insensitive; curated
cuestases,GEONOUN,locale,geonouns; case_insensitive; generated inflection
cultivated area,GEONOUN,locale,geonouns; case_insensitive; curated
cultivated areas,GEONOUN,locale,geonouns; case_insensitive; generated inflection
current,GEONOUN,locale,geonouns; case_insensitive; curated
currents,GEONOUN,locale,geonouns; case_insensitive; generated inflection
curtilage,GEONOUN,locale,geonouns; case_insensitive; curated
curtilages,GEONOUN,locale,geonouns; case_insensitive; generated inflection
customhouse,GEONOUN,locale,geonouns; case_insensitive; curated
customhouses,GEONOUN,locale,geonouns; case_insensitive; generated inflection
customs house,GEONOUN,locale,geonouns; case_insensitive; curated
customs houses,GEONOUN,locale,geonouns; case_insensitive; generated inflection
customs post,GEONOUN,locale,geonouns; case_insensitive; curated
customs posts,GEONOUN,locale,geonouns; case_insensitive; generated inflection
customshouse,GEONOUN,locale,geonouns; case_insensitive; curated
customshouses,GEONOUN,locale,geonouns; case_insensitive; generated inflection
cutoff,GEONOUN,locale,geonouns; case_insensitive; curated
cutoffs,GEONOUN,locale,geonouns; case_insensitive; generated inflection
cybercafe,GEONOUN,locale,geonouns; case_insensitive; curated
cybercafes,GEONOUN,locale,geonouns; case_insensitive; generated inflection
dacha,GEONOUN,locale,geonouns; case_insensitive; curated
dachas,GEONOUN,locale,geonouns; case_insensitive; generated inflection
dale,GEONOUN,locale,geonouns; case_insensitive; curated
dales,GEONOUN,locale,geonouns; case_insensitive; generated inflection
dam,GEONOUN,locale,geonouns; case_insensitive; curated
dams,GEONOUN,locale,geonouns; case_insensitive; curated
damses,GEONOUN,locale,geonouns; case_insensitive; generated inflection
dar al-harb,GEONOUN,locale,geonouns; case_insensitive; curated
dar al-harbs,GEONOUN,locale,geonouns; case_insensitive; generated inflection
dar al-islam,GEONOUN,locale,geonouns; case_insensitive; curated
dar al-islams,GEONOUN,locale,geonouns; case_insensitive; generated inflection
davy jones,GEONOUN,locale,geonouns; case_insensitive; curated
davy joneses,GEONOUN,locale,geonouns; case_insensitive; generated inflection
day camp,GEONOUN,locale,geonouns; case_insensitive; curated
day camps,GEONOUN,locale,geonouns; case_insensitive; generated inflection
day school,GEONOUN,locale,geonouns; case_insensitive; curated
day schools,GEONOUN,locale,geonouns; case_insensitive; generated inflection
dead drop,GEONOUN,locale,geonouns; case_insensitive; curated
dead drops,GEONOUN,locale,geonouns; case_insensitive; generated inflection
dead room,GEONOUN,locale,geonouns; case_insensitive; curated
dead rooms,GEONOUN,locale,geonouns; case_insensitive; generated inflection
deaneries,GEONOUN,locale,geonouns; case_insensitive; generated inflection
deanery,GEONOUN,locale,geonouns; case_insensitive; curated
declension,GEONOUN,locale,geonouns; case_insensitive; curated
declensions,GEONOUN,locale,geonouns; case_insensitive; generated inflection
declination,GEONOUN,locale,geonouns; case_insensitive; curated
declinations,GEONOUN,locale,geonouns; case_insensitive; generated inflection
decline,GEONOUN,locale,geonouns; case_insensitive; curated
declines,GEONOUN,locale,geonouns; case_insensitive; generated inflection
declivities,GEONOUN,locale,geonouns; case_insensitive; generated inflection
declivity,GEONOUN,locale,geonouns; case_insensitive; curated
deep end,GEONOUN,locale,geonouns; case_insensitive; curated
deep ends,GEONOUN,locale,geonouns; case_insensitive; generated inflection
dell,GEONOUN,locale,geonouns; case_insensitive; curated
dells,GEONOUN,locale,geonouns; case_insensitive; generated inflection
delta,GEONOUN,locale,geonouns; case_insensitive; curated
deltas,GEONOUN,locale,geonouns; case_insensitive; generated inflection
den,GEONOUN,locale,geonouns; case_insensitive; curated
dens,GEONOUN,locale,geonouns; case_insensitive; generated inflection
department,GEONOUN,locale,geonouns; case_insensitive; curated
departmental,GEONOUN,locale,geonouns; case_insensitive; curated
departmentals,GEONOUN,locale,geonouns; case_insensitive; generated inflection
departments,GEONOUN,locale,geonouns; case_insensitive; curated
departmentses,GEONOUN,locale,geonouns; case_insensitive; generated inflection
depression,GEONOUN,locale,geonouns; case_insensitive; curated
depressions,GEONOUN,locale,geonouns; case_insensitive; generated inflection
descent,GEONOUN,locale,geonouns; case_insensitive; curated
descents,GEONOUN,locale,geonouns; case_insensitive; generated inflection
desert,GEONOUN,locale,geonouns; case_insensitive; curated
deserts,GEONOUN,locale,geonouns; case_insensitive; generated inflection
destroyed populated place,GEONOUN,locale,geonouns; case_insensitive; curated
destroyed populated places,GEONOUN,locale,geonouns; case_insensitive; generated inflection
detached,GEONOUN,locale,geonouns; case_insensitive; curated
detached house,GEONOUN,locale,geonouns; case_insensitive; curated
detached houses,GEONOUN,locale,geonouns; case_insensitive; generated inflection
detacheds,GEONOUN,locale,geonouns; case_insensitive; generated inflection
detention basin,GEONOUN,locale,geonouns; case_insensitive; curated
detention basins,GEONOUN,locale,geonouns; case_insensitive; generated inflection
developer,GEONOUN,locale,geonouns; case_insensitive; curated
developers,GEONOUN,locale,geonouns; case_insensitive; curated
developerses,GEONOUN,locale,geonouns; case_insensitive; generated inflection
diamond,GEONOUN,locale,geonouns; case_insensitive; curated
diamonds,GEONOUN,locale,geonouns; case_insensitive; generated inflection
diapir,GEONOUN,locale,geonouns; case_insensitive; curated
diapirs,GEONOUN,locale,geonouns; case_insensitive; generated inflection
diatomite mine,GEONOUN,locale,geonouns; case_insensitive; curated
diatomite mines,GEONOUN,locale,geonouns; case_insensitive; generated inflection
digs,GEONOUN,locale,geonouns; case_insensitive; curated
digses,GEONOUN,locale,geonouns; case_insensitive; generated inflection
dike,GEONOUN,locale,geonouns; case_insensitive; curated
dikes,GEONOUN,locale,geonouns; case_insensitive; curated
dikeses,GEONOUN,locale,geonouns; case_insensitive; generated inflection
diner,GEONOUN,locale,geonouns; case_insensitive; curated
diners,GEONOUN,locale,geonouns; case_insensitive; generated inflection
dingle,GEONOUN,locale,geonouns; case_insensitive; curated
dingles,GEONOUN,locale,geonouns; case_insensitive; generated inflection
dinner theater,GEONOUN,locale,geonouns; case_insensitive; curated
dinner theaters,GEONOUN,locale,geonouns; case_insensitive; generated inflection
dinner theatre,GEONOUN,locale,geonouns; case_insensitive; curated
dinner theatres,GEONOUN,locale,geonouns; case_insensitive; generated inflection
diocese,GEONOUN,locale,geonouns; case_insensitive; curated
dioceses,GEONOUN,locale,geonouns; case_insensitive; generated inflection
diplomatic building,GEONOUN,locale,geonouns; case_insensitive; curated
diplomatic buildings,GEONOUN,locale,geonouns; case_insensitive; generated inflection
diplomatic facilities,GEONOUN,locale,geonouns; case_insensitive; generated inflection
diplomatic facility,GEONOUN,locale,geonouns; case_insensitive; curated
dispensaries,GEONOUN,locale,geonouns; case_insensitive; generated inflection
dispensary,GEONOUN,locale,geonouns; case_insensitive; curated
distributaries,GEONOUN,locale,geonouns; case_insensitive; curated
distributarieses,GEONOUN,locale,geonouns; case_insensitive; generated inflection
distributary,GEONOUN,locale,geonouns; case_insensitive; curated
district,GEONOUN,locale,geonouns; case_insensitive; curated
district water board,GEONOUN,locale,geonouns; case_insensitive; curated
district water boards,GEONOUN,locale,geonouns; case_insensitive; generated inflection
districts,GEONOUN,locale,geonouns; case_insensitive; generated inflection
ditch,GEONOUN,locale,geonouns; case_insensitive; curated
ditch mouth,GEONOUN,locale,geonouns; case_insensitive; curated
ditch mouths,GEONOUN,locale,geonouns; case_insensitive; curated
ditch mouthses,GEONOUN,locale,geonouns; case_insensitive; generated inflection
ditches,GEONOUN,locale,geonouns; case_insensitive; generated inflection
divide,GEONOUN,locale,geonouns; case_insensitive; curated
divides,GEONOUN,locale,geonouns; case_insensitive; generated inflection
division,GEONOUN,locale,geonouns; case_insensitive; curated
divisions,GEONOUN,locale,geonouns; case_insensitive; generated inflection
divot,GEONOUN,locale,geonouns; case_insensitive; curated
divots,GEONOUN,locale,geonouns; case_insensitive; generated inflection
dock,GEONOUN,locale,geonouns; case_insensitive; curated
docking basin,GEONOUN,locale,geonouns; case_insensitive; curated
docking basins,GEONOUN,locale,geonouns; case_insensitive; generated inflection
docks,GEONOUN,locale,geonouns; case_insensitive; curated
dockses,GEONOUN,locale,geonouns; case_insensitive; generated inflection
dockyard,GEONOUN,locale,geonouns; case_insensitive; curated
dockyards,GEONOUN,locale,geonouns; case_insensitive; generated inflection
dog house,GEONOUN,locale,geonouns; case_insensitive; curated
dog houses,GEONOUN,locale,geonouns; case_insensitive; generated inflection
doghouse,GEONOUN,locale,geonouns; case_insensitive; curated
doghouses,GEONOUN,locale,geonouns; case_insensitive; generated inflection
doll's house,GEONOUN,locale,geonouns; case_insensitive; curated
doll's houses,GEONOUN,locale,geonouns; case_insensitive; generated inflection
dollhouse,GEONOUN,locale,geonouns; case_insensitive; curated
dollhouses,GEONOUN,locale,geonouns; case_insensitive; generated inflection
dome,GEONOUN,locale,geonouns; case_insensitive; curated
domes,GEONOUN,locale,geonouns; case_insensitive; curated
domeses,GEONOUN,locale,geonouns; case_insensitive; generated inflection
doorsteps,GEONOUN,locale,geonouns; case_insensitive; curated
doorstepses,GEONOUN,locale,geonouns; case_insensitive; generated inflection
doorway,GEONOUN,locale,geonouns; case_insensitive; curated
doorways,GEONOUN,locale,geonouns; case_insensitive; curated
doorwayses,GEONOUN,locale,geonouns; case_insensitive; generated inflection
dooryard,GEONOUN,locale,geonouns; case_insensitive; curated
dooryards,GEONOUN,locale,geonouns; case_insensitive; generated inflection
dorm,GEONOUN,locale,geonouns; case_insensitive; curated
dormer,GEONOUN,locale,geonouns; case_insensitive; curated
dormers,GEONOUN,locale,geonouns; case_insensitive; generated inflection
dorming,GEONOUN,locale,geonouns; case_insensitive; curated
dormings,GEONOUN,locale,geonouns; case_insensitive; generated inflection
dormitories,GEONOUN,locale,geonouns; case_insensitive; curated
dormitorieses,GEONOUN,locale,geonouns; case_insensitive; generated inflection
dormitory,GEONOUN,locale,geonouns; case_insensitive; curated
dorms,GEONOUN,locale,geonouns; case_insensitive; curated
dormses,GEONOUN,locale,geonouns; case_insensitive; generated inflection
dosshouse,GEONOUN,locale,geonouns; case_insensitive; curated
dosshouses,GEONOUN,locale,geonouns; case_insensitive; generated inflection
downhill,GEONOUN,locale,geonouns; case_insensitive; curated
downhills,GEONOUN,locale,geonouns; case_insensitive; generated inflection
downslope,GEONOUN,locale,geonouns; case_insensitive; curated
downslopes,GEONOUN,locale,geonouns; case_insensitive; generated inflection
downstairs,GEONOUN,locale,geonouns; case_insensitive; curated
downstairses,GEONOUN,locale,geonouns; case_insensitive; generated inflection
drainage area,GEONOUN,locale,geonouns; case_insensitive; curated
drainage areas,GEONOUN,locale,geonouns; case_insensitive; generated inflection
drainage basin,GEONOUN,locale,geonouns; case_insensitive; curated
drainage basins,GEONOUN,locale,geonouns; case_insensitive; generated inflection
drainage canal,GEONOUN,locale,geonouns; case_insensitive; curated
drainage canals,GEONOUN,locale,geonouns; case_insensitive; generated inflection
drainage ditch,GEONOUN,locale,geonouns; case_insensitive; curated
drainage ditches,GEONOUN,locale,geonouns; case_insensitive; generated inflection
drainpipe,GEONOUN,locale,geonouns; case_insensitive; curated
drainpipes,GEONOUN,locale,geonouns; case_insensitive; generated inflection
driving school,GEONOUN,locale,geonouns; case_insensitive; curated
driving schools,GEONOUN,locale,geonouns; case_insensitive; generated inflection
drop-off,GEONOUN,locale,geonouns; case_insensitive; curated
drop-offs,GEONOUN,locale,geonouns; case_insensitive; generated inflection
dry dock,GEONOUN,locale,geonouns; case_insensitive; curated
dry docks,GEONOUN,locale,geonouns; case_insensitive; generated inflection
dry land,GEONOUN,locale,geonouns; case_insensitive; curated
dry lands,GEONOUN,locale,geonouns; case_insensitive; generated inflection
dry stream bed,GEONOUN,locale,geonouns; case_insensitive; curated
dry stream beds,GEONOUN,locale,geonouns; case_insensitive; generated inflection
ducts,GEONOUN,locale,geonouns; case_insensitive; curated
ductses,GEONOUN,locale,geonouns; case_insensitive; generated inflection
dude ranch,GEONOUN,locale,geonouns; case_insensitive; curated
dude ranches,GEONOUN,locale,geonouns; case_insensitive; generated inflection
dump,GEONOUN,locale,geonouns; case_insensitive; curated
dumps,GEONOUN,locale,geonouns; case_insensitive; generated inflection
dumpsite,GEONOUN,locale,geonouns; case_insensitive; curated
dumpsites,GEONOUN,locale,geonouns; case_insensitive; generated inflection
dune,GEONOUN,locale,geonouns; case_insensitive; curated
dunes,GEONOUN,locale,geonouns; case_insensitive; curated
duneses,GEONOUN,locale,geonouns; case_insensitive; generated inflection
duomo,GEONOUN,locale,geonouns; case_insensitive; curated
duomos,GEONOUN,locale,geonouns; case_insensitive; generated inflection
duplex,GEONOUN,locale,geonouns; case_insensitive; curated
duplex house,GEONOUN,locale,geonouns; case_insensitive; curated
duplex houses,GEONOUN,locale,geonouns; case_insensitive; generated inflection
duplexes,GEONOUN,locale,geonouns; case_insensitive; generated inflection
dust bowl,GEONOUN,locale,geonouns; case_insensitive; curated
dust bowls,GEONOUN,locale,geonouns; case_insensitive; generated inflection
dyke,GEONOUN,locale,geonouns; case_insensitive; curated
dykes,GEONOUN,locale,geonouns; case_insensitive; curated
dykeses,GEONOUN,locale,geonouns; case_insensitive; generated inflection
earth,GEONOUN,locale,geonouns; case_insensitive; curated
earth-closet,GEONOUN,locale,geonouns; case_insensitive; curated
earth-closets,GEONOUN,locale,geonouns; case_insensitive; generated inflection
earths,GEONOUN,locale,geonouns; case_insensitive; generated inflection
earthworks,GEONOUN,locale,geonouns; case_insensitive; curated
earthworkses,GEONOUN,locale,geonouns; case_insensitive; generated inflection
eastern hemisphere,GEONOUN,locale,geonouns; case_insensitive; curated
eastern hemispheres,GEONOUN,locale,geonouns; case_insensitive; generated inflection
eateries,GEONOUN,locale,geonouns; case_insensitive; generated inflection
eatery,GEONOUN,locale,geonouns; case_insensitive; curated
eating house,GEONOUN,locale,geonouns; case_insensitive; curated
eating houses,GEONOUN,locale,geonouns; case_insensitive; generated inflection
eating place,GEONOUN,locale,geonouns; case_insensitive; curated
eating places,GEONOUN,locale,geonouns; case_insensitive; generated inflection
edge,GEONOUN,locale,geonouns; case_insensitive; curated
edges,GEONOUN,locale,geonouns; case_insensitive; generated inflection
edifice,GEONOUN,locale,geonouns; case_insensitive; curated
edifices,GEONOUN,locale,geonouns; case_insensitive; generated inflection
eitchen midden,GEONOUN,locale,geonouns; case_insensitive; curated
eitchen middens,GEONOUN,locale,geonouns; case_insensitive; generated inflection
elevation,GEONOUN,locale,geonouns; case_insensitive; curated
elevations,GEONOUN,locale,geonouns; case_insensitive; generated inflection
elevator,GEONOUN,locale,geonouns; case_insensitive; curated
elevators,GEONOUN,locale,geonouns; case_insensitive; curated
elevatorses,GEONOUN,locale,geonouns; case_insensitive; generated inflection
embassies,GEONOUN,locale,geonouns; case_insensitive; generated inflection
embassy,GEONOUN,locale,geonouns; case_insensitive; curated
embayment,GEONOUN,locale,geonouns; case_insensitive; curated
embayments,GEONOUN,locale,geonouns; case_insensitive; generated inflection
encampment,GEONOUN,locale,geonouns; case_insensitive; curated
encampments,GEONOUN,locale,geonouns; case_insensitive; generated inflection
entrance,GEONOUN,locale,geonouns; case_insensitive; curated
entrances,GEONOUN,locale,geonouns; case_insensitive; generated inflection
environment,GEONOUN,locale,geonouns; case_insensitive; curated
environments,GEONOUN,locale,geonouns; case_insensitive; generated inflection
environs,GEONOUN,locale,geonouns; case_insensitive; curated
environses,GEONOUN,locale,geonouns; case_insensitive; generated inflection
erector,GEONOUN,locale,geonouns; case_insensitive; curated
erectors,GEONOUN,locale,geonouns; case_insensitive; generated inflection
escarpment,GEONOUN,locale,geonouns; case_insensitive; curated
escarpments,GEONOUN,locale,geonouns; case_insensitive; generated inflection
esker,GEONOUN,locale,geonouns; case_insensitive; curated
eskers,GEONOUN,locale,geonouns; case_insensitive; generated inflection
espresso shop,GEONOUN,locale,geonouns; case_insensitive; curated
espresso shops,GEONOUN,locale,geonouns; case_insensitive; generated inflection
estaminet,GEONOUN,locale,geonouns; case_insensitive; curated
estaminets,GEONOUN,locale,geonouns; case_insensitive; generated inflection
estate,GEONOUN,locale,geonouns; case_insensitive; curated
estates,GEONOUN,locale,geonouns; case_insensitive; curated
estateses,GEONOUN,locale,geonouns; case_insensitive; generated inflection
estuaries,GEONOUN,locale,geonouns; case_insensitive; generated inflection
estuary,GEONOUN,locale,geonouns; case_insensitive; curated
excavation,GEONOUN,locale,geonouns; case_insensitive; curated
excavations,GEONOUN,locale,geonouns; case_insensitive; generated inflection
experiment station,GEONOUN,locale,geonouns; case_insensitive; curated
experiment stations,GEONOUN,locale,geonouns; case_insensitive; generated inflection
extension,GEONOUN,locale,geonouns; case_insensitive; curated
extensions,GEONOUN,locale,geonouns; case_insensitive; curated
extensionses,GEONOUN,locale,geonouns; case_insensitive; generated inflection
eyrie,GEONOUN,locale,geonouns; case_insensitive; curated
eyries,GEONOUN,locale,geonouns; case_insensitive; generated inflection
eyry,GEONOUN,locale,geonouns; case_insensitive; curated
facade,GEONOUN,locale,geonouns; case_insensitive; curated
facades,GEONOUN,locale,geonouns; case_insensitive; curated
facadeses,GEONOUN,locale,geonouns; case_insensitive; generated inflection
facilities,GEONOUN,locale,geonouns; case_insensitive; curated
facilitieses,GEONOUN,locale,geonouns; case_insensitive; generated inflection
facility,GEONOUN,locale,geonouns; case_insensitive; curated
facility center,GEONOUN,locale,geonouns; case_insensitive; curated
facility centers,GEONOUN,locale,geonouns; case_insensitive; generated inflection
factories,GEONOUN,locale,geonouns; case_insensitive; generated inflection
factory,GEONOUN,locale,geonouns; case_insensitive; curated
fairground,GEONOUN,locale,geonouns; case_insensitive; curated
fairgrounds,GEONOUN,locale,geonouns; case_insensitive; generated inflection
fairway,GEONOUN,locale,geonouns; case_insensitive; curated
fairways,GEONOUN,locale,geonouns; case_insensitive; generated inflection
fall,GEONOUN,locale,geonouns; case_insensitive; curated
falls,GEONOUN,locale,geonouns; case_insensitive; curated
fallses,GEONOUN,locale,geonouns; case_insensitive; generated inflection
fans,GEONOUN,locale,geonouns; case_insensitive; curated
fanses,GEONOUN,locale,geonouns; case_insensitive; generated inflection
farm,GEONOUN,locale,geonouns; case_insensitive; curated
farm building,GEONOUN,locale,geonouns; case_insensitive; curated
farm buildings,GEONOUN,locale,geonouns; case_insensitive; generated inflection
farm village,GEONOUN,locale,geonouns; case_insensitive; curated
farm villages,GEONOUN,locale,geonouns; case_insensitive; generated inflection
farmhouse,GEONOUN,locale,geonouns; case_insensitive; curated
farmhouses,GEONOUN,locale,geonouns; case_insensitive; generated inflection
farming area,GEONOUN,locale,geonouns; case_insensitive; curated
farming areas,GEONOUN,locale,geonouns; case_insensitive; generated inflection
farmland,GEONOUN,locale,geonouns; case_insensitive; curated
farmlands,GEONOUN,locale,geonouns; case_insensitive; generated inflection
farms,GEONOUN,locale,geonouns; case_insensitive; curated
farmses,GEONOUN,locale,geonouns; case_insensitive; generated inflection
farmstead,GEONOUN,locale,geonouns; case_insensitive; curated
farmsteads,GEONOUN,locale,geonouns; case_insensitive; generated inflection
feeder,GEONOUN,locale,geonouns; case_insensitive; curated
feeders,GEONOUN,locale,geonouns; case_insensitive; generated inflection
feedlot,GEONOUN,locale,geonouns; case_insensitive; curated
feedlots,GEONOUN,locale,geonouns; case_insensitive; generated inflection
fell,GEONOUN,locale,geonouns; case_insensitive; curated
fells,GEONOUN,locale,geonouns; case_insensitive; generated inflection
fence,GEONOUN,locale,geonouns; case_insensitive; curated
fences,GEONOUN,locale,geonouns; case_insensitive; generated inflection
ferries,GEONOUN,locale,geonouns; case_insensitive; generated inflection
ferry,GEONOUN,locale,geonouns; case_insensitive; curated
ferry terminal,GEONOUN,locale,geonouns; case_insensitive; curated
ferry terminals,GEONOUN,locale,geonouns; case_insensitive; generated inflection
field,GEONOUN,locale,geonouns; case_insensitive; curated
field hospital,GEONOUN,locale,geonouns; case_insensitive; curated
field hospitals,GEONOUN,locale,geonouns; case_insensitive; generated inflection
field house,GEONOUN,locale,geonouns; case_insensitive; curated
field houses,GEONOUN,locale,geonouns; case_insensitive; generated inflection
field of battle,GEONOUN,locale,geonouns; case_insensitive; curated
field of battles,GEONOUN,locale,geonouns; case_insensitive; generated inflection
field of fire,GEONOUN,locale,geonouns; case_insensitive; curated
field of fires,GEONOUN,locale,geonouns; case_insensitive; generated inflection
field of honor,GEONOUN,locale,geonouns; case_insensitive; curated
field of honors,GEONOUN,locale,geonouns; case_insensitive; generated inflection
fields,GEONOUN,locale,geonouns; case_insensitive; curated
fieldses,GEONOUN,locale,geonouns; case_insensitive; generated inflection
fiord,GEONOUN,locale,geonouns; case_insensitive; curated
fiords,GEONOUN,locale,geonouns; case_insensitive; generated inflection
fire pit,GEONOUN,locale,geonouns; case_insensitive; curated
fire pits,GEONOUN,locale,geonouns; case_insensitive; generated inflection
firebreak,GEONOUN,locale,geonouns; case_insensitive; curated
firebreaks,GEONOUN,locale,geonouns; case_insensitive; generated inflection
fireguard,GEONOUN,locale,geonouns; case_insensitive; curated
fireguards,GEONOUN,locale,geonouns; case_insensitive; generated inflection
firetrap,GEONOUN,locale,geonouns; case_insensitive; curated
firetraps,GEONOUN,locale,geonouns; case_insensitive; generated inflection
first-floor,GEONOUN,locale,geonouns; case_insensitive; curated
first-floors,GEONOUN,locale,geonouns; case_insensitive; generated inflection
firth,GEONOUN,locale,geonouns; case_insensitive; curated
firths,GEONOUN,locale,geonouns; case_insensitive; generated inflection
fishing area,GEONOUN,locale,geonouns; case_insensitive; curated
fishing areas,GEONOUN,locale,geonouns; case_insensitive; generated inflection
fishpond,GEONOUN,locale,geonouns; case_insensitive; curated
fishponds,GEONOUN,locale,geonouns; case_insensitive; curated
fishpondses,GEONOUN,locale,geonouns; case_insensitive; generated inflection
fissure,GEONOUN,locale,geonouns; case_insensitive; curated
fissures,GEONOUN,locale,geonouns; case_insensitive; generated inflection
fjord,GEONOUN,locale,geonouns; case_insensitive; curated
fjords,GEONOUN,locale,geonouns; case_insensitive; curated
fjordses,GEONOUN,locale,geonouns; case_insensitive; generated inflection
flagstone,GEONOUN,locale,geonouns; case_insensitive; curated
flagstones,GEONOUN,locale,geonouns; case_insensitive; curated
flagstoneses,GEONOUN,locale,geonouns; case_insensitive; generated inflection
flashpoint,GEONOUN,locale,geonouns; case_insensitive; curated
flashpoints,GEONOUN,locale,geonouns; case_insensitive; generated inflection
flat,GEONOUN,locale,geonouns; case_insensitive; curated
flatlet,GEONOUN,locale,geonouns; case_insensitive; curated
flatlets,GEONOUN,locale,geonouns; case_insensitive; generated inflection
flats,GEONOUN,locale,geonouns; case_insensitive; curated
flatses,GEONOUN,locale,geonouns; case_insensitive; generated inflection
fleabag,GEONOUN,locale,geonouns; case_insensitive; curated
fleabags,GEONOUN,locale,geonouns; case_insensitive; generated inflection
fleapit,GEONOUN,locale,geonouns; case_insensitive; curated
fleapits,GEONOUN,locale,geonouns; case_insensitive; generated inflection
floe,GEONOUN,locale,geonouns; case_insensitive; curated
floes,GEONOUN,locale,geonouns; case_insensitive; generated inflection
flood plain,GEONOUN,locale,geonouns; case_insensitive; curated
flood plains,GEONOUN,locale,geonouns; case_insensitive; generated inflection
floodgates,GEONOUN,locale,geonouns; case_insensitive; curated
floodgateses,GEONOUN,locale,geonouns; case_insensitive; generated inflection
floodplain,GEONOUN,locale,geonouns; case_insensitive; curated
floodplains,GEONOUN,locale,geonouns; case_insensitive; generated inflection
floorboards,GEONOUN,locale,geonouns; case_insensitive; curated
floorboardses,GEONOUN,locale,geonouns; case_insensitive; generated inflection
flophouse,GEONOUN,locale,geonouns; case_insensitive; curated
flophouses,GEONOUN,locale,geonouns; case_insensitive; generated inflection
florida key,GEONOUN,locale,geonouns; case_insensitive; curated
florida keys,GEONOUN,locale,geonouns; case_insensitive; generated inflection
flowage,GEONOUN,locale,geonouns; case_insensitive; curated
flowages,GEONOUN,locale,geonouns; case_insensitive; generated inflection
flower bed,GEONOUN,locale,geonouns; case_insensitive; curated
flower beds,GEONOUN,locale,geonouns; case_insensitive; generated inflection
flower garden,GEONOUN,locale,geonouns; case_insensitive; curated
flower gardens,GEONOUN,locale,geonouns; case_insensitive; generated inflection
flowerbed,GEONOUN,locale,geonouns; case_insensitive; curated
flowerbeds,GEONOUN,locale,geonouns; case_insensitive; generated inflection
flume,GEONOUN,locale,geonouns; case_insensitive; curated
flumes,GEONOUN,locale,geonouns; case_insensitive; generated inflection
folium,GEONOUN,locale,geonouns; case_insensitive; curated
foliums,GEONOUN,locale,geonouns; case_insensitive; generated inflection
foot,GEONOUN,locale,geonouns; case_insensitive; curated
football field,GEONOUN,locale,geonouns; case_insensitive; curated
football fields,GEONOUN,locale,geonouns; case_insensitive; generated inflection
foothill,GEONOUN,locale,geonouns; case_insensitive; curated
foothills,GEONOUN,locale,geonouns; case_insensitive; generated inflection
foots,GEONOUN,locale,geonouns; case_insensitive; generated inflection
ford,GEONOUN,locale,geonouns; case_insensitive; curated
fords,GEONOUN,locale,geonouns; case_insensitive; generated inflection
forecourt,GEONOUN,locale,geonouns; case_insensitive; curated
forecourts,GEONOUN,locale,geonouns; case_insensitive; generated inflection
foreland,GEONOUN,locale,geonouns; case_insensitive; curated
forelands,GEONOUN,locale,geonouns; case_insensitive; generated inflection
foreshore,GEONOUN,locale,geonouns; case_insensitive; curated
foreshores,GEONOUN,locale,geonouns; case_insensitive; generated inflection
forest,GEONOUN,locale,geonouns; case_insensitive; curated
forest reserve,GEONOUN,locale,geonouns; case_insensitive; curated
forest reserves,GEONOUN,locale,geonouns; case_insensitive; generated inflection
forest station,GEONOUN,locale,geonouns; case_insensitive; curated
forest stations,GEONOUN,locale,geonouns; case_insensitive; generated inflection
forests,GEONOUN,locale,geonouns; case_insensitive; curated
forestses,GEONOUN,locale,geonouns; case_insensitive; generated inflection
fork,GEONOUN,locale,geonouns; case_insensitive; curated
forks,GEONOUN,locale,geonouns; case_insensitive; curated
forkses,GEONOUN,locale,geonouns; case_insensitive; generated inflection
formal garden,GEONOUN,locale,geonouns; case_insensitive; curated
formal gardens,GEONOUN,locale,geonouns; case_insensitive; generated inflection
formation,GEONOUN,locale,geonouns; case_insensitive; curated
formations,GEONOUN,locale,geonouns; case_insensitive; generated inflection
former causeway,GEONOUN,locale,geonouns; case_insensitive; curated
former causeways,GEONOUN,locale,geonouns; case_insensitive; generated inflection
former inlet,GEONOUN,locale,geonouns; case_insensitive; curated
former inlets,GEONOUN,locale,geonouns; case_insensitive; generated inflection
former sugar mill,GEONOUN,locale,geonouns; case_insensitive; curated
former sugar mills,GEONOUN,locale,geonouns; case_insensitive; generated inflection
formicaries,GEONOUN,locale,geonouns; case_insensitive; generated inflection
formicary,GEONOUN,locale,geonouns; case_insensitive; curated
fort,GEONOUN,locale,geonouns; case_insensitive; curated
fortification,GEONOUN,locale,geonouns; case_insensitive; curated
fortifications,GEONOUN,locale,geonouns; case_insensitive; generated inflection
forts,GEONOUN,locale,geonouns; case_insensitive; curated
fortses,GEONOUN,locale,geonouns; case_insensitive; generated inflection
fossilized forest,GEONOUN,locale,geonouns; case_insensitive; curated
fossilized forests,GEONOUN,locale,geonouns; case_insensitive; generated inflection
foundling hospital,GEONOUN,locale,geonouns; case_insensitive; curated
foundling hospitals,GEONOUN,locale,geonouns; case_insensitive; generated inflection
foundries,GEONOUN,locale,geonouns; case_insensitive; generated inflection
foundry,GEONOUN,locale,geonouns; case_insensitive; curated
fountain,GEONOUN,locale,geonouns; case_insensitive; curated
fountain of youth,GEONOUN,locale,geonouns; case_insensitive; curated
fountain of youths,GEONOUN,locale,geonouns; case_insensitive; generated inflection
fountains,GEONOUN,locale,geonouns; case_insensitive; curated
fountainses,GEONOUN,locale,geonouns; case_insensitive; generated inflection
four-storey,GEONOUN,locale,geonouns; case_insensitive; curated
four-storeys,GEONOUN,locale,geonouns; case_insensitive; generated inflection
foyer,GEONOUN,locale,geonouns; case_insensitive; curated
foyers,GEONOUN,locale,geonouns; case_insensitive; generated inflection
fracture zone,GEONOUN,locale,geonouns; case_insensitive; curated
fracture zones,GEONOUN,locale,geonouns; case_insensitive; generated inflection
frat house,GEONOUN,locale,geonouns; case_insensitive; curated
frat houses,GEONOUN,locale,geonouns; case_insensitive; generated inflection
fraternity house,GEONOUN,locale,geonouns; case_insensitive; curated
fraternity houses,GEONOUN,locale,geonouns; case_insensitive; generated inflection
free house,GEONOUN,locale,geonouns; case_insensitive; curated
free houses,GEONOUN,locale,geonouns; case_insensitive; generated inflection
free trade zone,GEONOUN,locale,geonouns; case_insensitive; curated
free trade zones,GEONOUN,locale,geonouns; case_insensitive; generated inflection
freely associated state,GEONOUN,locale,geonouns; case_insensitive; curated
freely associated states,GEONOUN,locale,geonouns; case_insensitive; generated inflection
french localities,GEONOUN,locale,geonouns; case_insensitive; generated inflection
french locality,GEONOUN,locale,geonouns; case_insensitive; curated
french region,GEONOUN,locale,geonouns; case_insensitive; curated
french regions,GEONOUN,locale,geonouns; case_insensitive; generated inflection
friaries,GEONOUN,locale,geonouns; case_insensitive; generated inflection
friary,GEONOUN,locale,geonouns; case_insensitive; curated
frigid zone,GEONOUN,locale,geonouns; case_insensitive; curated
frigid zones,GEONOUN,locale,geonouns; case_insensitive; generated inflection
front yard,GEONOUN,locale,geonouns; case_insensitive; curated
front yards,GEONOUN,locale,geonouns; case_insensitive; generated inflection
frontage,GEONOUN,locale,geonouns; case_insensitive; curated
frontages,GEONOUN,locale,geonouns; case_insensitive; generated inflection
frontier,GEONOUN,locale,geonouns; case_insensitive; curated
frontiers,GEONOUN,locale,geonouns; case_insensitive; generated inflection
fuel depot,GEONOUN,locale,geonouns; case_insensitive; curated
fuel depots,GEONOUN,locale,geonouns; case_insensitive; generated inflection
funeral chapel,GEONOUN,locale,geonouns; case_insensitive; curated
funeral chapels,GEONOUN,locale,geonouns; case_insensitive; generated inflection
funeral church,GEONOUN,locale,geonouns; case_insensitive; curated
funeral churches,GEONOUN,locale,geonouns; case_insensitive; generated inflection
funeral home,GEONOUN,locale,geonouns; case_insensitive; curated
funeral homes,GEONOUN,locale,geonouns; case_insensitive; generated inflection
funeral parlor,GEONOUN,locale,geonouns; case_insensitive; curated
funeral parlors,GEONOUN,locale,geonouns; case_insensitive; generated inflection
funeral parlour,GEONOUN,locale,geonouns; case_insensitive; curated
funeral parlours,GEONOUN,locale,geonouns; case_insensitive; generated inflection
funeral-residence,GEONOUN,locale,geonouns; case_insensitive; curated
funeral-residences,GEONOUN,locale,geonouns; case_insensitive; generated inflection
funfair,GEONOUN,locale,geonouns; case_insensitive; curated
funfairs,GEONOUN,locale,geonouns; case_insensitive; generated inflection
funny farm,GEONOUN,locale,geonouns; case_insensitive; curated
funny farms,GEONOUN,locale,geonouns; case_insensitive; generated inflection
funny house,GEONOUN,locale,geonouns; case_insensitive; curated
funny houses,GEONOUN,locale,geonouns; case_insensitive; generated inflection
furrow,GEONOUN,locale,geonouns; case_insensitive; curated
furrows,GEONOUN,locale,geonouns; case_insensitive; generated inflection
gabled,GEONOUN,locale,geonouns; case_insensitive; curated
gableds,GEONOUN,locale,geonouns; case_insensitive; generated inflection
gambling casino,GEONOUN,locale,geonouns; case_insensitive; curated
gambling casinos,GEONOUN,locale,geonouns; case_insensitive; generated inflection
gambling den,GEONOUN,locale,geonouns; case_insensitive; curated
gambling dens,GEONOUN,locale,geonouns; case_insensitive; generated inflection
gambling hell,GEONOUN,locale,geonouns; case_insensitive; curated
gambling hells,GEONOUN,locale,geonouns; case_insensitive; generated inflection
gambling house,GEONOUN,locale,geonouns; case_insensitive; curated
gambling houses,GEONOUN,locale,geonouns; case_insensitive; generated inflection
gaming house,GEONOUN,locale,geonouns; case_insensitive; curated
gaming houses,GEONOUN,locale,geonouns; case_insensitive; generated inflection
gap,GEONOUN,locale,geonouns; case_insensitive; curated
gaps,GEONOUN,locale,geonouns; case_insensitive; generated inflection
garage,GEONOUN,locale,geonouns; case_insensitive; curated
garages,GEONOUN,locale,geonouns; case_insensitive; generated inflection
garbage dump,GEONOUN,locale,geonouns; case_insensitive; curated
garbage dumps,GEONOUN,locale,geonouns; case_insensitive; generated inflection
garbage heap,GEONOUN,locale,geonouns; case_insensitive; curated
garbage heaps,GEONOUN,locale,geonouns; case_insensitive; generated inflection
garden,GEONOUN,locale,geonouns; case_insensitive; curated
gardens,GEONOUN,locale,geonouns; case_insensitive; curated
gardenses,GEONOUN,locale,geonouns; case_insensitive; generated inflection
gargoyles,GEONOUN,locale,geonouns; case_insensitive; curated
gargoyleses,GEONOUN,locale,geonouns; case_insensitive; generated inflection
garret,GEONOUN,locale,geonouns; case_insensitive; curated
garrets,GEONOUN,locale,geonouns; case_insensitive; generated inflection
gas-oil separator plant,GEONOUN,locale,geonouns; case_insensitive; curated
gas-oil separator plants,GEONOUN,locale,geonouns; case_insensitive; generated inflection
gasfield,GEONOUN,locale,geonouns; case_insensitive; curated
gasfields,GEONOUN,locale,geonouns; case_insensitive; generated inflection
gatehouse,GEONOUN,locale,geonouns; case_insensitive; curated
gatehouses,GEONOUN,locale,geonouns; case_insensitive; generated inflection
gateway,GEONOUN,locale,geonouns; case_insensitive; curated
gateways,GEONOUN,locale,geonouns; case_insensitive; generated inflection
gazebo,GEONOUN,locale,geonouns; case_insensitive; curated
gazebos,GEONOUN,locale,geonouns; case_insensitive; generated inflection
geographic area,GEONOUN,locale,geonouns; case_insensitive; curated
geographic areas,GEONOUN,locale,geonouns; case_insensitive; generated inflection
geographic region,GEONOUN,locale,geonouns; case_insensitive; curated
geographic regions,GEONOUN,locale,geonouns; case_insensitive; generated inflection
geographical area,GEONOUN,locale,geonouns; case_insensitive; curated
geographical areas,GEONOUN,locale,geonouns; case_insensitive; generated inflection
geographical region,GEONOUN,locale,geonouns; case_insensitive; curated
geographical regions,GEONOUN,locale,geonouns; case_insensitive; generated inflection
geographical zone,GEONOUN,locale,geonouns; case_insensitive; curated
geographical zones,GEONOUN,locale,geonouns; case_insensitive; generated inflection
geological formation,GEONOUN,locale,geonouns; case_insensitive; curated
geological formations,GEONOUN,locale,geonouns; case_insensitive; generated inflection
geyser,GEONOUN,locale,geonouns; case_insensitive; curated
geysers,GEONOUN,locale,geonouns; case_insensitive; generated inflection
ghat,GEONOUN,locale,geonouns; case_insensitive; curated
ghats,GEONOUN,locale,geonouns; case_insensitive; generated inflection
ghetto,GEONOUN,locale,geonouns; case_insensitive; curated
ghettos,GEONOUN,locale,geonouns; case_insensitive; generated inflection
ghost town,GEONOUN,locale,geonouns; case_insensitive; curated
ghost towns,GEONOUN,locale,geonouns; case_insensitive; generated inflection
ghyll,GEONOUN,locale,geonouns; case_insensitive; curated
ghylls,GEONOUN,locale,geonouns; case_insensitive; generated inflection
gildhall,GEONOUN,locale,geonouns; case_insensitive; curated
gildhalls,GEONOUN,locale,geonouns; case_insensitive; generated inflection
gill,GEONOUN,locale,geonouns; case_insensitive; curated
gills,GEONOUN,locale,geonouns; case_insensitive; generated inflection
gin mill,GEONOUN,locale,geonouns; case_insensitive; curated
gin mills,GEONOUN,locale,geonouns; case_insensitive; generated inflection
girder,GEONOUN,locale,geonouns; case_insensitive; curated
girders,GEONOUN,locale,geonouns; case_insensitive; generated inflection
glacier,GEONOUN,locale,geonouns; case_insensitive; curated
glaciers,GEONOUN,locale,geonouns; case_insensitive; curated
glacierses,GEONOUN,locale,geonouns; case_insensitive; generated inflection
glade,GEONOUN,locale,geonouns; case_insensitive; curated
glades,GEONOUN,locale,geonouns; case_insensitive; generated inflection
glasshouse,GEONOUN,locale,geonouns; case_insensitive; curated
glasshouses,GEONOUN,locale,geonouns; case_insensitive; generated inflection
glazier,GEONOUN,locale,geonouns; case_insensitive; curated
glaziers,GEONOUN,locale,geonouns; case_insensitive; curated
glazierses,GEONOUN,locale,geonouns; case_insensitive; generated inflection
glebe house,GEONOUN,locale,geonouns; case_insensitive; curated
glebe houses,GEONOUN,locale,geonouns; case_insensitive; generated inflection
glen,GEONOUN,locale,geonouns; case_insensitive; curated
glens,GEONOUN,locale,geonouns; case_insensitive; generated inflection
god's acre,GEONOUN,locale,geonouns; case_insensitive; curated
god's acres,GEONOUN,locale,geonouns; case_insensitive; generated inflection
gold mine,GEONOUN,locale,geonouns; case_insensitive; curated
gold mines,GEONOUN,locale,geonouns; case_insensitive; curated
gold mineses,GEONOUN,locale,geonouns; case_insensitive; generated inflection
golf course,GEONOUN,locale,geonouns; case_insensitive; curated
golf courses,GEONOUN,locale,geonouns; case_insensitive; generated inflection
gopher hole,GEONOUN,locale,geonouns; case_insensitive; curated
gopher holes,GEONOUN,locale,geonouns; case_insensitive; generated inflection
gorge,GEONOUN,locale,geonouns; case_insensitive; curated
gorges,GEONOUN,locale,geonouns; case_insensitive; curated
gorgeses,GEONOUN,locale,geonouns; case_insensitive; generated inflection
gothic,GEONOUN,locale,geonouns; case_insensitive; curated
gothics,GEONOUN,locale,geonouns; case_insensitive; generated inflection
government building,GEONOUN,locale,geonouns; case_insensitive; curated
government buildings,GEONOUN,locale,geonouns; case_insensitive; generated inflection
governmental administrative region,GEONOUN,locale,geonouns; case_insensitive; curated
governmental administrative regions,GEONOUN,locale,geonouns; case_insensitive; generated inflection
grade crossing,GEONOUN,locale,geonouns; case_insensitive; curated
grade crossings,GEONOUN,locale,geonouns; case_insensitive; generated inflection
grain field,GEONOUN,locale,geonouns; case_insensitive; curated
grain fields,GEONOUN,locale,geonouns; case_insensitive; generated inflection
grainfield,GEONOUN,locale,geonouns; case_insensitive; curated
grainfields,GEONOUN,locale,geonouns; case_insensitive; generated inflection
grassland,GEONOUN,locale,geonouns; case_insensitive; curated
grasslands,GEONOUN,locale,geonouns; case_insensitive; generated inflection
grave,GEONOUN,locale,geonouns; case_insensitive; curated
gravel area,GEONOUN,locale,geonouns; case_insensitive; curated
gravel areas,GEONOUN,locale,geonouns; case_insensitive; generated inflection
graves,GEONOUN,locale,geonouns; case_insensitive; generated inflection
graveyard,GEONOUN,locale,geonouns; case_insensitive; curated
graveyards,GEONOUN,locale,geonouns; case_insensitive; generated inflection
grazing area,GEONOUN,locale,geonouns; case_insensitive; curated
grazing areas,GEONOUN,locale,geonouns; case_insensitive; generated inflection
grazing land,GEONOUN,locale,geonouns; case_insensitive; curated
grazing lands,GEONOUN,locale,geonouns; case_insensitive; generated inflection
greasy spoon,GEONOUN,locale,geonouns; case_insensitive; curated
greasy spoons,GEONOUN,locale,geonouns; case_insensitive; generated inflection
greenhouse,GEONOUN,locale,geonouns; case_insensitive; curated
greenhouses,GEONOUN,locale,geonouns; case_insensitive; generated inflection
greenwoods,GEONOUN,locale,geonouns; case_insensitive; generated inflection
gridiron,GEONOUN,locale,geonouns; case_insensitive; curated
gridirons,GEONOUN,locale,geonouns; case_insensitive; generated inflection
grill,GEONOUN,locale,geonouns; case_insensitive; curated
grillroom,GEONOUN,locale,geonouns; case_insensitive; curated
grillrooms,GEONOUN,locale,geonouns; case_insensitive; generated inflection
grills,GEONOUN,locale,geonouns; case_insensitive; generated inflection
grot,GEONOUN,locale,geonouns; case_insensitive; curated
grots,GEONOUN,locale,geonouns; case_insensitive; generated inflection
grotto,GEONOUN,locale,geonouns; case_insensitive; curated
grottos,GEONOUN,locale,geonouns; case_insensitive; generated inflection
ground,GEONOUN,locale,geonouns; case_insensitive; curated
ground zero,GEONOUN,locale,geonouns; case_insensitive; curated
ground zeros,GEONOUN,locale,geonouns; case_insensitive; generated inflection
grounds,GEONOUN,locale,geonouns; case_insensitive; curated
groundses,GEONOUN,locale,geonouns; case_insensitive; generated inflection
groundwater level,GEONOUN,locale,geonouns; case_insensitive; curated
groundwater levels,GEONOUN,locale,geonouns; case_insensitive; generated inflection
grove,GEONOUN,locale,geonouns; case_insensitive; curated
groves,GEONOUN,locale,geonouns; case_insensitive; generated inflection
growler,GEONOUN,locale,geonouns; case_insensitive; curated
growlers,GEONOUN,locale,geonouns; case_insensitive; generated inflection
guantanamo bay,GEONOUN,locale,geonouns; case_insensitive; curated
guantanamo bays,GEONOUN,locale,geonouns; case_insensitive; generated inflection
guest house,GEONOUN,locale,geonouns; case_insensitive; curated
guest houses,GEONOUN,locale,geonouns; case_insensitive; generated inflection
guesthouse,GEONOUN,locale,geonouns; case_insensitive; curated
guesthouses,GEONOUN,locale,geonouns; case_insensitive; generated inflection
guildhall,GEONOUN,locale,geonouns; case_insensitive; curated
guildhalls,GEONOUN,locale,geonouns; case_insensitive; generated inflection
gulch,GEONOUN,locale,geonouns; case_insensitive; curated
gulches,GEONOUN,locale,geonouns; case_insensitive; generated inflection
gulf,GEONOUN,locale,geonouns; case_insensitive; curated
gulfs,GEONOUN,locale,geonouns; case_insensitive; generated inflection
gullies,GEONOUN,locale,geonouns; case_insensitive; generated inflection
gully,GEONOUN,locale,geonouns; case_insensitive; curated
gut,GEONOUN,locale,geonouns; case_insensitive; curated
guts,GEONOUN,locale,geonouns; case_insensitive; generated inflection
gutter,GEONOUN,locale,geonouns; case_insensitive; curated
gutters,GEONOUN,locale,geonouns; case_insensitive; curated
gutterses,GEONOUN,locale,geonouns; case_insensitive; generated inflection
guyot,GEONOUN,locale,geonouns; case_insensitive; curated
guyots,GEONOUN,locale,geonouns; case_insensitive; curated
guyotses,GEONOUN,locale,geonouns; case_insensitive; generated inflection
habitat,GEONOUN,locale,geonouns; case_insensitive; curated
habitation,GEONOUN,locale,geonouns; case_insensitive; curated
habitations,GEONOUN,locale,geonouns; case_insensitive; generated inflection
habitats,GEONOUN,locale,geonouns; case_insensitive; generated inflection
hacienda,GEONOUN,locale,geonouns; case_insensitive; curated
haciendas,GEONOUN,locale,geonouns; case_insensitive; generated inflection
hall of fame,GEONOUN,locale,geonouns; case_insensitive; curated
hall of fames,GEONOUN,locale,geonouns; case_insensitive; generated inflection
hall of residence,GEONOUN,locale,geonouns; case_insensitive; curated
hall of residences,GEONOUN,locale,geonouns; case_insensitive; generated inflection
halls,GEONOUN,locale,geonouns; case_insensitive; curated
hallses,GEONOUN,locale,geonouns; case_insensitive; generated inflection
hallway,GEONOUN,locale,geonouns; case_insensitive; curated
hallways,GEONOUN,locale,geonouns; case_insensitive; curated
hallwayses,GEONOUN,locale,geonouns; case_insensitive; generated inflection
halting place,GEONOUN,locale,geonouns; case_insensitive; curated
halting places,GEONOUN,locale,geonouns; case_insensitive; generated inflection
hamlet,GEONOUN,locale,geonouns; case_insensitive; curated
hamlets,GEONOUN,locale,geonouns; case_insensitive; generated inflection
hammock,GEONOUN,locale,geonouns; case_insensitive; curated
hammocks,GEONOUN,locale,geonouns; case_insensitive; curated
hammockses,GEONOUN,locale,geonouns; case_insensitive; generated inflection
handball court,GEONOUN,locale,geonouns; case_insensitive; curated
handball courts,GEONOUN,locale,geonouns; case_insensitive; generated inflection
hanging valley,GEONOUN,locale,geonouns; case_insensitive; curated
hanging valleys,GEONOUN,locale,geonouns; case_insensitive; generated inflection
harbor,GEONOUN,locale,geonouns; case_insensitive; curated
harbors,GEONOUN,locale,geonouns; case_insensitive; curated
harborses,GEONOUN,locale,geonouns; case_insensitive; generated inflection
hash house,GEONOUN,locale,geonouns; case_insensitive; curated
hash houses,GEONOUN,locale,geonouns; case_insensitive; generated inflection
hatcheries,GEONOUN,locale,geonouns; case_insensitive; generated inflection
hatchery,GEONOUN,locale,geonouns; case_insensitive; curated
hayfield,GEONOUN,locale,geonouns; case_insensitive; curated
hayfields,GEONOUN,locale,geonouns; case_insensitive; generated inflection
headland,GEONOUN,locale,geonouns; case_insensitive; curated
headlands,GEONOUN,locale,geonouns; case_insensitive; generated inflection
headstream,GEONOUN,locale,geonouns; case_insensitive; curated
headstreams,GEONOUN,locale,geonouns; case_insensitive; generated inflection
headwaters,GEONOUN,locale,geonouns; case_insensitive; curated
headwaterses,GEONOUN,locale,geonouns; case_insensitive; generated inflection
health facilities,GEONOUN,locale,geonouns; case_insensitive; generated inflection
health facility,GEONOUN,locale,geonouns; case_insensitive; curated
healthcare facilities,GEONOUN,locale,geonouns; case_insensitive; generated inflection
healthcare facility,GEONOUN,locale,geonouns; case_insensitive; curated
heath,GEONOUN,locale,geonouns; case_insensitive; curated
heathland,GEONOUN,locale,geonouns; case_insensitive; curated
heathlands,GEONOUN,locale,geonouns; case_insensitive; generated inflection
heaths,GEONOUN,locale,geonouns; case_insensitive; generated inflection
heights,GEONOUN,locale,geonouns; case_insensitive; curated
heightses,GEONOUN,locale,geonouns; case_insensitive; generated inflection
heliport,GEONOUN,locale,geonouns; case_insensitive; curated
heliports,GEONOUN,locale,geonouns; case_insensitive; generated inflection
hemisphere,GEONOUN,locale,geonouns; case_insensitive; curated
hemispheres,GEONOUN,locale,geonouns; case_insensitive; generated inflection
hencoop,GEONOUN,locale,geonouns; case_insensitive; curated
hencoops,GEONOUN,locale,geonouns; case_insensitive; generated inflection
henhouse,GEONOUN,locale,geonouns; case_insensitive; curated
henhouses,GEONOUN,locale,geonouns; case_insensitive; generated inflection
herb garden,GEONOUN,locale,geonouns; case_insensitive; curated
herb gardens,GEONOUN,locale,geonouns; case_insensitive; generated inflection
hermitages,GEONOUN,locale,geonouns; case_insensitive; generated inflection
heronries,GEONOUN,locale,geonouns; case_insensitive; generated inflection
heronry,GEONOUN,locale,geonouns; case_insensitive; curated
hideaway,GEONOUN,locale,geonouns; case_insensitive; curated
hideaways,GEONOUN,locale,geonouns; case_insensitive; generated inflection
hideout,GEONOUN,locale,geonouns; case_insensitive; curated
hideouts,GEONOUN,locale,geonouns; case_insensitive; generated inflection
hiding place,GEONOUN,locale,geonouns; case_insensitive; curated
hiding places,GEONOUN,locale,geonouns; case_insensitive; generated inflection
high school,GEONOUN,locale,geonouns; case_insensitive; curated
high schools,GEONOUN,locale,geonouns; case_insensitive; generated inflection
high sea,GEONOUN,locale,geonouns; case_insensitive; curated
high seas,GEONOUN,locale,geonouns; case_insensitive; generated inflection
highlands,GEONOUN,locale,geonouns; case_insensitive; generated inflection
hill,GEONOUN,locale,geonouns; case_insensitive; curated
hillock,GEONOUN,locale,geonouns; case_insensitive; curated
hillocks,GEONOUN,locale,geonouns; case_insensitive; generated inflection
hills,GEONOUN,locale,geonouns; case_insensitive; curated
hillses,GEONOUN,locale,geonouns; case_insensitive; generated inflection
hillsides,GEONOUN,locale,geonouns; case_insensitive; generated inflection
hilltop,GEONOUN,locale,geonouns; case_insensitive; curated
hilltops,GEONOUN,locale,geonouns; case_insensitive; generated inflection
hinterland,GEONOUN,locale,geonouns; case_insensitive; curated
hinterlands,GEONOUN,locale,geonouns; case_insensitive; generated inflection
historic building,GEONOUN,locale,geonouns; case_insensitive; curated
historic buildings,GEONOUN,locale,geonouns; case_insensitive; generated inflection
historic place,GEONOUN,locale,geonouns; case_insensitive; curated
historic places,GEONOUN,locale,geonouns; case_insensitive; generated inflection
historical populated place,GEONOUN,locale,geonouns; case_insensitive; curated
historical populated places,GEONOUN,locale,geonouns; case_insensitive; generated inflection
historical region,GEONOUN,locale,geonouns; case_insensitive; curated
historical regions,GEONOUN,locale,geonouns; case_insensitive; generated inflection
historical site,GEONOUN,locale,geonouns; case_insensitive; curated
historical sites,GEONOUN,locale,geonouns; case_insensitive; generated inflection
hive,GEONOUN,locale,geonouns; case_insensitive; curated
hives,GEONOUN,locale,geonouns; case_insensitive; generated inflection
hogback,GEONOUN,locale,geonouns; case_insensitive; curated
hogbacks,GEONOUN,locale,geonouns; case_insensitive; generated inflection
hole,GEONOUN,locale,geonouns; case_insensitive; curated
hole-in-the-wall,GEONOUN,locale,geonouns; case_insensitive; curated
hole-in-the-walls,GEONOUN,locale,geonouns; case_insensitive; generated inflection
holes,GEONOUN,locale,geonouns; case_insensitive; generated inflection
holiday resort,GEONOUN,locale,geonouns; case_insensitive; curated
holiday resorts,GEONOUN,locale,geonouns; case_insensitive; generated inflection
holler,GEONOUN,locale,geonouns; case_insensitive; curated
hollers,GEONOUN,locale,geonouns; case_insensitive; generated inflection
hollow,GEONOUN,locale,geonouns; case_insensitive; curated
hollows,GEONOUN,locale,geonouns; case_insensitive; generated inflection
holy of holies,GEONOUN,locale,geonouns; case_insensitive; curated
holy of holieses,GEONOUN,locale,geonouns; case_insensitive; generated inflection
holy place,GEONOUN,locale,geonouns; case_insensitive; curated
holy places,GEONOUN,locale,geonouns; case_insensitive; generated inflection
home court,GEONOUN,locale,geonouns; case_insensitive; curated
home courts,GEONOUN,locale,geonouns; case_insensitive; generated inflection
home ground,GEONOUN,locale,geonouns; case_insensitive; curated
home grounds,GEONOUN,locale,geonouns; case_insensitive; generated inflection
home range,GEONOUN,locale,geonouns; case_insensitive; curated
home ranges,GEONOUN,locale,geonouns; case_insensitive; generated inflection
home territories,GEONOUN,locale,geonouns; case_insensitive; generated inflection
home territory,GEONOUN,locale,geonouns; case_insensitive; curated
home theater,GEONOUN,locale,geonouns; case_insensitive; curated
home theaters,GEONOUN,locale,geonouns; case_insensitive; generated inflection
home theatre,GEONOUN,locale,geonouns; case_insensitive; curated
home theatres,GEONOUN,locale,geonouns; case_insensitive; generated inflection
homebuilders,GEONOUN,locale,geonouns; case_insensitive; curated
homebuilderses,GEONOUN,locale,geonouns; case_insensitive; generated inflection
homestead,GEONOUN,locale,geonouns; case_insensitive; curated
homesteading,GEONOUN,locale,geonouns; case_insensitive; curated
homesteadings,GEONOUN,locale,geonouns; case_insensitive; generated inflection
homesteads,GEONOUN,locale,geonouns; case_insensitive; curated
homesteadses,GEONOUN,locale,geonouns; case_insensitive; generated inflection
hometown,GEONOUN,locale,geonouns; case_insensitive; curated
hometowns,GEONOUN,locale,geonouns; case_insensitive; generated inflection
honeymoon resort,GEONOUN,locale,geonouns; case_insensitive; curated
honeymoon resorts,GEONOUN,locale,geonouns; case_insensitive; generated inflection
hop field,GEONOUN,locale,geonouns; case_insensitive; curated
hop fields,GEONOUN,locale,geonouns; case_insensitive; generated inflection
hop garden,GEONOUN,locale,geonouns; case_insensitive; curated
hop gardens,GEONOUN,locale,geonouns; case_insensitive; generated inflection
horizon,GEONOUN,locale,geonouns; case_insensitive; curated
horizons,GEONOUN,locale,geonouns; case_insensitive; generated inflection
horse barn,GEONOUN,locale,geonouns; case_insensitive; curated
horse barns,GEONOUN,locale,geonouns; case_insensitive; generated inflection
horsepond,GEONOUN,locale,geonouns; case_insensitive; curated
horseponds,GEONOUN,locale,geonouns; case_insensitive; generated inflection
hospital,GEONOUN,locale,geonouns; case_insensitive; curated
hospitals,GEONOUN,locale,geonouns; case_insensitive; generated inflection
hostel,GEONOUN,locale,geonouns; case_insensitive; curated
hostelries,GEONOUN,locale,geonouns; case_insensitive; generated inflection
hostelry,GEONOUN,locale,geonouns; case_insensitive; curated
hostels,GEONOUN,locale,geonouns; case_insensitive; generated inflection
hot spot,GEONOUN,locale,geonouns; case_insensitive; curated
hot spots,GEONOUN,locale,geonouns; case_insensitive; generated inflection
hot spring,GEONOUN,locale,geonouns; case_insensitive; curated
hot springs,GEONOUN,locale,geonouns; case_insensitive; curated
hot springses,GEONOUN,locale,geonouns; case_insensitive; generated inflection
hotbed,GEONOUN,locale,geonouns; case_insensitive; curated
hotbeds,GEONOUN,locale,geonouns; case_insensitive; generated inflection
hotel,GEONOUN,locale,geonouns; case_insensitive; curated
hotel-casino,GEONOUN,locale,geonouns; case_insensitive; curated
hotel-casinos,GEONOUN,locale,geonouns; case_insensitive; generated inflection
hotels,GEONOUN,locale,geonouns; case_insensitive; generated inflection
hothouse,GEONOUN,locale,geonouns; case_insensitive; curated
hothouses,GEONOUN,locale,geonouns; case_insensitive; generated inflection
hotspot,GEONOUN,locale,geonouns; case_insensitive; curated
hotspots,GEONOUN,locale,geonouns; case_insensitive; generated inflection
house,GEONOUN,locale,geonouns; case_insensitive; curated
house of god,GEONOUN,locale,geonouns; case_insensitive; curated
house of gods,GEONOUN,locale,geonouns; case_insensitive; generated inflection
house of ill repute,GEONOUN,locale,geonouns; case_insensitive; curated
house of ill reputes,GEONOUN,locale,geonouns; case_insensitive; generated inflection
house of islam,GEONOUN,locale,geonouns; case_insensitive; curated
house of islams,GEONOUN,locale,geonouns; case_insensitive; generated inflection
house of prayer,GEONOUN,locale,geonouns; case_insensitive; curated
house of prayers,GEONOUN,locale,geonouns; case_insensitive; generated inflection
house of prostitution,GEONOUN,locale,geonouns; case_insensitive; curated
house of prostitutions,GEONOUN,locale,geonouns; case_insensitive; generated inflection
house of war,GEONOUN,locale,geonouns; case_insensitive; curated
house of wars,GEONOUN,locale,geonouns; case_insensitive; generated inflection
house of worship,GEONOUN,locale,geonouns; case_insensitive; curated
house of worships,GEONOUN,locale,geonouns; case_insensitive; generated inflection
houses,GEONOUN,locale,geonouns; case_insensitive; curated
houseses,GEONOUN,locale,geonouns; case_insensitive; generated inflection
housing,GEONOUN,locale,geonouns; case_insensitive; curated
housing development,GEONOUN,locale,geonouns; case_insensitive; curated
housing developments,GEONOUN,locale,geonouns; case_insensitive; generated inflection
housings,GEONOUN,locale,geonouns; case_insensitive; curated
housingses,GEONOUN,locale,geonouns; case_insensitive; generated inflection
hummock,GEONOUN,locale,geonouns; case_insensitive; curated
hummocks,GEONOUN,locale,geonouns; case_insensitive; generated inflection
hunting lodge,GEONOUN,locale,geonouns; case_insensitive; curated
hunting lodges,GEONOUN,locale,geonouns; case_insensitive; generated inflection
hunting reserve,GEONOUN,locale,geonouns; case_insensitive; curated
hunting reserves,GEONOUN,locale,geonouns; case_insensitive; generated inflection
hut,GEONOUN,locale,geonouns; case_insensitive; curated
huts,GEONOUN,locale,geonouns; case_insensitive; curated
hutses,GEONOUN,locale,geonouns; case_insensitive; generated inflection
hydroelectric power station,GEONOUN,locale,geonouns; case_insensitive; curated
hydroelectric power stations,GEONOUN,locale,geonouns; case_insensitive; generated inflection
ice cap,GEONOUN,locale,geonouns; case_insensitive; curated
ice caps,GEONOUN,locale,geonouns; case_insensitive; generated inflection
ice field,GEONOUN,locale,geonouns; case_insensitive; curated
ice fields,GEONOUN,locale,geonouns; case_insensitive; generated inflection
ice floe,GEONOUN,locale,geonouns; case_insensitive; curated
ice floes,GEONOUN,locale,geonouns; case_insensitive; generated inflection
ice hockey rink,GEONOUN,locale,geonouns; case_insensitive; curated
ice hockey rinks,GEONOUN,locale,geonouns; case_insensitive; generated inflection
ice mass,GEONOUN,locale,geonouns; case_insensitive; curated
ice masses,GEONOUN,locale,geonouns; case_insensitive; generated inflection
ice rink,GEONOUN,locale,geonouns; case_insensitive; curated
ice rinks,GEONOUN,locale,geonouns; case_insensitive; generated inflection
ice-hockey rink,GEONOUN,locale,geonouns; case_insensitive; curated
ice-hockey rinks,GEONOUN,locale,geonouns; case_insensitive; generated inflection
ice-skating rink,GEONOUN,locale,geonouns; case_insensitive; curated
ice-skating rinks,GEONOUN,locale,geonouns; case_insensitive; generated inflection
iceberg,GEONOUN,locale,geonouns; case_insensitive; curated
icebergs,GEONOUN,locale,geonouns; case_insensitive; generated inflection
icecap,GEONOUN,locale,geonouns; case_insensitive; curated
icecap depression,GEONOUN,locale,geonouns; case_insensitive; curated
icecap depressions,GEONOUN,locale,geonouns; case_insensitive; generated inflection
icecap dome,GEONOUN,locale,geonouns; case_insensitive; curated
icecap domes,GEONOUN,locale,geonouns; case_insensitive; generated inflection
icecap ridge,GEONOUN,locale,geonouns; case_insensitive; curated
icecap ridges,GEONOUN,locale,geonouns; case_insensitive; generated inflection
icecaps,GEONOUN,locale,geonouns; case_insensitive; generated inflection
icehouse,GEONOUN,locale,geonouns; case_insensitive; curated
icehouses,GEONOUN,locale,geonouns; case_insensitive; generated inflection
igloo,GEONOUN,locale,geonouns; case_insensitive; curated
igloos,GEONOUN,locale,geonouns; case_insensitive; curated
iglooses,GEONOUN,locale,geonouns; case_insensitive; generated inflection
imaret,GEONOUN,locale,geonouns; case_insensitive; curated
imarets,GEONOUN,locale,geonouns; case_insensitive; generated inflection
incline,GEONOUN,locale,geonouns; case_insensitive; curated
inclines,GEONOUN,locale,geonouns; case_insensitive; generated inflection
indoor,GEONOUN,locale,geonouns; case_insensitive; curated
indoor garden,GEONOUN,locale,geonouns; case_insensitive; curated
indoor gardens,GEONOUN,locale,geonouns; case_insensitive; generated inflection
indoors,GEONOUN,locale,geonouns; case_insensitive; curated
indoorses,GEONOUN,locale,geonouns; case_insensitive; generated inflection
industrial area,GEONOUN,locale,geonouns; case_insensitive; curated
industrial areas,GEONOUN,locale,geonouns; case_insensitive; generated inflection
industrial park,GEONOUN,locale,geonouns; case_insensitive; curated
industrial parks,GEONOUN,locale,geonouns; case_insensitive; generated inflection
infield,GEONOUN,locale,geonouns; case_insensitive; curated
infields,GEONOUN,locale,geonouns; case_insensitive; generated inflection
infirmaries,GEONOUN,locale,geonouns; case_insensitive; generated inflection
infirmary,GEONOUN,locale,geonouns; case_insensitive; curated
infrastructure,GEONOUN,locale,geonouns; case_insensitive; curated
infrastructures,GEONOUN,locale,geonouns; case_insensitive; generated inflection
inlet,GEONOUN,locale,geonouns; case_insensitive; curated
inlets,GEONOUN,locale,geonouns; case_insensitive; generated inflection
inn,GEONOUN,locale,geonouns; case_insensitive; curated
inner,GEONOUN,locale,geonouns; case_insensitive; curated
inners,GEONOUN,locale,geonouns; case_insensitive; generated inflection
inns,GEONOUN,locale,geonouns; case_insensitive; generated inflection
insane asylum,GEONOUN,locale,geonouns; case_insensitive; curated
insane asylums,GEONOUN,locale,geonouns; case_insensitive; generated inflection
inspection station,GEONOUN,locale,geonouns; case_insensitive; curated
inspection stations,GEONOUN,locale,geonouns; case_insensitive; generated inflection
institution,GEONOUN,locale,geonouns; case_insensitive; curated
institutions,GEONOUN,locale,geonouns; case_insensitive; generated inflection
interchange,GEONOUN,locale,geonouns; case_insensitive; curated
interchanges,GEONOUN,locale,geonouns; case_insensitive; generated inflection
intercommunalities,GEONOUN,locale,geonouns; case_insensitive; generated inflection
intercommunality,GEONOUN,locale,geonouns; case_insensitive; curated
interdune trough,GEONOUN,locale,geonouns; case_insensitive; curated
interdune troughs,GEONOUN,locale,geonouns; case_insensitive; curated
interdune troughses,GEONOUN,locale,geonouns; case_insensitive; generated inflection
interfluve,GEONOUN,locale,geonouns; case_insensitive; curated
interfluves,GEONOUN,locale,geonouns; case_insensitive; generated inflection
intermittent lake,GEONOUN,locale,geonouns; case_insensitive; curated
intermittent lakes,GEONOUN,locale,geonouns; case_insensitive; curated
intermittent lakeses,GEONOUN,locale,geonouns; case_insensitive; generated inflection
intermittent oxbow lake,GEONOUN,locale,geonouns; case_insensitive; curated
intermittent oxbow lakes,GEONOUN,locale,geonouns; case_insensitive; generated inflection
intermittent pond,GEONOUN,locale,geonouns; case_insensitive; curated
intermittent ponds,GEONOUN,locale,geonouns; case_insensitive; curated
intermittent pondses,GEONOUN,locale,geonouns; case_insensitive; generated inflection
intermittent pool,GEONOUN,locale,geonouns; case_insensitive; curated
intermittent pools,GEONOUN,locale,geonouns; case_insensitive; generated inflection
intermittent reservoir,GEONOUN,locale,geonouns; case_insensitive; curated
intermittent reservoirs,GEONOUN,locale,geonouns; case_insensitive; generated inflection
intermittent salt lake,GEONOUN,locale,geonouns; case_insensitive; curated
intermittent salt lakes,GEONOUN,locale,geonouns; case_insensitive; curated
intermittent salt lakeses,GEONOUN,locale,geonouns; case_insensitive; generated inflection
intermittent salt pond,GEONOUN,locale,geonouns; case_insensitive; curated
intermittent salt ponds,GEONOUN,locale,geonouns; case_insensitive; curated
intermittent salt pondses,GEONOUN,locale,geonouns; case_insensitive; generated inflection
intermittent stream,GEONOUN,locale,geonouns; case_insensitive; curated
intermittent streams,GEONOUN,locale,geonouns; case_insensitive; generated inflection
intermittent wetland,GEONOUN,locale,geonouns; case_insensitive; curated
intermittent wetlands,GEONOUN,locale,geonouns; case_insensitive; generated inflection
international waters,GEONOUN,locale,geonouns; case_insensitive; curated
international waterses,GEONOUN,locale,geonouns; case_insensitive; generated inflection
intersection,GEONOUN,locale,geonouns; case_insensitive; curated
intersections,GEONOUN,locale,geonouns; case_insensitive; generated inflection
iran municipalities,GEONOUN,locale,geonouns; case_insensitive; generated inflection
iran municipality,GEONOUN,locale,geonouns; case_insensitive; curated
iron mine,GEONOUN,locale,geonouns; case_insensitive; curated
iron mines,GEONOUN,locale,geonouns; case_insensitive; curated
iron mineses,GEONOUN,locale,geonouns; case_insensitive; generated inflection
irrigated field,GEONOUN,locale,geonouns; case_insensitive; curated
irrigated fields,GEONOUN,locale,geonouns; case_insensitive; curated
irrigated fieldses,GEONOUN,locale,geonouns; case_insensitive; generated inflection
irrigation canal,GEONOUN,locale,geonouns; case_insensitive; curated
irrigation canals,GEONOUN,locale,geonouns; case_insensitive; generated inflection
irrigation ditch,GEONOUN,locale,geonouns; case_insensitive; curated
irrigation ditches,GEONOUN,locale,geonouns; case_insensitive; generated inflection
irrigation system,GEONOUN,locale,geonouns; case_insensitive; curated
irrigation systems,GEONOUN,locale,geonouns; case_insensitive; generated inflection
island,GEONOUN,locale,geonouns; case_insensitive; curated
islands,GEONOUN,locale,geonouns; case_insensitive; curated
islandses,GEONOUN,locale,geonouns; case_insensitive; generated inflection
isle,GEONOUN,locale,geonouns; case_insensitive; curated
isles,GEONOUN,locale,geonouns; case_insensitive; generated inflection
islet,GEONOUN,locale,geonouns; case_insensitive; curated
islets,GEONOUN,locale,geonouns; case_insensitive; generated inflection
Israeli settlement,GEONOUN,locale,geonouns; case_insensitive; curated
israeli settlements,GEONOUN,locale,geonouns; case_insensitive; generated inflection
isthmus,GEONOUN,locale,geonouns; case_insensitive; curated
isthmuses,GEONOUN,locale,geonouns; case_insensitive; generated inflection
jakes,GEONOUN,locale,geonouns; case_insensitive; curated
jakeses,GEONOUN,locale,geonouns; case_insensitive; generated inflection
jetties,GEONOUN,locale,geonouns; case_insensitive; generated inflection
jetty,GEONOUN,locale,geonouns; case_insensitive; curated
joss house,GEONOUN,locale,geonouns; case_insensitive; curated
joss houses,GEONOUN,locale,geonouns; case_insensitive; generated inflection
junction,GEONOUN,locale,geonouns; case_insensitive; curated
junctions,GEONOUN,locale,geonouns; case_insensitive; generated inflection
junk heap,GEONOUN,locale,geonouns; case_insensitive; curated
junk heaps,GEONOUN,locale,geonouns; case_insensitive; generated inflection
junk pile,GEONOUN,locale,geonouns; case_insensitive; curated
junk piles,GEONOUN,locale,geonouns; case_insensitive; generated inflection
junkpile,GEONOUN,locale,geonouns; case_insensitive; curated
junkpiles,GEONOUN,locale,geonouns; case_insensitive; generated inflection
junkyard,GEONOUN,locale,geonouns; case_insensitive; curated
junkyards,GEONOUN,locale,geonouns; case_insensitive; generated inflection
kampong,GEONOUN,locale,geonouns; case_insensitive; curated
kampongs,GEONOUN,locale,geonouns; case_insensitive; generated inflection
karst area,GEONOUN,locale,geonouns; case_insensitive; curated
karst areas,GEONOUN,locale,geonouns; case_insensitive; generated inflection
kennel,GEONOUN,locale,geonouns; case_insensitive; curated
kennels,GEONOUN,locale,geonouns; case_insensitive; generated inflection
kettle,GEONOUN,locale,geonouns; case_insensitive; curated
kettle hole,GEONOUN,locale,geonouns; case_insensitive; curated
kettle holes,GEONOUN,locale,geonouns; case_insensitive; generated inflection
kettles,GEONOUN,locale,geonouns; case_insensitive; generated inflection
killing field,GEONOUN,locale,geonouns; case_insensitive; curated
killing fields,GEONOUN,locale,geonouns; case_insensitive; generated inflection
kirk,GEONOUN,locale,geonouns; case_insensitive; curated
kirks,GEONOUN,locale,geonouns; case_insensitive; generated inflection
kitchen garden,GEONOUN,locale,geonouns; case_insensitive; curated
kitchen gardens,GEONOUN,locale,geonouns; case_insensitive; generated inflection
kitchen island,GEONOUN,locale,geonouns; case_insensitive; curated
kitchen islands,GEONOUN,locale,geonouns; case_insensitive; generated inflection
kitchen midden,GEONOUN,locale,geonouns; case_insensitive; curated
kitchen middens,GEONOUN,locale,geonouns; case_insensitive; generated inflection
knoll,GEONOUN,locale,geonouns; case_insensitive; curated
knolls,GEONOUN,locale,geonouns; case_insensitive; curated
knollses,GEONOUN,locale,geonouns; case_insensitive; generated inflection
kopje,GEONOUN,locale,geonouns; case_insensitive; curated
kopjes,GEONOUN,locale,geonouns; case_insensitive; generated inflection
koppie,GEONOUN,locale,geonouns; case_insensitive; curated
koppies,GEONOUN,locale,geonouns; case_insensitive; generated inflection
kraal,GEONOUN,locale,geonouns; case_insensitive; curated
kraals,GEONOUN,locale,geonouns; case_insensitive; generated inflection
labor camp,GEONOUN,locale,geonouns; case_insensitive; curated
labor camps,GEONOUN,locale,geonouns; case_insensitive; generated inflection
lady chapel,GEONOUN,locale,geonouns; case_insensitive; curated
lady chapels,GEONOUN,locale,geonouns; case_insensitive; generated inflection
lagoon,GEONOUN,locale,geonouns; case_insensitive; curated
lagoons,GEONOUN,locale,geonouns; case_insensitive; curated
lagoonses,GEONOUN,locale,geonouns; case_insensitive; generated inflection
lagunas,GEONOUN,locale,geonouns; case_insensitive; generated inflection
lagune,GEONOUN,locale,geonouns; case_insensitive; curated
lagunes,GEONOUN,locale,geonouns; case_insensitive; generated inflection
lair,GEONOUN,locale,geonouns; case_insensitive; curated
lairs,GEONOUN,locale,geonouns; case_insensitive; generated inflection
lake,GEONOUN,locale,geonouns; case_insensitive; curated
lake bed,GEONOUN,locale,geonouns; case_insensitive; curated
lake beds,GEONOUN,locale,geonouns; case_insensitive; curated
lake bedses,GEONOUN,locale,geonouns; case_insensitive; generated inflection
lake bottom,GEONOUN,locale,geonouns; case_insensitive; curated
lake bottoms,GEONOUN,locale,geonouns; case_insensitive; generated inflection
lake channel,GEONOUN,locale,geonouns; case_insensitive; curated
lake channels,GEONOUN,locale,geonouns; case_insensitive; curated
lake channelses,GEONOUN,locale,geonouns; case_insensitive; generated inflection
lake region,GEONOUN,locale,geonouns; case_insensitive; curated
lake regions,GEONOUN,locale,geonouns; case_insensitive; generated inflection
lakefront,GEONOUN,locale,geonouns; case_insensitive; curated
lakefronts,GEONOUN,locale,geonouns; case_insensitive; generated inflection
lakes,GEONOUN,locale,geonouns; case_insensitive; curated
lakeses,GEONOUN,locale,geonouns; case_insensitive; generated inflection
lakeshore,GEONOUN,locale,geonouns; case_insensitive; curated
lakeshores,GEONOUN,locale,geonouns; case_insensitive; generated inflection
lakesides,GEONOUN,locale,geonouns; case_insensitive; generated inflection
lamaseries,GEONOUN,locale,geonouns; case_insensitive; generated inflection
lamasery,GEONOUN,locale,geonouns; case_insensitive; curated
land,GEONOUN,locale,geonouns; case_insensitive; curated
land mass,GEONOUN,locale,geonouns; case_insensitive; curated
land masses,GEONOUN,locale,geonouns; case_insensitive; generated inflection
land site,GEONOUN,locale,geonouns; case_insensitive; curated
land sites,GEONOUN,locale,geonouns; case_insensitive; generated inflection
land-tied island,GEONOUN,locale,geonouns; case_insensitive; curated
land-tied islands,GEONOUN,locale,geonouns; case_insensitive; generated inflection
landfall,GEONOUN,locale,geonouns; case_insensitive; curated
landfalls,GEONOUN,locale,geonouns; case_insensitive; generated inflection
landfill,GEONOUN,locale,geonouns; case_insensitive; curated
landfills,GEONOUN,locale,geonouns; case_insensitive; generated inflection
landing,GEONOUN,locale,geonouns; case_insensitive; curated
landings,GEONOUN,locale,geonouns; case_insensitive; curated
landingses,GEONOUN,locale,geonouns; case_insensitive; generated inflection
landmass,GEONOUN,locale,geonouns; case_insensitive; curated
landmasses,GEONOUN,locale,geonouns; case_insensitive; generated inflection
lands,GEONOUN,locale,geonouns; case_insensitive; generated inflection
landscape,GEONOUN,locale,geonouns; case_insensitive; curated
landscapes,GEONOUN,locale,geonouns; case_insensitive; generated inflection
landscaping,GEONOUN,locale,geonouns; case_insensitive; curated
landscapings,GEONOUN,locale,geonouns; case_insensitive; generated inflection
lane,GEONOUN,locale,geonouns; case_insensitive; curated
lanes,GEONOUN,locale,geonouns; case_insensitive; generated inflection
language school,GEONOUN,locale,geonouns; case_insensitive; curated
language schools,GEONOUN,locale,geonouns; case_insensitive; generated inflection
larder,GEONOUN,locale,geonouns; case_insensitive; curated
larders,GEONOUN,locale,geonouns; case_insensitive; curated
larderses,GEONOUN,locale,geonouns; case_insensitive; generated inflection
launch pad,GEONOUN,locale,geonouns; case_insensitive; curated
launch pads,GEONOUN,locale,geonouns; case_insensitive; generated inflection
launch-pad,GEONOUN,locale,geonouns; case_insensitive; curated
launch-pads,GEONOUN,locale,geonouns; case_insensitive; generated inflection
launching site,GEONOUN,locale,geonouns; case_insensitive; curated
launching sites,GEONOUN,locale,geonouns; case_insensitive; generated inflection
launchpad,GEONOUN,locale,geonouns; case_insensitive; curated
launchpads,GEONOUN,locale,geonouns; case_insensitive; generated inflection
lava area,GEONOUN,locale,geonouns; case_insensitive; curated
lava areas,GEONOUN,locale,geonouns; case_insensitive; generated inflection
lawn,GEONOUN,locale,geonouns; case_insensitive; curated
lawns,GEONOUN,locale,geonouns; case_insensitive; generated inflection
lazar house,GEONOUN,locale,geonouns; case_insensitive; curated
lazar houses,GEONOUN,locale,geonouns; case_insensitive; generated inflection
lazaret,GEONOUN,locale,geonouns; case_insensitive; curated
lazarets,GEONOUN,locale,geonouns; case_insensitive; generated inflection
lazarette,GEONOUN,locale,geonouns; case_insensitive; curated
lazarettes,GEONOUN,locale,geonouns; case_insensitive; generated inflection
lazaretto,GEONOUN,locale,geonouns; case_insensitive; curated
lazarettos,GEONOUN,locale,geonouns; case_insensitive; generated inflection
lea,GEONOUN,locale,geonouns; case_insensitive; curated
lead mine,GEONOUN,locale,geonouns; case_insensitive; curated
lead mines,GEONOUN,locale,geonouns; case_insensitive; generated inflection
leas,GEONOUN,locale,geonouns; case_insensitive; generated inflection
leased area,GEONOUN,locale,geonouns; case_insensitive; curated
leased areas,GEONOUN,locale,geonouns; case_insensitive; generated inflection
ledge,GEONOUN,locale,geonouns; case_insensitive; curated
ledges,GEONOUN,locale,geonouns; case_insensitive; generated inflection
left field,GEONOUN,locale,geonouns; case_insensitive; curated
left fields,GEONOUN,locale,geonouns; case_insensitive; generated inflection
leftfield,GEONOUN,locale,geonouns; case_insensitive; curated
leftfields,GEONOUN,locale,geonouns; case_insensitive; generated inflection
lemon grove,GEONOUN,locale,geonouns; case_insensitive; curated
lemon groves,GEONOUN,locale,geonouns; case_insensitive; generated inflection
leper colonies,GEONOUN,locale,geonouns; case_insensitive; generated inflection
leper colony,GEONOUN,locale,geonouns; case_insensitive; curated
leprosarium,GEONOUN,locale,geonouns; case_insensitive; curated
leprosariums,GEONOUN,locale,geonouns; case_insensitive; generated inflection
levee,GEONOUN,locale,geonouns; case_insensitive; curated
levees,GEONOUN,locale,geonouns; case_insensitive; generated inflection
level crossing,GEONOUN,locale,geonouns; case_insensitive; curated
level crossings,GEONOUN,locale,geonouns; case_insensitive; generated inflection
ley,GEONOUN,locale,geonouns; case_insensitive; curated
leys,GEONOUN,locale,geonouns; case_insensitive; generated inflection
libraries,GEONOUN,locale,geonouns; case_insensitive; generated inflection
library,GEONOUN,locale,geonouns; case_insensitive; curated
lighthouse,GEONOUN,locale,geonouns; case_insensitive; curated
lighthouses,GEONOUN,locale,geonouns; case_insensitive; generated inflection
liman,GEONOUN,locale,geonouns; case_insensitive; curated
limans,GEONOUN,locale,geonouns; case_insensitive; generated inflection
limekiln,GEONOUN,locale,geonouns; case_insensitive; curated
limekilns,GEONOUN,locale,geonouns; case_insensitive; generated inflection
litoral,GEONOUN,locale,geonouns; case_insensitive; curated
litorals,GEONOUN,locale,geonouns; case_insensitive; generated inflection
little theater,GEONOUN,locale,geonouns; case_insensitive; curated
little theaters,GEONOUN,locale,geonouns; case_insensitive; generated inflection
little theatre,GEONOUN,locale,geonouns; case_insensitive; curated
little theatres,GEONOUN,locale,geonouns; case_insensitive; generated inflection
littoral,GEONOUN,locale,geonouns; case_insensitive; curated
littoral zone,GEONOUN,locale,geonouns; case_insensitive; curated
littoral zones,GEONOUN,locale,geonouns; case_insensitive; generated inflection
littorals,GEONOUN,locale,geonouns; case_insensitive; generated inflection
livery stable,GEONOUN,locale,geonouns; case_insensitive; curated
livery stables,GEONOUN,locale,geonouns; case_insensitive; generated inflection
living-room,GEONOUN,locale,geonouns; case_insensitive; curated
living-rooms,GEONOUN,locale,geonouns; case_insensitive; generated inflection
llano,GEONOUN,locale,geonouns; case_insensitive; curated
llanos,GEONOUN,locale,geonouns; case_insensitive; generated inflection
loading area,GEONOUN,locale,geonouns; case_insensitive; curated
loading areas,GEONOUN,locale,geonouns; case_insensitive; generated inflection
loading zone,GEONOUN,locale,geonouns; case_insensitive; curated
loading zones,GEONOUN,locale,geonouns; case_insensitive; generated inflection
lobbies,GEONOUN,locale,geonouns; case_insensitive; generated inflection
lobby,GEONOUN,locale,geonouns; case_insensitive; curated
local government office,GEONOUN,locale,geonouns; case_insensitive; curated
local government offices,GEONOUN,locale,geonouns; case_insensitive; generated inflection
localities,GEONOUN,locale,geonouns; case_insensitive; generated inflection
locality,GEONOUN,locale,geonouns; case_insensitive; curated
locals,GEONOUN,locale,geonouns; case_insensitive; curated
localses,GEONOUN,locale,geonouns; case_insensitive; generated inflection
loch,GEONOUN,locale,geonouns; case_insensitive; curated
loches,GEONOUN,locale,geonouns; case_insensitive; generated inflection
lock,GEONOUN,locale,geonouns; case_insensitive; curated
locker,GEONOUN,locale,geonouns; case_insensitive; curated
lockers,GEONOUN,locale,geonouns; case_insensitive; generated inflection
locks,GEONOUN,locale,geonouns; case_insensitive; curated
lockses,GEONOUN,locale,geonouns; case_insensitive; generated inflection
lodge,GEONOUN,locale,geonouns; case_insensitive; curated
lodges,GEONOUN,locale,geonouns; case_insensitive; curated
lodgeses,GEONOUN,locale,geonouns; case_insensitive; generated inflection
lodging house,GEONOUN,locale,geonouns; case_insensitive; curated
lodging houses,GEONOUN,locale,geonouns; case_insensitive; generated inflection
loft,GEONOUN,locale,geonouns; case_insensitive; curated
lofts,GEONOUN,locale,geonouns; case_insensitive; curated
loftses,GEONOUN,locale,geonouns; case_insensitive; generated inflection
log cabin,GEONOUN,locale,geonouns; case_insensitive; curated
log cabins,GEONOUN,locale,geonouns; case_insensitive; generated inflection
logging camp,GEONOUN,locale,geonouns; case_insensitive; curated
logging camps,GEONOUN,locale,geonouns; case_insensitive; generated inflection
loony bin,GEONOUN,locale,geonouns; case_insensitive; curated
loony bins,GEONOUN,locale,geonouns; case_insensitive; generated inflection
lost river,GEONOUN,locale,geonouns; case_insensitive; curated
lost rivers,GEONOUN,locale,geonouns; case_insensitive; generated inflection
lough,GEONOUN,locale,geonouns; case_insensitive; curated
loughs,GEONOUN,locale,geonouns; case_insensitive; generated inflection
lowland,GEONOUN,locale,geonouns; case_insensitive; curated
lowlands,GEONOUN,locale,geonouns; case_insensitive; generated inflection
lunar crater,GEONOUN,locale,geonouns; case_insensitive; curated
lunar craters,GEONOUN,locale,geonouns; case_insensitive; generated inflection
lunchroom,GEONOUN,locale,geonouns; case_insensitive; curated
lunchrooms,GEONOUN,locale,geonouns; case_insensitive; generated inflection
lurking place,GEONOUN,locale,geonouns; case_insensitive; curated
lurking places,GEONOUN,locale,geonouns; case_insensitive; generated inflection
lyceum,GEONOUN,locale,geonouns; case_insensitive; curated
lyceums,GEONOUN,locale,geonouns; case_insensitive; generated inflection
maar,GEONOUN,locale,geonouns; case_insensitive; curated
maars,GEONOUN,locale,geonouns; case_insensitive; generated inflection
madhouse,GEONOUN,locale,geonouns; case_insensitive; curated
madhouses,GEONOUN,locale,geonouns; case_insensitive; generated inflection
main street,GEONOUN,locale,geonouns; case_insensitive; curated
main streets,GEONOUN,locale,geonouns; case_insensitive; generated inflection
mainland,GEONOUN,locale,geonouns; case_insensitive; curated
mainlands,GEONOUN,locale,geonouns; case_insensitive; generated inflection
maisonette,GEONOUN,locale,geonouns; case_insensitive; curated
maisonettes,GEONOUN,locale,geonouns; case_insensitive; generated inflection
maisonnette,GEONOUN,locale,geonouns; case_insensitive; curated
maisonnettes,GEONOUN,locale,geonouns; case_insensitive; generated inflection
mall,GEONOUN,locale,geonouns; case_insensitive; curated
malls,GEONOUN,locale,geonouns; case_insensitive; generated inflection
man-made lake,GEONOUN,locale,geonouns; case_insensitive; curated
man-made lakes,GEONOUN,locale,geonouns; case_insensitive; generated inflection
maneuver area,GEONOUN,locale,geonouns; case_insensitive; curated
maneuver areas,GEONOUN,locale,geonouns; case_insensitive; generated inflection
mangrove island,GEONOUN,locale,geonouns; case_insensitive; curated
mangrove islands,GEONOUN,locale,geonouns; case_insensitive; generated inflection
mangrove swamp,GEONOUN,locale,geonouns; case_insensitive; curated
mangrove swamps,GEONOUN,locale,geonouns; case_insensitive; generated inflection
manor,GEONOUN,locale,geonouns; case_insensitive; curated
manor house,GEONOUN,locale,geonouns; case_insensitive; curated
manor houses,GEONOUN,locale,geonouns; case_insensitive; generated inflection
manors,GEONOUN,locale,geonouns; case_insensitive; generated inflection
manse,GEONOUN,locale,geonouns; case_insensitive; curated
manses,GEONOUN,locale,geonouns; case_insensitive; generated inflection
mansion,GEONOUN,locale,geonouns; case_insensitive; curated
mansion house,GEONOUN,locale,geonouns; case_insensitive; curated
mansion houses,GEONOUN,locale,geonouns; case_insensitive; generated inflection
mansions,GEONOUN,locale,geonouns; case_insensitive; curated
mansionses,GEONOUN,locale,geonouns; case_insensitive; generated inflection
mare clausum,GEONOUN,locale,geonouns; case_insensitive; curated
mare clausums,GEONOUN,locale,geonouns; case_insensitive; generated inflection
mare liberum,GEONOUN,locale,geonouns; case_insensitive; curated
mare liberums,GEONOUN,locale,geonouns; case_insensitive; generated inflection
marina,GEONOUN,locale,geonouns; case_insensitive; curated
marinas,GEONOUN,locale,geonouns; case_insensitive; generated inflection
marine channel,GEONOUN,locale,geonouns; case_insensitive; curated
marine channels,GEONOUN,locale,geonouns; case_insensitive; generated inflection
maritime school,GEONOUN,locale,geonouns; case_insensitive; curated
maritime schools,GEONOUN,locale,geonouns; case_insensitive; generated inflection
market,GEONOUN,locale,geonouns; case_insensitive; curated
market cross,GEONOUN,locale,geonouns; case_insensitive; curated
market crosses,GEONOUN,locale,geonouns; case_insensitive; generated inflection
market garden,GEONOUN,locale,geonouns; case_insensitive; curated
market gardens,GEONOUN,locale,geonouns; case_insensitive; generated inflection
market square,GEONOUN,locale,geonouns; case_insensitive; curated
market squares,GEONOUN,locale,geonouns; case_insensitive; generated inflection
market town,GEONOUN,locale,geonouns; case_insensitive; curated
market towns,GEONOUN,locale,geonouns; case_insensitive; generated inflection
markets,GEONOUN,locale,geonouns; case_insensitive; generated inflection
marquee,GEONOUN,locale,geonouns; case_insensitive; curated
marquees,GEONOUN,locale,geonouns; case_insensitive; curated
marqueeses,GEONOUN,locale,geonouns; case_insensitive; generated inflection
marsh,GEONOUN,locale,geonouns; case_insensitive; curated
marshalling yard,GEONOUN,locale,geonouns; case_insensitive; curated
marshalling yards,GEONOUN,locale,geonouns; case_insensitive; generated inflection
marshes,GEONOUN,locale,geonouns; case_insensitive; curated
marsheses,GEONOUN,locale,geonouns; case_insensitive; generated inflection
masjid,GEONOUN,locale,geonouns; case_insensitive; curated
masjids,GEONOUN,locale,geonouns; case_insensitive; generated inflection
masonries,GEONOUN,locale,geonouns; case_insensitive; generated inflection
masonry,GEONOUN,locale,geonouns; case_insensitive; curated
massage parlor,GEONOUN,locale,geonouns; case_insensitive; curated
massage parlors,GEONOUN,locale,geonouns; case_insensitive; generated inflection
massif,GEONOUN,locale,geonouns; case_insensitive; curated
massifs,GEONOUN,locale,geonouns; case_insensitive; generated inflection
mast,GEONOUN,locale,geonouns; case_insensitive; curated
mastaba,GEONOUN,locale,geonouns; case_insensitive; curated
mastabah,GEONOUN,locale,geonouns; case_insensitive; curated
mastabahs,GEONOUN,locale,geonouns; case_insensitive; generated inflection
mastabas,GEONOUN,locale,geonouns; case_insensitive; generated inflection
master source holdings list,GEONOUN,locale,geonouns; case_insensitive; curated
master source holdings lists,GEONOUN,locale,geonouns; case_insensitive; generated inflection
masts,GEONOUN,locale,geonouns; case_insensitive; curated
mastses,GEONOUN,locale,geonouns; case_insensitive; generated inflection
maternity hospital,GEONOUN,locale,geonouns; case_insensitive; curated
maternity hospitals,GEONOUN,locale,geonouns; case_insensitive; generated inflection
mausoleum,GEONOUN,locale,geonouns; case_insensitive; curated
mausoleums,GEONOUN,locale,geonouns; case_insensitive; generated inflection
meadow,GEONOUN,locale,geonouns; case_insensitive; curated
meadows,GEONOUN,locale,geonouns; case_insensitive; generated inflection
meander neck,GEONOUN,locale,geonouns; case_insensitive; curated
meander necks,GEONOUN,locale,geonouns; case_insensitive; generated inflection
meat house,GEONOUN,locale,geonouns; case_insensitive; curated
meat houses,GEONOUN,locale,geonouns; case_insensitive; generated inflection
mecca,GEONOUN,locale,geonouns; case_insensitive; curated
meccas,GEONOUN,locale,geonouns; case_insensitive; generated inflection
median valley,GEONOUN,locale,geonouns; case_insensitive; curated
median valleys,GEONOUN,locale,geonouns; case_insensitive; generated inflection
medical building,GEONOUN,locale,geonouns; case_insensitive; curated
medical buildings,GEONOUN,locale,geonouns; case_insensitive; generated inflection
medical center,GEONOUN,locale,geonouns; case_insensitive; curated
medical centers,GEONOUN,locale,geonouns; case_insensitive; generated inflection
meetinghouse,GEONOUN,locale,geonouns; case_insensitive; curated
meetinghouses,GEONOUN,locale,geonouns; case_insensitive; generated inflection
megalopolis,GEONOUN,locale,geonouns; case_insensitive; curated
megalopolises,GEONOUN,locale,geonouns; case_insensitive; generated inflection
melting pot,GEONOUN,locale,geonouns; case_insensitive; curated
melting pots,GEONOUN,locale,geonouns; case_insensitive; generated inflection
memorial,GEONOUN,locale,geonouns; case_insensitive; curated
memorial park,GEONOUN,locale,geonouns; case_insensitive; curated
memorial parks,GEONOUN,locale,geonouns; case_insensitive; generated inflection
memorials,GEONOUN,locale,geonouns; case_insensitive; curated
memorialses,GEONOUN,locale,geonouns; case_insensitive; generated inflection
mental home,GEONOUN,locale,geonouns; case_insensitive; curated
mental homes,GEONOUN,locale,geonouns; case_insensitive; generated inflection
mental hospital,GEONOUN,locale,geonouns; case_insensitive; curated
mental hospitals,GEONOUN,locale,geonouns; case_insensitive; generated inflection
mental institution,GEONOUN,locale,geonouns; case_insensitive; curated
mental institutions,GEONOUN,locale,geonouns; case_insensitive; generated inflection
mesa,GEONOUN,locale,geonouns; case_insensitive; curated
mesas,GEONOUN,locale,geonouns; case_insensitive; curated
mesases,GEONOUN,locale,geonouns; case_insensitive; generated inflection
meteorological station,GEONOUN,locale,geonouns; case_insensitive; curated
meteorological stations,GEONOUN,locale,geonouns; case_insensitive; generated inflection
metro station,GEONOUN,locale,geonouns; case_insensitive; curated
metro stations,GEONOUN,locale,geonouns; case_insensitive; generated inflection
metropolis,GEONOUN,locale,geonouns; case_insensitive; curated
metropolises,GEONOUN,locale,geonouns; case_insensitive; generated inflection
mezzanine,GEONOUN,locale,geonouns; case_insensitive; curated
mezzanines,GEONOUN,locale,geonouns; case_insensitive; generated inflection
mid-water,GEONOUN,locale,geonouns; case_insensitive; curated
mid-waters,GEONOUN,locale,geonouns; case_insensitive; generated inflection
midden,GEONOUN,locale,geonouns; case_insensitive; curated
middens,GEONOUN,locale,geonouns; case_insensitive; generated inflection
midway,GEONOUN,locale,geonouns; case_insensitive; curated
midways,GEONOUN,locale,geonouns; case_insensitive; generated inflection
military base,GEONOUN,locale,geonouns; case_insensitive; curated
military bases,GEONOUN,locale,geonouns; case_insensitive; generated inflection
military hospital,GEONOUN,locale,geonouns; case_insensitive; curated
military hospitals,GEONOUN,locale,geonouns; case_insensitive; generated inflection
military installation,GEONOUN,locale,geonouns; case_insensitive; curated
military installations,GEONOUN,locale,geonouns; case_insensitive; generated inflection
military school,GEONOUN,locale,geonouns; case_insensitive; curated
military schools,GEONOUN,locale,geonouns; case_insensitive; generated inflection
military structure,GEONOUN,locale,geonouns; case_insensitive; curated
military structures,GEONOUN,locale,geonouns; case_insensitive; generated inflection
mill,GEONOUN,locale,geonouns; case_insensitive; curated
millpond,GEONOUN,locale,geonouns; case_insensitive; curated
millponds,GEONOUN,locale,geonouns; case_insensitive; generated inflection
mills,GEONOUN,locale,geonouns; case_insensitive; curated
millses,GEONOUN,locale,geonouns; case_insensitive; generated inflection
mine field,GEONOUN,locale,geonouns; case_insensitive; curated
mine fields,GEONOUN,locale,geonouns; case_insensitive; generated inflection
minefield,GEONOUN,locale,geonouns; case_insensitive; curated
minefields,GEONOUN,locale,geonouns; case_insensitive; generated inflection
mineral vein,GEONOUN,locale,geonouns; case_insensitive; curated
mineral veins,GEONOUN,locale,geonouns; case_insensitive; generated inflection
mines,GEONOUN,locale,geonouns; case_insensitive; curated
mineses,GEONOUN,locale,geonouns; case_insensitive; generated inflection
mining area,GEONOUN,locale,geonouns; case_insensitive; curated
mining areas,GEONOUN,locale,geonouns; case_insensitive; generated inflection
mining camp,GEONOUN,locale,geonouns; case_insensitive; curated
mining camps,GEONOUN,locale,geonouns; case_insensitive; generated inflection
ministries,GEONOUN,locale,geonouns; case_insensitive; generated inflection
ministry,GEONOUN,locale,geonouns; case_insensitive; curated
minster,GEONOUN,locale,geonouns; case_insensitive; curated
minsters,GEONOUN,locale,geonouns; case_insensitive; generated inflection
missions,GEONOUN,locale,geonouns; case_insensitive; generated inflection
moat,GEONOUN,locale,geonouns; case_insensitive; curated
moats,GEONOUN,locale,geonouns; case_insensitive; curated
moatses,GEONOUN,locale,geonouns; case_insensitive; generated inflection
mobile canteen,GEONOUN,locale,geonouns; case_insensitive; curated
mobile canteens,GEONOUN,locale,geonouns; case_insensitive; generated inflection
mole,GEONOUN,locale,geonouns; case_insensitive; curated
molehill,GEONOUN,locale,geonouns; case_insensitive; curated
molehills,GEONOUN,locale,geonouns; case_insensitive; generated inflection
moles,GEONOUN,locale,geonouns; case_insensitive; generated inflection
monasteries,GEONOUN,locale,geonouns; case_insensitive; generated inflection
monastery,GEONOUN,locale,geonouns; case_insensitive; curated
monocline,GEONOUN,locale,geonouns; case_insensitive; curated
monoclines,GEONOUN,locale,geonouns; case_insensitive; generated inflection
monument,GEONOUN,locale,geonouns; case_insensitive; curated
monuments,GEONOUN,locale,geonouns; case_insensitive; generated inflection
moor,GEONOUN,locale,geonouns; case_insensitive; curated
moorland,GEONOUN,locale,geonouns; case_insensitive; curated
moorlands,GEONOUN,locale,geonouns; case_insensitive; generated inflection
moors,GEONOUN,locale,geonouns; case_insensitive; curated
moorses,GEONOUN,locale,geonouns; case_insensitive; generated inflection
moraine,GEONOUN,locale,geonouns; case_insensitive; curated
moraines,GEONOUN,locale,geonouns; case_insensitive; generated inflection
morgue,GEONOUN,locale,geonouns; case_insensitive; curated
morgues,GEONOUN,locale,geonouns; case_insensitive; generated inflection
mortuaries,GEONOUN,locale,geonouns; case_insensitive; generated inflection
mortuary,GEONOUN,locale,geonouns; case_insensitive; curated
mosk,GEONOUN,locale,geonouns; case_insensitive; curated
mosks,GEONOUN,locale,geonouns; case_insensitive; generated inflection
mosque,GEONOUN,locale,geonouns; case_insensitive; curated
mosques,GEONOUN,locale,geonouns; case_insensitive; generated inflection
motel,GEONOUN,locale,geonouns; case_insensitive; curated
motels,GEONOUN,locale,geonouns; case_insensitive; generated inflection
motor hotel,GEONOUN,locale,geonouns; case_insensitive; curated
motor hotels,GEONOUN,locale,geonouns; case_insensitive; generated inflection
motor inn,GEONOUN,locale,geonouns; case_insensitive; curated
motor inns,GEONOUN,locale,geonouns; case_insensitive; generated inflection
motor lodge,GEONOUN,locale,geonouns; case_insensitive; curated
motor lodges,GEONOUN,locale,geonouns; case_insensitive; generated inflection
mound,GEONOUN,locale,geonouns; case_insensitive; curated
mounds,GEONOUN,locale,geonouns; case_insensitive; curated
moundses,GEONOUN,locale,geonouns; case_insensitive; generated inflection
mount,GEONOUN,locale,geonouns; case_insensitive; curated
mountain,GEONOUN,locale,geonouns; case_insensitive; curated
mountain chain,GEONOUN,locale,geonouns; case_insensitive; curated
mountain chains,GEONOUN,locale,geonouns; case_insensitive; generated inflection
mountain pass,GEONOUN,locale,geonouns; case_insensitive; curated
mountain passes,GEONOUN,locale,geonouns; case_insensitive; generated inflection
mountain peak,GEONOUN,locale,geonouns; case_insensitive; curated
mountain peaks,GEONOUN,locale,geonouns; case_insensitive; generated inflection
mountain range,GEONOUN,locale,geonouns; case_insensitive; curated
mountain ranges,GEONOUN,locale,geonouns; case_insensitive; generated inflection
mountains,GEONOUN,locale,geonouns; case_insensitive; curated
mountainses,GEONOUN,locale,geonouns; case_insensitive; generated inflection
mountainside,GEONOUN,locale,geonouns; case_insensitive; curated
mountainsides,GEONOUN,locale,geonouns; case_insensitive; generated inflection
mounts,GEONOUN,locale,geonouns; case_insensitive; generated inflection
movie house,GEONOUN,locale,geonouns; case_insensitive; curated
movie houses,GEONOUN,locale,geonouns; case_insensitive; generated inflection
movie theater,GEONOUN,locale,geonouns; case_insensitive; curated
movie theaters,GEONOUN,locale,geonouns; case_insensitive; generated inflection
movie theatre,GEONOUN,locale,geonouns; case_insensitive; curated
movie theatres,GEONOUN,locale,geonouns; case_insensitive; generated inflection
mud,GEONOUN,locale,geonouns; case_insensitive; curated
mud flat,GEONOUN,locale,geonouns; case_insensitive; curated
mud flats,GEONOUN,locale,geonouns; case_insensitive; curated
mud flatses,GEONOUN,locale,geonouns; case_insensitive; generated inflection
mud puddle,GEONOUN,locale,geonouns; case_insensitive; curated
mud puddles,GEONOUN,locale,geonouns; case_insensitive; generated inflection
muds,GEONOUN,locale,geonouns; case_insensitive; generated inflection
mull,GEONOUN,locale,geonouns; case_insensitive; curated
mulls,GEONOUN,locale,geonouns; case_insensitive; generated inflection
multiplex,GEONOUN,locale,geonouns; case_insensitive; curated
multiplexes,GEONOUN,locale,geonouns; case_insensitive; generated inflection
municipalities,GEONOUN,locale,geonouns; case_insensitive; generated inflection
municipality,GEONOUN,locale,geonouns; case_insensitive; curated
munitions plant,GEONOUN,locale,geonouns; case_insensitive; curated
munitions plants,GEONOUN,locale,geonouns; case_insensitive; generated inflection
mur,GEONOUN,locale,geonouns; case_insensitive; curated
murs,GEONOUN,locale,geonouns; case_insensitive; generated inflection
museum,GEONOUN,locale,geonouns; case_insensitive; curated
museums,GEONOUN,locale,geonouns; case_insensitive; generated inflection
music hall,GEONOUN,locale,geonouns; case_insensitive; curated
music halls,GEONOUN,locale,geonouns; case_insensitive; generated inflection
music school,GEONOUN,locale,geonouns; case_insensitive; curated
music schools,GEONOUN,locale,geonouns; case_insensitive; generated inflection
musjid,GEONOUN,locale,geonouns; case_insensitive; curated
musjids,GEONOUN,locale,geonouns; case_insensitive; generated inflection
narco-state,GEONOUN,locale,geonouns; case_insensitive; curated
narco-states,GEONOUN,locale,geonouns; case_insensitive; generated inflection
narrow,GEONOUN,locale,geonouns; case_insensitive; curated
narrows,GEONOUN,locale,geonouns; case_insensitive; curated
narrowses,GEONOUN,locale,geonouns; case_insensitive; generated inflection
national capital,GEONOUN,locale,geonouns; case_insensitive; curated
national capitals,GEONOUN,locale,geonouns; case_insensitive; generated inflection
national park,GEONOUN,locale,geonouns; case_insensitive; curated
national parks,GEONOUN,locale,geonouns; case_insensitive; generated inflection
natural depression,GEONOUN,locale,geonouns; case_insensitive; curated
natural depressions,GEONOUN,locale,geonouns; case_insensitive; generated inflection
natural elevation,GEONOUN,locale,geonouns; case_insensitive; curated
natural elevations,GEONOUN,locale,geonouns; case_insensitive; generated inflection
natural place,GEONOUN,locale,geonouns; case_insensitive; curated
natural places,GEONOUN,locale,geonouns; case_insensitive; generated inflection
natural region,GEONOUN,locale,geonouns; case_insensitive; curated
natural regions,GEONOUN,locale,geonouns; case_insensitive; generated inflection
natural spring,GEONOUN,locale,geonouns; case_insensitive; curated
natural springs,GEONOUN,locale,geonouns; case_insensitive; generated inflection
natural tunnel,GEONOUN,locale,geonouns; case_insensitive; curated
natural tunnels,GEONOUN,locale,geonouns; case_insensitive; generated inflection
nature reserve,GEONOUN,locale,geonouns; case_insensitive; curated
nature reserves,GEONOUN,locale,geonouns; case_insensitive; generated inflection
naval base,GEONOUN,locale,geonouns; case_insensitive; curated
naval bases,GEONOUN,locale,geonouns; case_insensitive; generated inflection
nave,GEONOUN,locale,geonouns; case_insensitive; curated
naves,GEONOUN,locale,geonouns; case_insensitive; generated inflection
navigation canal,GEONOUN,locale,geonouns; case_insensitive; curated
navigation canals,GEONOUN,locale,geonouns; case_insensitive; curated
navigation canalses,GEONOUN,locale,geonouns; case_insensitive; generated inflection
navigation channel,GEONOUN,locale,geonouns; case_insensitive; curated
navigation channels,GEONOUN,locale,geonouns; case_insensitive; generated inflection
neck,GEONOUN,locale,geonouns; case_insensitive; curated
necks,GEONOUN,locale,geonouns; case_insensitive; generated inflection
necropolis,GEONOUN,locale,geonouns; case_insensitive; curated
necropolises,GEONOUN,locale,geonouns; case_insensitive; generated inflection
neritic zone,GEONOUN,locale,geonouns; case_insensitive; curated
neritic zones,GEONOUN,locale,geonouns; case_insensitive; generated inflection
nerve center,GEONOUN,locale,geonouns; case_insensitive; curated
nerve centers,GEONOUN,locale,geonouns; case_insensitive; generated inflection
nerve centre,GEONOUN,locale,geonouns; case_insensitive; curated
nerve centres,GEONOUN,locale,geonouns; case_insensitive; generated inflection
ness,GEONOUN,locale,geonouns; case_insensitive; curated
nesses,GEONOUN,locale,geonouns; case_insensitive; generated inflection
nesting place,GEONOUN,locale,geonouns; case_insensitive; curated
nesting places,GEONOUN,locale,geonouns; case_insensitive; generated inflection
new town,GEONOUN,locale,geonouns; case_insensitive; curated
new towns,GEONOUN,locale,geonouns; case_insensitive; generated inflection
nickel mine,GEONOUN,locale,geonouns; case_insensitive; curated
nickel mines,GEONOUN,locale,geonouns; case_insensitive; generated inflection
nook,GEONOUN,locale,geonouns; case_insensitive; curated
nooks,GEONOUN,locale,geonouns; case_insensitive; generated inflection
Northern Europe,GEONOUN,locale,geonouns; case_insensitive; curated
northern europes,GEONOUN,locale,geonouns; case_insensitive; generated inflection
not available,GEONOUN,locale,geonouns; case_insensitive; curated
not availables,GEONOUN,locale,geonouns; case_insensitive; generated inflection
novitiate,GEONOUN,locale,geonouns; case_insensitive; curated
novitiates,GEONOUN,locale,geonouns; case_insensitive; generated inflection
nuclear power station,GEONOUN,locale,geonouns; case_insensitive; curated
nuclear power stations,GEONOUN,locale,geonouns; case_insensitive; generated inflection
nullah,GEONOUN,locale,geonouns; case_insensitive; curated
nullahs,GEONOUN,locale,geonouns; case_insensitive; generated inflection
nunatak,GEONOUN,locale,geonouns; case_insensitive; curated
nunataks,GEONOUN,locale,geonouns; case_insensitive; curated
nunatakses,GEONOUN,locale,geonouns; case_insensitive; generated inflection
nunneries,GEONOUN,locale,geonouns; case_insensitive; generated inflection
nunnery,GEONOUN,locale,geonouns; case_insensitive; curated
nurseries,GEONOUN,locale,geonouns; case_insensitive; curated
nurserieses,GEONOUN,locale,geonouns; case_insensitive; generated inflection
nursery,GEONOUN,locale,geonouns; case_insensitive; curated
nurses,GEONOUN,locale,geonouns; case_insensitive; curated
nurseses,GEONOUN,locale,geonouns; case_insensitive; generated inflection
nut house,GEONOUN,locale,geonouns; case_insensitive; curated
nut houses,GEONOUN,locale,geonouns; case_insensitive; generated inflection
nuthouse,GEONOUN,locale,geonouns; case_insensitive; curated
nuthouses,GEONOUN,locale,geonouns; case_insensitive; generated inflection
oases,GEONOUN,locale,geonouns; case_insensitive; curated
oaseses,GEONOUN,locale,geonouns; case_insensitive; generated inflection
oasis,GEONOUN,locale,geonouns; case_insensitive; curated
oasises,GEONOUN,locale,geonouns; case_insensitive; generated inflection
oast house,GEONOUN,locale,geonouns; case_insensitive; curated
oast houses,GEONOUN,locale,geonouns; case_insensitive; generated inflection
observation point,GEONOUN,locale,geonouns; case_insensitive; curated
observation points,GEONOUN,locale,geonouns; case_insensitive; generated inflection
observatories,GEONOUN,locale,geonouns; case_insensitive; generated inflection
observatory,GEONOUN,locale,geonouns; case_insensitive; curated
occident,GEONOUN,locale,geonouns; case_insensitive; curated
occidents,GEONOUN,locale,geonouns; case_insensitive; generated inflection
ocean,GEONOUN,locale,geonouns; case_insensitive; curated
ocean bottom,GEONOUN,locale,geonouns; case_insensitive; curated
ocean bottoms,GEONOUN,locale,geonouns; case_insensitive; generated inflection
ocean floor,GEONOUN,locale,geonouns; case_insensitive; curated
ocean floors,GEONOUN,locale,geonouns; case_insensitive; generated inflection
oceanfront,GEONOUN,locale,geonouns; case_insensitive; curated
oceanfronts,GEONOUN,locale,geonouns; case_insensitive; generated inflection
oceanic abyss,GEONOUN,locale,geonouns; case_insensitive; curated
oceanic abysses,GEONOUN,locale,geonouns; case_insensitive; generated inflection
oceans,GEONOUN,locale,geonouns; case_insensitive; generated inflection
office block,GEONOUN,locale,geonouns; case_insensitive; curated
office blocks,GEONOUN,locale,geonouns; case_insensitive; generated inflection
office building,GEONOUN,locale,geonouns; case_insensitive; curated
office buildings,GEONOUN,locale,geonouns; case_insensitive; generated inflection
offing,GEONOUN,locale,geonouns; case_insensitive; curated
offings,GEONOUN,locale,geonouns; case_insensitive; generated inflection
oil camp,GEONOUN,locale,geonouns; case_insensitive; curated
oil camps,GEONOUN,locale,geonouns; case_insensitive; generated inflection
oil palm plantation,GEONOUN,locale,geonouns; case_insensitive; curated
oil palm plantations,GEONOUN,locale,geonouns; case_insensitive; generated inflection
oil pipeline,GEONOUN,locale,geonouns; case_insensitive; curated
oil pipeline junction,GEONOUN,locale,geonouns; case_insensitive; curated
oil pipeline junctions,GEONOUN,locale,geonouns; case_insensitive; generated inflection
oil pipeline terminal,GEONOUN,locale,geonouns; case_insensitive; curated
oil pipeline terminals,GEONOUN,locale,geonouns; case_insensitive; generated inflection
oil pipelines,GEONOUN,locale,geonouns; case_insensitive; generated inflection
oil pumping station,GEONOUN,locale,geonouns; case_insensitive; curated
oil pumping stations,GEONOUN,locale,geonouns; case_insensitive; generated inflection
oil refineries,GEONOUN,locale,geonouns; case_insensitive; generated inflection
oil refinery,GEONOUN,locale,geonouns; case_insensitive; curated
oil well,GEONOUN,locale,geonouns; case_insensitive; curated
oil wells,GEONOUN,locale,geonouns; case_insensitive; generated inflection
oilfield,GEONOUN,locale,geonouns; case_insensitive; curated
oilfields,GEONOUN,locale,geonouns; case_insensitive; generated inflection
old territories,GEONOUN,locale,geonouns; case_insensitive; generated inflection
old territory,GEONOUN,locale,geonouns; case_insensitive; curated
olive grove,GEONOUN,locale,geonouns; case_insensitive; curated
olive groves,GEONOUN,locale,geonouns; case_insensitive; generated inflection
olive oil mill,GEONOUN,locale,geonouns; case_insensitive; curated
olive oil mills,GEONOUN,locale,geonouns; case_insensitive; generated inflection
opera,GEONOUN,locale,geonouns; case_insensitive; curated
opera house,GEONOUN,locale,geonouns; case_insensitive; curated
opera houses,GEONOUN,locale,geonouns; case_insensitive; generated inflection
operas,GEONOUN,locale,geonouns; case_insensitive; generated inflection
opium den,GEONOUN,locale,geonouns; case_insensitive; curated
opium dens,GEONOUN,locale,geonouns; case_insensitive; generated inflection
orange grove,GEONOUN,locale,geonouns; case_insensitive; curated
orange groves,GEONOUN,locale,geonouns; case_insensitive; generated inflection
orangeries,GEONOUN,locale,geonouns; case_insensitive; generated inflection
orangery,GEONOUN,locale,geonouns; case_insensitive; curated
orchard,GEONOUN,locale,geonouns; case_insensitive; curated
orchards,GEONOUN,locale,geonouns; case_insensitive; curated
orchardses,GEONOUN,locale,geonouns; case_insensitive; generated inflection
ore treatment plant,GEONOUN,locale,geonouns; case_insensitive; curated
ore treatment plants,GEONOUN,locale,geonouns; case_insensitive; generated inflection
orient,GEONOUN,locale,geonouns; case_insensitive; curated
orients,GEONOUN,locale,geonouns; case_insensitive; generated inflection
orphan site,GEONOUN,locale,geonouns; case_insensitive; curated
orphan sites,GEONOUN,locale,geonouns; case_insensitive; generated inflection
outback,GEONOUN,locale,geonouns; case_insensitive; curated
outbacks,GEONOUN,locale,geonouns; case_insensitive; generated inflection
outbuilding,GEONOUN,locale,geonouns; case_insensitive; curated
outbuildings,GEONOUN,locale,geonouns; case_insensitive; curated
outbuildingses,GEONOUN,locale,geonouns; case_insensitive; generated inflection
outfield,GEONOUN,locale,geonouns; case_insensitive; curated
outfields,GEONOUN,locale,geonouns; case_insensitive; generated inflection
outflow,GEONOUN,locale,geonouns; case_insensitive; curated
outflows,GEONOUN,locale,geonouns; case_insensitive; generated inflection
outhouse,GEONOUN,locale,geonouns; case_insensitive; curated
outhouses,GEONOUN,locale,geonouns; case_insensitive; curated
outhouseses,GEONOUN,locale,geonouns; case_insensitive; generated inflection
outlet,GEONOUN,locale,geonouns; case_insensitive; curated
outlets,GEONOUN,locale,geonouns; case_insensitive; generated inflection
outpouring,GEONOUN,locale,geonouns; case_insensitive; curated
outpourings,GEONOUN,locale,geonouns; case_insensitive; generated inflection
overfalls,GEONOUN,locale,geonouns; case_insensitive; curated
overfallses,GEONOUN,locale,geonouns; case_insensitive; generated inflection
overflow,GEONOUN,locale,geonouns; case_insensitive; curated
overflows,GEONOUN,locale,geonouns; case_insensitive; generated inflection
overseas department,GEONOUN,locale,geonouns; case_insensitive; curated
overseas departments,GEONOUN,locale,geonouns; case_insensitive; generated inflection
oxbow,GEONOUN,locale,geonouns; case_insensitive; curated
oxbow lake,GEONOUN,locale,geonouns; case_insensitive; curated
oxbow lakes,GEONOUN,locale,geonouns; case_insensitive; generated inflection
oxbows,GEONOUN,locale,geonouns; case_insensitive; generated inflection
packinghouse,GEONOUN,locale,geonouns; case_insensitive; curated
packinghouses,GEONOUN,locale,geonouns; case_insensitive; generated inflection
paddies,GEONOUN,locale,geonouns; case_insensitive; generated inflection
paddy,GEONOUN,locale,geonouns; case_insensitive; curated
paddy field,GEONOUN,locale,geonouns; case_insensitive; curated
paddy fields,GEONOUN,locale,geonouns; case_insensitive; generated inflection
pagoda,GEONOUN,locale,geonouns; case_insensitive; curated
pagodas,GEONOUN,locale,geonouns; case_insensitive; generated inflection
palace,GEONOUN,locale,geonouns; case_insensitive; curated
palaces,GEONOUN,locale,geonouns; case_insensitive; curated
palaceses,GEONOUN,locale,geonouns; case_insensitive; generated inflection
palaestra,GEONOUN,locale,geonouns; case_insensitive; curated
palaestras,GEONOUN,locale,geonouns; case_insensitive; generated inflection
palestra,GEONOUN,locale,geonouns; case_insensitive; curated
palestras,GEONOUN,locale,geonouns; case_insensitive; generated inflection
palisade,GEONOUN,locale,geonouns; case_insensitive; curated
palisades,GEONOUN,locale,geonouns; case_insensitive; curated
palisadeses,GEONOUN,locale,geonouns; case_insensitive; generated inflection
palm grove,GEONOUN,locale,geonouns; case_insensitive; curated
palm groves,GEONOUN,locale,geonouns; case_insensitive; generated inflection
palm tree reserve,GEONOUN,locale,geonouns; case_insensitive; curated
palm tree reserves,GEONOUN,locale,geonouns; case_insensitive; generated inflection
panhandle,GEONOUN,locale,geonouns; case_insensitive; curated
panhandles,GEONOUN,locale,geonouns; case_insensitive; generated inflection
pantheon,GEONOUN,locale,geonouns; case_insensitive; curated
pantheons,GEONOUN,locale,geonouns; case_insensitive; generated inflection
pantries,GEONOUN,locale,geonouns; case_insensitive; curated
pantrieses,GEONOUN,locale,geonouns; case_insensitive; generated inflection
pantry,GEONOUN,locale,geonouns; case_insensitive; curated
parade ground,GEONOUN,locale,geonouns; case_insensitive; curated
parade grounds,GEONOUN,locale,geonouns; case_insensitive; generated inflection
parapet,GEONOUN,locale,geonouns; case_insensitive; curated
parapets,GEONOUN,locale,geonouns; case_insensitive; generated inflection
parcel of land,GEONOUN,locale,geonouns; case_insensitive; curated
parcel of lands,GEONOUN,locale,geonouns; case_insensitive; generated inflection
parish,GEONOUN,locale,geonouns; case_insensitive; curated
parishes,GEONOUN,locale,geonouns; case_insensitive; generated inflection
park,GEONOUN,locale,geonouns; case_insensitive; curated
park gate,GEONOUN,locale,geonouns; case_insensitive; curated
park gates,GEONOUN,locale,geonouns; case_insensitive; generated inflection
park headquarters,GEONOUN,locale,geonouns; case_insensitive; curated
park headquarterses,GEONOUN,locale,geonouns; case_insensitive; generated inflection
parking area,GEONOUN,locale,geonouns; case_insensitive; curated
parking areas,GEONOUN,locale,geonouns; case_insensitive; generated inflection
parking lot,GEONOUN,locale,geonouns; case_insensitive; curated
parking lots,GEONOUN,locale,geonouns; case_insensitive; generated inflection
parklands,GEONOUN,locale,geonouns; case_insensitive; generated inflection
parks,GEONOUN,locale,geonouns; case_insensitive; generated inflection
parquet,GEONOUN,locale,geonouns; case_insensitive; curated
parquets,GEONOUN,locale,geonouns; case_insensitive; generated inflection
parsonage,GEONOUN,locale,geonouns; case_insensitive; curated
parsonages,GEONOUN,locale,geonouns; case_insensitive; generated inflection
parterre,GEONOUN,locale,geonouns; case_insensitive; curated
parterres,GEONOUN,locale,geonouns; case_insensitive; generated inflection
parts,GEONOUN,locale,geonouns; case_insensitive; curated
partses,GEONOUN,locale,geonouns; case_insensitive; generated inflection
pass,GEONOUN,locale,geonouns; case_insensitive; curated
passage,GEONOUN,locale,geonouns; case_insensitive; curated
passages,GEONOUN,locale,geonouns; case_insensitive; curated
passageses,GEONOUN,locale,geonouns; case_insensitive; generated inflection
passageway,GEONOUN,locale,geonouns; case_insensitive; curated
passageways,GEONOUN,locale,geonouns; case_insensitive; curated
passagewayses,GEONOUN,locale,geonouns; case_insensitive; generated inflection
passes,GEONOUN,locale,geonouns; case_insensitive; generated inflection
pastureland,GEONOUN,locale,geonouns; case_insensitive; curated
pasturelands,GEONOUN,locale,geonouns; case_insensitive; generated inflection
patch,GEONOUN,locale,geonouns; case_insensitive; curated
patches,GEONOUN,locale,geonouns; case_insensitive; generated inflection
path,GEONOUN,locale,geonouns; case_insensitive; curated
paths,GEONOUN,locale,geonouns; case_insensitive; generated inflection
patio,GEONOUN,locale,geonouns; case_insensitive; curated
patios,GEONOUN,locale,geonouns; case_insensitive; curated
patioses,GEONOUN,locale,geonouns; case_insensitive; generated inflection
patrol post,GEONOUN,locale,geonouns; case_insensitive; curated
patrol posts,GEONOUN,locale,geonouns; case_insensitive; generated inflection
pave,GEONOUN,locale,geonouns; case_insensitive; curated
paves,GEONOUN,locale,geonouns; case_insensitive; generated inflection
pavilion,GEONOUN,locale,geonouns; case_insensitive; curated
pavilions,GEONOUN,locale,geonouns; case_insensitive; curated
pavilionses,GEONOUN,locale,geonouns; case_insensitive; generated inflection
paving,GEONOUN,locale,geonouns; case_insensitive; curated
pavings,GEONOUN,locale,geonouns; case_insensitive; generated inflection
peach orchard,GEONOUN,locale,geonouns; case_insensitive; curated
peach orchards,GEONOUN,locale,geonouns; case_insensitive; generated inflection
peak,GEONOUN,locale,geonouns; case_insensitive; curated
peaks,GEONOUN,locale,geonouns; case_insensitive; curated
peakses,GEONOUN,locale,geonouns; case_insensitive; generated inflection
peat cutting area,GEONOUN,locale,geonouns; case_insensitive; curated
peat cutting areas,GEONOUN,locale,geonouns; case_insensitive; generated inflection
peneplain,GEONOUN,locale,geonouns; case_insensitive; curated
peneplains,GEONOUN,locale,geonouns; case_insensitive; generated inflection
peneplane,GEONOUN,locale,geonouns; case_insensitive; curated
peneplanes,GEONOUN,locale,geonouns; case_insensitive; generated inflection
peninsula,GEONOUN,locale,geonouns; case_insensitive; curated
peninsulas,GEONOUN,locale,geonouns; case_insensitive; generated inflection
penthouse,GEONOUN,locale,geonouns; case_insensitive; curated
penthouses,GEONOUN,locale,geonouns; case_insensitive; generated inflection
pesthole,GEONOUN,locale,geonouns; case_insensitive; curated
pestholes,GEONOUN,locale,geonouns; case_insensitive; generated inflection
pesthouse,GEONOUN,locale,geonouns; case_insensitive; curated
pesthouses,GEONOUN,locale,geonouns; case_insensitive; generated inflection
petroleum basin,GEONOUN,locale,geonouns; case_insensitive; curated
petroleum basins,GEONOUN,locale,geonouns; case_insensitive; generated inflection
phosphate works,GEONOUN,locale,geonouns; case_insensitive; curated
phosphate workses,GEONOUN,locale,geonouns; case_insensitive; generated inflection
piazza,GEONOUN,locale,geonouns; case_insensitive; curated
piazzas,GEONOUN,locale,geonouns; case_insensitive; generated inflection
picnic area,GEONOUN,locale,geonouns; case_insensitive; curated
picnic areas,GEONOUN,locale,geonouns; case_insensitive; generated inflection
picnic ground,GEONOUN,locale,geonouns; case_insensitive; curated
picnic grounds,GEONOUN,locale,geonouns; case_insensitive; generated inflection
picture palace,GEONOUN,locale,geonouns; case_insensitive; curated
picture palaces,GEONOUN,locale,geonouns; case_insensitive; generated inflection
piece of art,GEONOUN,locale,geonouns; case_insensitive; curated
piece of arts,GEONOUN,locale,geonouns; case_insensitive; generated inflection
piece of ground,GEONOUN,locale,geonouns; case_insensitive; curated
piece of grounds,GEONOUN,locale,geonouns; case_insensitive; generated inflection
piece of land,GEONOUN,locale,geonouns; case_insensitive; curated
piece of lands,GEONOUN,locale,geonouns; case_insensitive; generated inflection
piedmont,GEONOUN,locale,geonouns; case_insensitive; curated
piedmont glacier,GEONOUN,locale,geonouns; case_insensitive; curated
piedmont glaciers,GEONOUN,locale,geonouns; case_insensitive; generated inflection
piedmonts,GEONOUN,locale,geonouns; case_insensitive; generated inflection
pier,GEONOUN,locale,geonouns; case_insensitive; curated
piers,GEONOUN,locale,geonouns; case_insensitive; generated inflection
pike,GEONOUN,locale,geonouns; case_insensitive; curated
pikes,GEONOUN,locale,geonouns; case_insensitive; generated inflection
pillar,GEONOUN,locale,geonouns; case_insensitive; curated
pillars,GEONOUN,locale,geonouns; case_insensitive; curated
pillarses,GEONOUN,locale,geonouns; case_insensitive; generated inflection
pine grove,GEONOUN,locale,geonouns; case_insensitive; curated
pine groves,GEONOUN,locale,geonouns; case_insensitive; generated inflection
pinetum,GEONOUN,locale,geonouns; case_insensitive; curated
pinetums,GEONOUN,locale,geonouns; case_insensitive; generated inflection
pinnacle,GEONOUN,locale,geonouns; case_insensitive; curated
pinnacles,GEONOUN,locale,geonouns; case_insensitive; generated inflection
piste,GEONOUN,locale,geonouns; case_insensitive; curated
pistes,GEONOUN,locale,geonouns; case_insensitive; generated inflection
pit,GEONOUN,locale,geonouns; case_insensitive; curated
pitch,GEONOUN,locale,geonouns; case_insensitive; curated
pitches,GEONOUN,locale,geonouns; case_insensitive; generated inflection
pits,GEONOUN,locale,geonouns; case_insensitive; generated inflection
place of birth,GEONOUN,locale,geonouns; case_insensitive; curated
place of births,GEONOUN,locale,geonouns; case_insensitive; generated inflection
place of worship,GEONOUN,locale,geonouns; case_insensitive; curated
place of worships,GEONOUN,locale,geonouns; case_insensitive; generated inflection
placer mine,GEONOUN,locale,geonouns; case_insensitive; curated
placer mines,GEONOUN,locale,geonouns; case_insensitive; generated inflection
plage,GEONOUN,locale,geonouns; case_insensitive; curated
plages,GEONOUN,locale,geonouns; case_insensitive; generated inflection
plain,GEONOUN,locale,geonouns; case_insensitive; curated
plains,GEONOUN,locale,geonouns; case_insensitive; curated
plainses,GEONOUN,locale,geonouns; case_insensitive; generated inflection
planetarium,GEONOUN,locale,geonouns; case_insensitive; curated
planetariums,GEONOUN,locale,geonouns; case_insensitive; generated inflection
plantation,GEONOUN,locale,geonouns; case_insensitive; curated
plantations,GEONOUN,locale,geonouns; case_insensitive; generated inflection
plasterer,GEONOUN,locale,geonouns; case_insensitive; curated
plasterers,GEONOUN,locale,geonouns; case_insensitive; generated inflection
plateau,GEONOUN,locale,geonouns; case_insensitive; curated
plateaus,GEONOUN,locale,geonouns; case_insensitive; generated inflection
platform,GEONOUN,locale,geonouns; case_insensitive; curated
platforms,GEONOUN,locale,geonouns; case_insensitive; generated inflection
playground,GEONOUN,locale,geonouns; case_insensitive; curated
playgrounds,GEONOUN,locale,geonouns; case_insensitive; generated inflection
playing area,GEONOUN,locale,geonouns; case_insensitive; curated
playing areas,GEONOUN,locale,geonouns; case_insensitive; generated inflection
playing field,GEONOUN,locale,geonouns; case_insensitive; curated
playing fields,GEONOUN,locale,geonouns; case_insensitive; generated inflection
plaza,GEONOUN,locale,geonouns; case_insensitive; curated
plazas,GEONOUN,locale,geonouns; case_insensitive; generated inflection
pleasure ground,GEONOUN,locale,geonouns; case_insensitive; curated
pleasure grounds,GEONOUN,locale,geonouns; case_insensitive; generated inflection
plot,GEONOUN,locale,geonouns; case_insensitive; curated
plot of ground,GEONOUN,locale,geonouns; case_insensitive; curated
plot of grounds,GEONOUN,locale,geonouns; case_insensitive; generated inflection
plot of land,GEONOUN,locale,geonouns; case_insensitive; curated
plot of lands,GEONOUN,locale,geonouns; case_insensitive; generated inflection
plots,GEONOUN,locale,geonouns; case_insensitive; generated inflection
plumber,GEONOUN,locale,geonouns; case_insensitive; curated
plumbers,GEONOUN,locale,geonouns; case_insensitive; curated
plumberses,GEONOUN,locale,geonouns; case_insensitive; generated inflection
points,GEONOUN,locale,geonouns; case_insensitive; curated
pointses,GEONOUN,locale,geonouns; case_insensitive; generated inflection
polar glacier,GEONOUN,locale,geonouns; case_insensitive; curated
polar glaciers,GEONOUN,locale,geonouns; case_insensitive; generated inflection
polar region,GEONOUN,locale,geonouns; case_insensitive; curated
polar regions,GEONOUN,locale,geonouns; case_insensitive; generated inflection
polar zone,GEONOUN,locale,geonouns; case_insensitive; curated
polar zones,GEONOUN,locale,geonouns; case_insensitive; generated inflection
polder,GEONOUN,locale,geonouns; case_insensitive; curated
polders,GEONOUN,locale,geonouns; case_insensitive; generated inflection
police post,GEONOUN,locale,geonouns; case_insensitive; curated
police posts,GEONOUN,locale,geonouns; case_insensitive; generated inflection
political entities,GEONOUN,locale,geonouns; case_insensitive; generated inflection
political entity,GEONOUN,locale,geonouns; case_insensitive; curated
polling place,GEONOUN,locale,geonouns; case_insensitive; curated
polling places,GEONOUN,locale,geonouns; case_insensitive; generated inflection
polling station,GEONOUN,locale,geonouns; case_insensitive; curated
polling stations,GEONOUN,locale,geonouns; case_insensitive; generated inflection
polynya,GEONOUN,locale,geonouns; case_insensitive; curated
polynyas,GEONOUN,locale,geonouns; case_insensitive; generated inflection
pond,GEONOUN,locale,geonouns; case_insensitive; curated
ponds,GEONOUN,locale,geonouns; case_insensitive; curated
pondses,GEONOUN,locale,geonouns; case_insensitive; generated inflection
pool,GEONOUN,locale,geonouns; case_insensitive; curated
pools,GEONOUN,locale,geonouns; case_insensitive; curated
poolses,GEONOUN,locale,geonouns; case_insensitive; generated inflection
populated area,GEONOUN,locale,geonouns; case_insensitive; curated
populated areas,GEONOUN,locale,geonouns; case_insensitive; generated inflection
populated localities,GEONOUN,locale,geonouns; case_insensitive; generated inflection
populated locality,GEONOUN,locale,geonouns; case_insensitive; curated
populated place,GEONOUN,locale,geonouns; case_insensitive; curated
populated places,GEONOUN,locale,geonouns; case_insensitive; curated
populated placeses,GEONOUN,locale,geonouns; case_insensitive; generated inflection
porch,GEONOUN,locale,geonouns; case_insensitive; curated
porches,GEONOUN,locale,geonouns; case_insensitive; curated
porcheses,GEONOUN,locale,geonouns; case_insensitive; generated inflection
port,GEONOUN,locale,geonouns; case_insensitive; curated
portages,GEONOUN,locale,geonouns; case_insensitive; generated inflection
portal,GEONOUN,locale,geonouns; case_insensitive; curated
portals,GEONOUN,locale,geonouns; case_insensitive; curated
portalses,GEONOUN,locale,geonouns; case_insensitive; generated inflection
ports,GEONOUN,locale,geonouns; case_insensitive; generated inflection
post,GEONOUN,locale,geonouns; case_insensitive; curated
post house,GEONOUN,locale,geonouns; case_insensitive; curated
post houses,GEONOUN,locale,geonouns; case_insensitive; generated inflection
post office,GEONOUN,locale,geonouns; case_insensitive; curated
post offices,GEONOUN,locale,geonouns; case_insensitive; generated inflection
posthouse,GEONOUN,locale,geonouns; case_insensitive; curated
posthouses,GEONOUN,locale,geonouns; case_insensitive; generated inflection
posts,GEONOUN,locale,geonouns; case_insensitive; generated inflection
pot farm,GEONOUN,locale,geonouns; case_insensitive; curated
pot farms,GEONOUN,locale,geonouns; case_insensitive; generated inflection
pothole,GEONOUN,locale,geonouns; case_insensitive; curated
potholes,GEONOUN,locale,geonouns; case_insensitive; generated inflection
pothouse,GEONOUN,locale,geonouns; case_insensitive; curated
pothouses,GEONOUN,locale,geonouns; case_insensitive; generated inflection
potter's field,GEONOUN,locale,geonouns; case_insensitive; curated
potter's fields,GEONOUN,locale,geonouns; case_insensitive; generated inflection
power station,GEONOUN,locale,geonouns; case_insensitive; curated
power stations,GEONOUN,locale,geonouns; case_insensitive; generated inflection
prairie,GEONOUN,locale,geonouns; case_insensitive; curated
prairies,GEONOUN,locale,geonouns; case_insensitive; generated inflection
precipice,GEONOUN,locale,geonouns; case_insensitive; curated
precipices,GEONOUN,locale,geonouns; case_insensitive; generated inflection
prefab,GEONOUN,locale,geonouns; case_insensitive; curated
prefabs,GEONOUN,locale,geonouns; case_insensitive; curated
prefabses,GEONOUN,locale,geonouns; case_insensitive; generated inflection
prefecture,GEONOUN,locale,geonouns; case_insensitive; curated
prefectures,GEONOUN,locale,geonouns; case_insensitive; generated inflection
premises,GEONOUN,locale,geonouns; case_insensitive; curated
premiseses,GEONOUN,locale,geonouns; case_insensitive; generated inflection
presbyteries,GEONOUN,locale,geonouns; case_insensitive; generated inflection
presbytery,GEONOUN,locale,geonouns; case_insensitive; curated
priories,GEONOUN,locale,geonouns; case_insensitive; generated inflection
priory,GEONOUN,locale,geonouns; case_insensitive; curated
prison,GEONOUN,locale,geonouns; case_insensitive; curated
prisons,GEONOUN,locale,geonouns; case_insensitive; generated inflection
privies,GEONOUN,locale,geonouns; case_insensitive; generated inflection
privy,GEONOUN,locale,geonouns; case_insensitive; curated
promenade,GEONOUN,locale,geonouns; case_insensitive; curated
promenades,GEONOUN,locale,geonouns; case_insensitive; generated inflection
promontories,GEONOUN,locale,geonouns; case_insensitive; curated
promontorieses,GEONOUN,locale,geonouns; case_insensitive; generated inflection
promontory,GEONOUN,locale,geonouns; case_insensitive; curated
properties,GEONOUN,locale,geonouns; case_insensitive; curated
propertieses,GEONOUN,locale,geonouns; case_insensitive; generated inflection
property,GEONOUN,locale,geonouns; case_insensitive; curated
protected area,GEONOUN,locale,geonouns; case_insensitive; curated
protected areas,GEONOUN,locale,geonouns; case_insensitive; generated inflection
province,GEONOUN,locale,geonouns; case_insensitive; curated
provinces,GEONOUN,locale,geonouns; case_insensitive; generated inflection
provincial capital,GEONOUN,locale,geonouns; case_insensitive; curated
provincial capitals,GEONOUN,locale,geonouns; case_insensitive; generated inflection
psychiatric hospital,GEONOUN,locale,geonouns; case_insensitive; curated
psychiatric hospitals,GEONOUN,locale,geonouns; case_insensitive; generated inflection
pub,GEONOUN,locale,geonouns; case_insensitive; curated
public house,GEONOUN,locale,geonouns; case_insensitive; curated
public houses,GEONOUN,locale,geonouns; case_insensitive; generated inflection
public square,GEONOUN,locale,geonouns; case_insensitive; curated
public squares,GEONOUN,locale,geonouns; case_insensitive; generated inflection
public transit system,GEONOUN,locale,geonouns; case_insensitive; curated
public transit systems,GEONOUN,locale,geonouns; case_insensitive; generated inflection
pubs,GEONOUN,locale,geonouns; case_insensitive; generated inflection
puddle,GEONOUN,locale,geonouns; case_insensitive; curated
puddles,GEONOUN,locale,geonouns; case_insensitive; generated inflection
pueblo,GEONOUN,locale,geonouns; case_insensitive; curated
pueblos,GEONOUN,locale,geonouns; case_insensitive; generated inflection
pull-in,GEONOUN,locale,geonouns; case_insensitive; curated
pull-ins,GEONOUN,locale,geonouns; case_insensitive; generated inflection
pull-up,GEONOUN,locale,geonouns; case_insensitive; curated
pull-ups,GEONOUN,locale,geonouns; case_insensitive; generated inflection
pump house,GEONOUN,locale,geonouns; case_insensitive; curated
pump houses,GEONOUN,locale,geonouns; case_insensitive; generated inflection
pump room,GEONOUN,locale,geonouns; case_insensitive; curated
pump rooms,GEONOUN,locale,geonouns; case_insensitive; generated inflection
pumping station,GEONOUN,locale,geonouns; case_insensitive; curated
pumping stations,GEONOUN,locale,geonouns; case_insensitive; generated inflection
purlieu,GEONOUN,locale,geonouns; case_insensitive; curated
purlieus,GEONOUN,locale,geonouns; case_insensitive; generated inflection
putting green,GEONOUN,locale,geonouns; case_insensitive; curated
putting greens,GEONOUN,locale,geonouns; case_insensitive; generated inflection
putting surface,GEONOUN,locale,geonouns; case_insensitive; curated
putting surfaces,GEONOUN,locale,geonouns; case_insensitive; generated inflection
pyramid,GEONOUN,locale,geonouns; case_insensitive; curated
pyramids,GEONOUN,locale,geonouns; case_insensitive; curated
pyramidses,GEONOUN,locale,geonouns; case_insensitive; generated inflection
quarries,GEONOUN,locale,geonouns; case_insensitive; curated
quarrieses,GEONOUN,locale,geonouns; case_insensitive; generated inflection
quarry,GEONOUN,locale,geonouns; case_insensitive; curated
quay,GEONOUN,locale,geonouns; case_insensitive; curated
quays,GEONOUN,locale,geonouns; case_insensitive; generated inflection
quicksand,GEONOUN,locale,geonouns; case_insensitive; curated
quicksands,GEONOUN,locale,geonouns; case_insensitive; generated inflection
rabbit burrow,GEONOUN,locale,geonouns; case_insensitive; curated
rabbit burrows,GEONOUN,locale,geonouns; case_insensitive; generated inflection
rabbit hole,GEONOUN,locale,geonouns; case_insensitive; curated
rabbit holes,GEONOUN,locale,geonouns; case_insensitive; generated inflection
rabbit warren,GEONOUN,locale,geonouns; case_insensitive; curated
rabbit warrens,GEONOUN,locale,geonouns; case_insensitive; generated inflection
race track,GEONOUN,locale,geonouns; case_insensitive; curated
race tracks,GEONOUN,locale,geonouns; case_insensitive; generated inflection
racecourse,GEONOUN,locale,geonouns; case_insensitive; curated
racecourses,GEONOUN,locale,geonouns; case_insensitive; generated inflection
racetrack,GEONOUN,locale,geonouns; case_insensitive; curated
racetracks,GEONOUN,locale,geonouns; case_insensitive; generated inflection
radio observatories,GEONOUN,locale,geonouns; case_insensitive; generated inflection
radio observatory,GEONOUN,locale,geonouns; case_insensitive; curated
radio station,GEONOUN,locale,geonouns; case_insensitive; curated
radio stations,GEONOUN,locale,geonouns; case_insensitive; generated inflection
rafter,GEONOUN,locale,geonouns; case_insensitive; curated
rafters,GEONOUN,locale,geonouns; case_insensitive; curated
rafterses,GEONOUN,locale,geonouns; case_insensitive; generated inflection
railroad,GEONOUN,locale,geonouns; case_insensitive; curated
railroad junction,GEONOUN,locale,geonouns; case_insensitive; curated
railroad junctions,GEONOUN,locale,geonouns; case_insensitive; generated inflection
railroad siding,GEONOUN,locale,geonouns; case_insensitive; curated
railroad sidings,GEONOUN,locale,geonouns; case_insensitive; generated inflection
railroad signal,GEONOUN,locale,geonouns; case_insensitive; curated
railroad signals,GEONOUN,locale,geonouns; case_insensitive; generated inflection
railroad station,GEONOUN,locale,geonouns; case_insensitive; curated
railroad stations,GEONOUN,locale,geonouns; case_insensitive; generated inflection
railroad stop,GEONOUN,locale,geonouns; case_insensitive; curated
railroad stops,GEONOUN,locale,geonouns; case_insensitive; generated inflection
railroad tunnel,GEONOUN,locale,geonouns; case_insensitive; curated
railroad tunnels,GEONOUN,locale,geonouns; case_insensitive; generated inflection
railroad yard,GEONOUN,locale,geonouns; case_insensitive; curated
railroad yards,GEONOUN,locale,geonouns; case_insensitive; generated inflection
railroads,GEONOUN,locale,geonouns; case_insensitive; generated inflection
railway,GEONOUN,locale,geonouns; case_insensitive; curated
railway junction,GEONOUN,locale,geonouns; case_insensitive; curated
railway junctions,GEONOUN,locale,geonouns; case_insensitive; generated inflection
railway line,GEONOUN,locale,geonouns; case_insensitive; curated
railway lines,GEONOUN,locale,geonouns; case_insensitive; generated inflection
railway tunnel,GEONOUN,locale,geonouns; case_insensitive; curated
railway tunnels,GEONOUN,locale,geonouns; case_insensitive; generated inflection
railway yard,GEONOUN,locale,geonouns; case_insensitive; curated
railway yards,GEONOUN,locale,geonouns; case_insensitive; generated inflection
railways,GEONOUN,locale,geonouns; case_insensitive; generated inflection
railyard,GEONOUN,locale,geonouns; case_insensitive; curated
railyards,GEONOUN,locale,geonouns; case_insensitive; generated inflection
raise,GEONOUN,locale,geonouns; case_insensitive; curated
raises,GEONOUN,locale,geonouns; case_insensitive; generated inflection
ramp,GEONOUN,locale,geonouns; case_insensitive; curated
ramparts,GEONOUN,locale,geonouns; case_insensitive; curated
rampartses,GEONOUN,locale,geonouns; case_insensitive; generated inflection
ramps,GEONOUN,locale,geonouns; case_insensitive; generated inflection
ranch,GEONOUN,locale,geonouns; case_insensitive; curated
ranch house,GEONOUN,locale,geonouns; case_insensitive; curated
ranch houses,GEONOUN,locale,geonouns; case_insensitive; generated inflection
ranches,GEONOUN,locale,geonouns; case_insensitive; curated
rancheses,GEONOUN,locale,geonouns; case_insensitive; generated inflection
range,GEONOUN,locale,geonouns; case_insensitive; curated
range of mountains,GEONOUN,locale,geonouns; case_insensitive; curated
range of mountainses,GEONOUN,locale,geonouns; case_insensitive; generated inflection
ranges,GEONOUN,locale,geonouns; case_insensitive; generated inflection
rapid,GEONOUN,locale,geonouns; case_insensitive; curated
rapids,GEONOUN,locale,geonouns; case_insensitive; curated
rapidses,GEONOUN,locale,geonouns; case_insensitive; generated inflection
rathskeller,GEONOUN,locale,geonouns; case_insensitive; curated
rathskellers,GEONOUN,locale,geonouns; case_insensitive; generated inflection
ravine,GEONOUN,locale,geonouns; case_insensitive; curated
ravines,GEONOUN,locale,geonouns; case_insensitive; curated
ravineses,GEONOUN,locale,geonouns; case_insensitive; generated inflection
reach,GEONOUN,locale,geonouns; case_insensitive; curated
reaches,GEONOUN,locale,geonouns; case_insensitive; generated inflection
rebuilding,GEONOUN,locale,geonouns; case_insensitive; curated
rebuildings,GEONOUN,locale,geonouns; case_insensitive; generated inflection
rebuilds,GEONOUN,locale,geonouns; case_insensitive; curated
rebuildses,GEONOUN,locale,geonouns; case_insensitive; generated inflection
reception,GEONOUN,locale,geonouns; case_insensitive; curated
receptions,GEONOUN,locale,geonouns; case_insensitive; curated
receptionses,GEONOUN,locale,geonouns; case_insensitive; generated inflection
recess,GEONOUN,locale,geonouns; case_insensitive; curated
recesses,GEONOUN,locale,geonouns; case_insensitive; generated inflection
reconstructed,GEONOUN,locale,geonouns; case_insensitive; curated
reconstructeds,GEONOUN,locale,geonouns; case_insensitive; generated inflection
reconstruction,GEONOUN,locale,geonouns; case_insensitive; curated
reconstructions,GEONOUN,locale,geonouns; case_insensitive; generated inflection
rectories,GEONOUN,locale,geonouns; case_insensitive; generated inflection
rectory,GEONOUN,locale,geonouns; case_insensitive; curated
reef,GEONOUN,locale,geonouns; case_insensitive; curated
reefs,GEONOUN,locale,geonouns; case_insensitive; curated
reefses,GEONOUN,locale,geonouns; case_insensitive; generated inflection
refectories,GEONOUN,locale,geonouns; case_insensitive; generated inflection
refectory,GEONOUN,locale,geonouns; case_insensitive; curated
reformatories,GEONOUN,locale,geonouns; case_insensitive; generated inflection
reformatory,GEONOUN,locale,geonouns; case_insensitive; curated
refugee camp,GEONOUN,locale,geonouns; case_insensitive; curated
refugee camps,GEONOUN,locale,geonouns; case_insensitive; generated inflection
refuse heap,GEONOUN,locale,geonouns; case_insensitive; curated
refuse heaps,GEONOUN,locale,geonouns; case_insensitive; generated inflection
regencies,GEONOUN,locale,geonouns; case_insensitive; generated inflection
regency,GEONOUN,locale,geonouns; case_insensitive; curated
region,GEONOUN,locale,geonouns; case_insensitive; curated
regions,GEONOUN,locale,geonouns; case_insensitive; generated inflection
relict,GEONOUN,locale,geonouns; case_insensitive; curated
relicts,GEONOUN,locale,geonouns; case_insensitive; generated inflection
religious building,GEONOUN,locale,geonouns; case_insensitive; curated
religious buildings,GEONOUN,locale,geonouns; case_insensitive; generated inflection
religious center,GEONOUN,locale,geonouns; case_insensitive; curated
religious centers,GEONOUN,locale,geonouns; case_insensitive; generated inflection
religious populated place,GEONOUN,locale,geonouns; case_insensitive; curated
religious populated places,GEONOUN,locale,geonouns; case_insensitive; generated inflection
religious residence,GEONOUN,locale,geonouns; case_insensitive; curated
religious residences,GEONOUN,locale,geonouns; case_insensitive; generated inflection
religious site,GEONOUN,locale,geonouns; case_insensitive; curated
religious sites,GEONOUN,locale,geonouns; case_insensitive; generated inflection
remise,GEONOUN,locale,geonouns; case_insensitive; curated
remises,GEONOUN,locale,geonouns; case_insensitive; generated inflection
rendezvous,GEONOUN,locale,geonouns; case_insensitive; curated
rendezvouses,GEONOUN,locale,geonouns; case_insensitive; generated inflection
repositories,GEONOUN,locale,geonouns; case_insensitive; generated inflection
repository,GEONOUN,locale,geonouns; case_insensitive; curated
republic,GEONOUN,locale,geonouns; case_insensitive; curated
republics,GEONOUN,locale,geonouns; case_insensitive; generated inflection
research center,GEONOUN,locale,geonouns; case_insensitive; curated
research centers,GEONOUN,locale,geonouns; case_insensitive; generated inflection
research facilities,GEONOUN,locale,geonouns; case_insensitive; generated inflection
research facility,GEONOUN,locale,geonouns; case_insensitive; curated
research institute,GEONOUN,locale,geonouns; case_insensitive; curated
research institutes,GEONOUN,locale,geonouns; case_insensitive; generated inflection
reservation,GEONOUN,locale,geonouns; case_insensitive; curated
reservations,GEONOUN,locale,geonouns; case_insensitive; generated inflection
reserve,GEONOUN,locale,geonouns; case_insensitive; curated
reserves,GEONOUN,locale,geonouns; case_insensitive; generated inflection
reservoir,GEONOUN,locale,geonouns; case_insensitive; curated
reservoirs,GEONOUN,locale,geonouns; case_insensitive; curated
reservoirses,GEONOUN,locale,geonouns; case_insensitive; generated inflection
residence,GEONOUN,locale,geonouns; case_insensitive; curated
residence hall,GEONOUN,locale,geonouns; case_insensitive; curated
residence halls,GEONOUN,locale,geonouns; case_insensitive; generated inflection
residences,GEONOUN,locale,geonouns; case_insensitive; curated
residenceses,GEONOUN,locale,geonouns; case_insensitive; generated inflection
resort,GEONOUN,locale,geonouns; case_insensitive; curated
resort hotel,GEONOUN,locale,geonouns; case_insensitive; curated
resort hotels,GEONOUN,locale,geonouns; case_insensitive; generated inflection
resorts,GEONOUN,locale,geonouns; case_insensitive; generated inflection
rest house,GEONOUN,locale,geonouns; case_insensitive; curated
rest houses,GEONOUN,locale,geonouns; case_insensitive; generated inflection
restaurant,GEONOUN,locale,geonouns; case_insensitive; curated
restaurants,GEONOUN,locale,geonouns; case_insensitive; generated inflection
resthouse,GEONOUN,locale,geonouns; case_insensitive; curated
resthouses,GEONOUN,locale,geonouns; case_insensitive; generated inflection
retention basin,GEONOUN,locale,geonouns; case_insensitive; curated
retention basins,GEONOUN,locale,geonouns; case_insensitive; generated inflection
retreat,GEONOUN,locale,geonouns; case_insensitive; curated
retreats,GEONOUN,locale,geonouns; case_insensitive; generated inflection
rice paddies,GEONOUN,locale,geonouns; case_insensitive; generated inflection
rice paddy,GEONOUN,locale,geonouns; case_insensitive; curated
ridge,GEONOUN,locale,geonouns; case_insensitive; curated
ridgeline,GEONOUN,locale,geonouns; case_insensitive; curated
ridgelines,GEONOUN,locale,geonouns; case_insensitive; generated inflection
ridges,GEONOUN,locale,geonouns; case_insensitive; curated
ridgeses,GEONOUN,locale,geonouns; case_insensitive; generated inflection
rift valley,GEONOUN,locale,geonouns; case_insensitive; curated
rift valleys,GEONOUN,locale,geonouns; case_insensitive; generated inflection
right field,GEONOUN,locale,geonouns; case_insensitive; curated
right fields,GEONOUN,locale,geonouns; case_insensitive; generated inflection
rightfield,GEONOUN,locale,geonouns; case_insensitive; curated
rightfields,GEONOUN,locale,geonouns; case_insensitive; generated inflection
rill,GEONOUN,locale,geonouns; case_insensitive; curated
rills,GEONOUN,locale,geonouns; case_insensitive; generated inflection
rink,GEONOUN,locale,geonouns; case_insensitive; curated
rinks,GEONOUN,locale,geonouns; case_insensitive; generated inflection
riparian forest,GEONOUN,locale,geonouns; case_insensitive; curated
riparian forests,GEONOUN,locale,geonouns; case_insensitive; generated inflection
ripple mark,GEONOUN,locale,geonouns; case_insensitive; curated
ripple marks,GEONOUN,locale,geonouns; case_insensitive; generated inflection
rise,GEONOUN,locale,geonouns; case_insensitive; curated
rises,GEONOUN,locale,geonouns; case_insensitive; generated inflection
ritz,GEONOUN,locale,geonouns; case_insensitive; curated
ritzes,GEONOUN,locale,geonouns; case_insensitive; generated inflection
river,GEONOUN,locale,geonouns; case_insensitive; curated
river basin,GEONOUN,locale,geonouns; case_insensitive; curated
river basins,GEONOUN,locale,geonouns; case_insensitive; generated inflection
river bottom,GEONOUN,locale,geonouns; case_insensitive; curated
river bottoms,GEONOUN,locale,geonouns; case_insensitive; generated inflection
riverbank,GEONOUN,locale,geonouns; case_insensitive; curated
riverbanks,GEONOUN,locale,geonouns; case_insensitive; generated inflection
riverbed,GEONOUN,locale,geonouns; case_insensitive; curated
riverbeds,GEONOUN,locale,geonouns; case_insensitive; generated inflection
rivers,GEONOUN,locale,geonouns; case_insensitive; generated inflection
riversides,GEONOUN,locale,geonouns; case_insensitive; generated inflection
rivulet,GEONOUN,locale,geonouns; case_insensitive; curated
rivulets,GEONOUN,locale,geonouns; case_insensitive; generated inflection
road,GEONOUN,locale,geonouns; case_insensitive; curated
road bend,GEONOUN,locale,geonouns; case_insensitive; curated
road bends,GEONOUN,locale,geonouns; case_insensitive; generated inflection
road cut,GEONOUN,locale,geonouns; case_insensitive; curated
road cuts,GEONOUN,locale,geonouns; case_insensitive; generated inflection
road junction,GEONOUN,locale,geonouns; case_insensitive; curated
road junctions,GEONOUN,locale,geonouns; case_insensitive; generated inflection
road tunnel,GEONOUN,locale,geonouns; case_insensitive; curated
road tunnels,GEONOUN,locale,geonouns; case_insensitive; generated inflection
roadhouse,GEONOUN,locale,geonouns; case_insensitive; curated
roadhouses,GEONOUN,locale,geonouns; case_insensitive; generated inflection
roads,GEONOUN,locale,geonouns; case_insensitive; generated inflection
roadstead,GEONOUN,locale,geonouns; case_insensitive; curated
roadsteads,GEONOUN,locale,geonouns; case_insensitive; generated inflection
rock,GEONOUN,locale,geonouns; case_insensitive; curated
rock desert,GEONOUN,locale,geonouns; case_insensitive; curated
rock deserts,GEONOUN,locale,geonouns; case_insensitive; generated inflection
rock garden,GEONOUN,locale,geonouns; case_insensitive; curated
rock gardens,GEONOUN,locale,geonouns; case_insensitive; generated inflection
rockeries,GEONOUN,locale,geonouns; case_insensitive; generated inflection
rockery,GEONOUN,locale,geonouns; case_insensitive; curated
rockfall,GEONOUN,locale,geonouns; case_insensitive; curated
rockfalls,GEONOUN,locale,geonouns; case_insensitive; generated inflection
rocks,GEONOUN,locale,geonouns; case_insensitive; curated
rockses,GEONOUN,locale,geonouns; case_insensitive; generated inflection
roman basilica,GEONOUN,locale,geonouns; case_insensitive; curated
roman basilicas,GEONOUN,locale,geonouns; case_insensitive; generated inflection
roman building,GEONOUN,locale,geonouns; case_insensitive; curated
roman buildings,GEONOUN,locale,geonouns; case_insensitive; generated inflection
roof,GEONOUN,locale,geonouns; case_insensitive; curated
roof garden,GEONOUN,locale,geonouns; case_insensitive; curated
roof gardens,GEONOUN,locale,geonouns; case_insensitive; generated inflection
roofer,GEONOUN,locale,geonouns; case_insensitive; curated
roofers,GEONOUN,locale,geonouns; case_insensitive; curated
rooferses,GEONOUN,locale,geonouns; case_insensitive; generated inflection
roofing,GEONOUN,locale,geonouns; case_insensitive; curated
roofings,GEONOUN,locale,geonouns; case_insensitive; generated inflection
roofs,GEONOUN,locale,geonouns; case_insensitive; curated
roofses,GEONOUN,locale,geonouns; case_insensitive; generated inflection
rooftop,GEONOUN,locale,geonouns; case_insensitive; curated
rooftops,GEONOUN,locale,geonouns; case_insensitive; curated
rooftopses,GEONOUN,locale,geonouns; case_insensitive; generated inflection
rookeries,GEONOUN,locale,geonouns; case_insensitive; generated inflection
rookery,GEONOUN,locale,geonouns; case_insensitive; curated
room,GEONOUN,locale,geonouns; case_insensitive; curated
rooming house,GEONOUN,locale,geonouns; case_insensitive; curated
rooming houses,GEONOUN,locale,geonouns; case_insensitive; generated inflection
rooms,GEONOUN,locale,geonouns; case_insensitive; curated
roomses,GEONOUN,locale,geonouns; case_insensitive; generated inflection
rose bed,GEONOUN,locale,geonouns; case_insensitive; curated
rose beds,GEONOUN,locale,geonouns; case_insensitive; generated inflection
rose garden,GEONOUN,locale,geonouns; case_insensitive; curated
rose gardens,GEONOUN,locale,geonouns; case_insensitive; generated inflection
rostrum,GEONOUN,locale,geonouns; case_insensitive; curated
rostrums,GEONOUN,locale,geonouns; case_insensitive; generated inflection
rotaries,GEONOUN,locale,geonouns; case_insensitive; generated inflection
rotary,GEONOUN,locale,geonouns; case_insensitive; curated
rotisserie,GEONOUN,locale,geonouns; case_insensitive; curated
rotisseries,GEONOUN,locale,geonouns; case_insensitive; generated inflection
rotunda,GEONOUN,locale,geonouns; case_insensitive; curated
rotundas,GEONOUN,locale,geonouns; case_insensitive; generated inflection
rough,GEONOUN,locale,geonouns; case_insensitive; curated
roughs,GEONOUN,locale,geonouns; case_insensitive; generated inflection
roundabout,GEONOUN,locale,geonouns; case_insensitive; curated
roundabouts,GEONOUN,locale,geonouns; case_insensitive; generated inflection
route of transportation,GEONOUN,locale,geonouns; case_insensitive; curated
route of transportations,GEONOUN,locale,geonouns; case_insensitive; generated inflection
row house,GEONOUN,locale,geonouns; case_insensitive; curated
row houses,GEONOUN,locale,geonouns; case_insensitive; generated inflection
rubber plantation,GEONOUN,locale,geonouns; case_insensitive; curated
rubber plantations,GEONOUN,locale,geonouns; case_insensitive; generated inflection
rubbish dump,GEONOUN,locale,geonouns; case_insensitive; curated
rubbish dumps,GEONOUN,locale,geonouns; case_insensitive; generated inflection
rubbish heap,GEONOUN,locale,geonouns; case_insensitive; curated
rubbish heaps,GEONOUN,locale,geonouns; case_insensitive; generated inflection
ruin,GEONOUN,locale,geonouns; case_insensitive; curated
ruined bridge,GEONOUN,locale,geonouns; case_insensitive; curated
ruined bridges,GEONOUN,locale,geonouns; case_insensitive; generated inflection
ruined dam,GEONOUN,locale,geonouns; case_insensitive; curated
ruined dams,GEONOUN,locale,geonouns; case_insensitive; generated inflection
ruins,GEONOUN,locale,geonouns; case_insensitive; curated
ruinses,GEONOUN,locale,geonouns; case_insensitive; generated inflection
runnel,GEONOUN,locale,geonouns; case_insensitive; curated
runnels,GEONOUN,locale,geonouns; case_insensitive; generated inflection
rural area,GEONOUN,locale,geonouns; case_insensitive; curated
rural areas,GEONOUN,locale,geonouns; case_insensitive; generated inflection
sabkha,GEONOUN,locale,geonouns; case_insensitive; curated
sabkhas,GEONOUN,locale,geonouns; case_insensitive; curated
sabkhases,GEONOUN,locale,geonouns; case_insensitive; generated inflection
saddle,GEONOUN,locale,geonouns; case_insensitive; curated
saddles,GEONOUN,locale,geonouns; case_insensitive; generated inflection
safari park,GEONOUN,locale,geonouns; case_insensitive; curated
safari parks,GEONOUN,locale,geonouns; case_insensitive; generated inflection
safe house,GEONOUN,locale,geonouns; case_insensitive; curated
safe houses,GEONOUN,locale,geonouns; case_insensitive; generated inflection
safety island,GEONOUN,locale,geonouns; case_insensitive; curated
safety islands,GEONOUN,locale,geonouns; case_insensitive; generated inflection
safety isle,GEONOUN,locale,geonouns; case_insensitive; curated
safety isles,GEONOUN,locale,geonouns; case_insensitive; generated inflection
safety zone,GEONOUN,locale,geonouns; case_insensitive; curated
safety zones,GEONOUN,locale,geonouns; case_insensitive; generated inflection
salon,GEONOUN,locale,geonouns; case_insensitive; curated
salons,GEONOUN,locale,geonouns; case_insensitive; curated
salonses,GEONOUN,locale,geonouns; case_insensitive; generated inflection
saloon,GEONOUN,locale,geonouns; case_insensitive; curated
saloons,GEONOUN,locale,geonouns; case_insensitive; generated inflection
salt area,GEONOUN,locale,geonouns; case_insensitive; curated
salt areas,GEONOUN,locale,geonouns; case_insensitive; generated inflection
salt evaporation ponds,GEONOUN,locale,geonouns; case_insensitive; curated
salt evaporation pondses,GEONOUN,locale,geonouns; case_insensitive; generated inflection
salt flat,GEONOUN,locale,geonouns; case_insensitive; curated
salt flats,GEONOUN,locale,geonouns; case_insensitive; generated inflection
salt lake,GEONOUN,locale,geonouns; case_insensitive; curated
salt lakes,GEONOUN,locale,geonouns; case_insensitive; curated
salt lakeses,GEONOUN,locale,geonouns; case_insensitive; generated inflection
salt marsh,GEONOUN,locale,geonouns; case_insensitive; curated
salt marshes,GEONOUN,locale,geonouns; case_insensitive; generated inflection
salt mine,GEONOUN,locale,geonouns; case_insensitive; curated
salt mines,GEONOUN,locale,geonouns; case_insensitive; curated
salt mineses,GEONOUN,locale,geonouns; case_insensitive; generated inflection
salt plain,GEONOUN,locale,geonouns; case_insensitive; curated
salt plains,GEONOUN,locale,geonouns; case_insensitive; generated inflection
salt pond,GEONOUN,locale,geonouns; case_insensitive; curated
salt ponds,GEONOUN,locale,geonouns; case_insensitive; curated
salt pondses,GEONOUN,locale,geonouns; case_insensitive; generated inflection
saltbox,GEONOUN,locale,geonouns; case_insensitive; curated
saltboxes,GEONOUN,locale,geonouns; case_insensitive; generated inflection
saltpan,GEONOUN,locale,geonouns; case_insensitive; curated
saltpans,GEONOUN,locale,geonouns; case_insensitive; generated inflection
sanatarium,GEONOUN,locale,geonouns; case_insensitive; curated
sanatariums,GEONOUN,locale,geonouns; case_insensitive; generated inflection
sanatorium,GEONOUN,locale,geonouns; case_insensitive; curated
sanatoriums,GEONOUN,locale,geonouns; case_insensitive; generated inflection
sanctuaries,GEONOUN,locale,geonouns; case_insensitive; generated inflection
sanctuary,GEONOUN,locale,geonouns; case_insensitive; curated
sanctum,GEONOUN,locale,geonouns; case_insensitive; curated
sanctum sanctorum,GEONOUN,locale,geonouns; case_insensitive; curated
sanctum sanctorums,GEONOUN,locale,geonouns; case_insensitive; generated inflection
sanctums,GEONOUN,locale,geonouns; case_insensitive; generated inflection
sand area,GEONOUN,locale,geonouns; case_insensitive; curated
sand areas,GEONOUN,locale,geonouns; case_insensitive; generated inflection
sand bar,GEONOUN,locale,geonouns; case_insensitive; curated
sand bars,GEONOUN,locale,geonouns; case_insensitive; generated inflection
sand dune,GEONOUN,locale,geonouns; case_insensitive; curated
sand dunes,GEONOUN,locale,geonouns; case_insensitive; generated inflection
sandbank,GEONOUN,locale,geonouns; case_insensitive; curated
sandbanks,GEONOUN,locale,geonouns; case_insensitive; generated inflection
sandbar,GEONOUN,locale,geonouns; case_insensitive; curated
sandbars,GEONOUN,locale,geonouns; case_insensitive; generated inflection
sandlot,GEONOUN,locale,geonouns; case_insensitive; curated
sandlots,GEONOUN,locale,geonouns; case_insensitive; generated inflection
sandpit,GEONOUN,locale,geonouns; case_insensitive; curated
sandpits,GEONOUN,locale,geonouns; case_insensitive; generated inflection
sands,GEONOUN,locale,geonouns; case_insensitive; curated
sandses,GEONOUN,locale,geonouns; case_insensitive; generated inflection
sandy desert,GEONOUN,locale,geonouns; case_insensitive; curated
sandy deserts,GEONOUN,locale,geonouns; case_insensitive; generated inflection
sanitarium,GEONOUN,locale,geonouns; case_insensitive; curated
sanitariums,GEONOUN,locale,geonouns; case_insensitive; generated inflection
sanitary landfill,GEONOUN,locale,geonouns; case_insensitive; curated
sanitary landfills,GEONOUN,locale,geonouns; case_insensitive; generated inflection
satellite station,GEONOUN,locale,geonouns; case_insensitive; curated
satellite stations,GEONOUN,locale,geonouns; case_insensitive; generated inflection
sauna,GEONOUN,locale,geonouns; case_insensitive; curated
saunas,GEONOUN,locale,geonouns; case_insensitive; curated
saunases,GEONOUN,locale,geonouns; case_insensitive; generated inflection
savanna,GEONOUN,locale,geonouns; case_insensitive; curated
savannah,GEONOUN,locale,geonouns; case_insensitive; curated
savannahs,GEONOUN,locale,geonouns; case_insensitive; generated inflection
savannas,GEONOUN,locale,geonouns; case_insensitive; generated inflection
sawmill,GEONOUN,locale,geonouns; case_insensitive; curated
sawmills,GEONOUN,locale,geonouns; case_insensitive; generated inflection
sawpit,GEONOUN,locale,geonouns; case_insensitive; curated
sawpits,GEONOUN,locale,geonouns; case_insensitive; generated inflection
scaffold,GEONOUN,locale,geonouns; case_insensitive; curated
scaffolding,GEONOUN,locale,geonouns; case_insensitive; curated
scaffoldings,GEONOUN,locale,geonouns; case_insensitive; generated inflection
scaffolds,GEONOUN,locale,geonouns; case_insensitive; curated
scaffoldses,GEONOUN,locale,geonouns; case_insensitive; generated inflection
scar,GEONOUN,locale,geonouns; case_insensitive; curated
scarp,GEONOUN,locale,geonouns; case_insensitive; curated
scarps,GEONOUN,locale,geonouns; case_insensitive; generated inflection
scars,GEONOUN,locale,geonouns; case_insensitive; generated inflection
scenario,GEONOUN,locale,geonouns; case_insensitive; curated
scenarios,GEONOUN,locale,geonouns; case_insensitive; generated inflection
scene,GEONOUN,locale,geonouns; case_insensitive; curated
scene of action,GEONOUN,locale,geonouns; case_insensitive; curated
scene of actions,GEONOUN,locale,geonouns; case_insensitive; generated inflection
scenes,GEONOUN,locale,geonouns; case_insensitive; generated inflection
school,GEONOUN,locale,geonouns; case_insensitive; curated
schoolhouse,GEONOUN,locale,geonouns; case_insensitive; curated
schoolhouses,GEONOUN,locale,geonouns; case_insensitive; generated inflection
schools,GEONOUN,locale,geonouns; case_insensitive; generated inflection
schoolyard,GEONOUN,locale,geonouns; case_insensitive; curated
schoolyards,GEONOUN,locale,geonouns; case_insensitive; generated inflection
scientific research base,GEONOUN,locale,geonouns; case_insensitive; curated
scientific research bases,GEONOUN,locale,geonouns; case_insensitive; generated inflection
scour,GEONOUN,locale,geonouns; case_insensitive; curated
scours,GEONOUN,locale,geonouns; case_insensitive; generated inflection
scrapheap,GEONOUN,locale,geonouns; case_insensitive; curated
scrapheaps,GEONOUN,locale,geonouns; case_insensitive; generated inflection
scree,GEONOUN,locale,geonouns; case_insensitive; curated
screes,GEONOUN,locale,geonouns; case_insensitive; curated
screeses,GEONOUN,locale,geonouns; case_insensitive; generated inflection
scrubland,GEONOUN,locale,geonouns; case_insensitive; curated
scrublands,GEONOUN,locale,geonouns; case_insensitive; generated inflection
sculleries,GEONOUN,locale,geonouns; case_insensitive; generated inflection
scullery,GEONOUN,locale,geonouns; case_insensitive; curated
sea,GEONOUN,locale,geonouns; case_insensitive; curated
sea bottom,GEONOUN,locale,geonouns; case_insensitive; curated
sea bottoms,GEONOUN,locale,geonouns; case_insensitive; generated inflection
sea floor,GEONOUN,locale,geonouns; case_insensitive; curated
sea floors,GEONOUN,locale,geonouns; case_insensitive; generated inflection
sea-coast,GEONOUN,locale,geonouns; case_insensitive; curated
sea-coasts,GEONOUN,locale,geonouns; case_insensitive; generated inflection
sea-floor,GEONOUN,locale,geonouns; case_insensitive; curated
sea-floors,GEONOUN,locale,geonouns; case_insensitive; generated inflection
seabed,GEONOUN,locale,geonouns; case_insensitive; curated
seabeds,GEONOUN,locale,geonouns; case_insensitive; generated inflection
seaboard,GEONOUN,locale,geonouns; case_insensitive; curated
seaboards,GEONOUN,locale,geonouns; case_insensitive; generated inflection
seachannel,GEONOUN,locale,geonouns; case_insensitive; curated
seachannels,GEONOUN,locale,geonouns; case_insensitive; curated
seachannelses,GEONOUN,locale,geonouns; case_insensitive; generated inflection
seacoast,GEONOUN,locale,geonouns; case_insensitive; curated
seacoasts,GEONOUN,locale,geonouns; case_insensitive; generated inflection
seamount,GEONOUN,locale,geonouns; case_insensitive; curated
seamounts,GEONOUN,locale,geonouns; case_insensitive; curated
seamountses,GEONOUN,locale,geonouns; case_insensitive; generated inflection
seaplane landing area,GEONOUN,locale,geonouns; case_insensitive; curated
seaplane landing areas,GEONOUN,locale,geonouns; case_insensitive; generated inflection
seas,GEONOUN,locale,geonouns; case_insensitive; generated inflection
seashore,GEONOUN,locale,geonouns; case_insensitive; curated
seashores,GEONOUN,locale,geonouns; case_insensitive; generated inflection
seaside,GEONOUN,locale,geonouns; case_insensitive; curated
seasides,GEONOUN,locale,geonouns; case_insensitive; generated inflection
seat,GEONOUN,locale,geonouns; case_insensitive; curated
seats,GEONOUN,locale,geonouns; case_insensitive; generated inflection
second-floor,GEONOUN,locale,geonouns; case_insensitive; curated
second-floors,GEONOUN,locale,geonouns; case_insensitive; generated inflection
section of bank,GEONOUN,locale,geonouns; case_insensitive; curated
section of banks,GEONOUN,locale,geonouns; case_insensitive; generated inflection
section of canal,GEONOUN,locale,geonouns; case_insensitive; curated
section of canals,GEONOUN,locale,geonouns; case_insensitive; generated inflection
section of estate,GEONOUN,locale,geonouns; case_insensitive; curated
section of estates,GEONOUN,locale,geonouns; case_insensitive; generated inflection
section of harbor,GEONOUN,locale,geonouns; case_insensitive; curated
section of harbors,GEONOUN,locale,geonouns; case_insensitive; generated inflection
section of island,GEONOUN,locale,geonouns; case_insensitive; curated
section of islands,GEONOUN,locale,geonouns; case_insensitive; generated inflection
section of lagoon,GEONOUN,locale,geonouns; case_insensitive; curated
section of lagoons,GEONOUN,locale,geonouns; case_insensitive; generated inflection
section of lake,GEONOUN,locale,geonouns; case_insensitive; curated
section of lakes,GEONOUN,locale,geonouns; case_insensitive; generated inflection
section of peninsula,GEONOUN,locale,geonouns; case_insensitive; curated
section of peninsulas,GEONOUN,locale,geonouns; case_insensitive; generated inflection
section of plain,GEONOUN,locale,geonouns; case_insensitive; curated
section of plains,GEONOUN,locale,geonouns; case_insensitive; generated inflection
section of plateau,GEONOUN,locale,geonouns; case_insensitive; curated
section of plateaus,GEONOUN,locale,geonouns; case_insensitive; generated inflection
section of populated place,GEONOUN,locale,geonouns; case_insensitive; curated
section of populated places,GEONOUN,locale,geonouns; case_insensitive; generated inflection
section of reef,GEONOUN,locale,geonouns; case_insensitive; curated
section of reefs,GEONOUN,locale,geonouns; case_insensitive; generated inflection
section of stream,GEONOUN,locale,geonouns; case_insensitive; curated
section of streams,GEONOUN,locale,geonouns; case_insensitive; generated inflection
section of valley,GEONOUN,locale,geonouns; case_insensitive; curated
section of valleys,GEONOUN,locale,geonouns; case_insensitive; generated inflection
section of wadi,GEONOUN,locale,geonouns; case_insensitive; curated
section of wadis,GEONOUN,locale,geonouns; case_insensitive; generated inflection
section of waterfall,GEONOUN,locale,geonouns; case_insensitive; curated
section of waterfalls,GEONOUN,locale,geonouns; case_insensitive; curated
section of waterfallses,GEONOUN,locale,geonouns; case_insensitive; generated inflection
sector,GEONOUN,locale,geonouns; case_insensitive; curated
sectors,GEONOUN,locale,geonouns; case_insensitive; generated inflection
seedbed,GEONOUN,locale,geonouns; case_insensitive; curated
seedbeds,GEONOUN,locale,geonouns; case_insensitive; generated inflection
seif dune,GEONOUN,locale,geonouns; case_insensitive; curated
seif dunes,GEONOUN,locale,geonouns; case_insensitive; generated inflection
semidesert,GEONOUN,locale,geonouns; case_insensitive; curated
semideserts,GEONOUN,locale,geonouns; case_insensitive; generated inflection
semidetached house,GEONOUN,locale,geonouns; case_insensitive; curated
semidetached houses,GEONOUN,locale,geonouns; case_insensitive; generated inflection
semis,GEONOUN,locale,geonouns; case_insensitive; curated
semises,GEONOUN,locale,geonouns; case_insensitive; generated inflection
semitropics,GEONOUN,locale,geonouns; case_insensitive; curated
semitropicses,GEONOUN,locale,geonouns; case_insensitive; generated inflection
sepulcher,GEONOUN,locale,geonouns; case_insensitive; curated
sepulchers,GEONOUN,locale,geonouns; case_insensitive; generated inflection
sepulchre,GEONOUN,locale,geonouns; case_insensitive; curated
sepulchres,GEONOUN,locale,geonouns; case_insensitive; generated inflection
sepulture,GEONOUN,locale,geonouns; case_insensitive; curated
sepultures,GEONOUN,locale,geonouns; case_insensitive; generated inflection
service area,GEONOUN,locale,geonouns; case_insensitive; curated
service areas,GEONOUN,locale,geonouns; case_insensitive; generated inflection
service club,GEONOUN,locale,geonouns; case_insensitive; curated
service clubs,GEONOUN,locale,geonouns; case_insensitive; generated inflection
setting,GEONOUN,locale,geonouns; case_insensitive; curated
settings,GEONOUN,locale,geonouns; case_insensitive; generated inflection
settlement,GEONOUN,locale,geonouns; case_insensitive; curated
settlement house,GEONOUN,locale,geonouns; case_insensitive; curated
settlement houses,GEONOUN,locale,geonouns; case_insensitive; generated inflection
settlements,GEONOUN,locale,geonouns; case_insensitive; generated inflection
seven seas,GEONOUN,locale,geonouns; case_insensitive; curated
seven seases,GEONOUN,locale,geonouns; case_insensitive; generated inflection
sewage treatment plant,GEONOUN,locale,geonouns; case_insensitive; curated
sewage treatment plants,GEONOUN,locale,geonouns; case_insensitive; generated inflection
shack,GEONOUN,locale,geonouns; case_insensitive; curated
shacked,GEONOUN,locale,geonouns; case_insensitive; curated
shackeds,GEONOUN,locale,geonouns; case_insensitive; generated inflection
shacking,GEONOUN,locale,geonouns; case_insensitive; curated
shackings,GEONOUN,locale,geonouns; case_insensitive; generated inflection
shacks,GEONOUN,locale,geonouns; case_insensitive; curated
shackses,GEONOUN,locale,geonouns; case_insensitive; generated inflection
shallow,GEONOUN,locale,geonouns; case_insensitive; curated
shallows,GEONOUN,locale,geonouns; case_insensitive; generated inflection
shambles,GEONOUN,locale,geonouns; case_insensitive; curated
shambleses,GEONOUN,locale,geonouns; case_insensitive; generated inflection
shebeen,GEONOUN,locale,geonouns; case_insensitive; curated
shebeens,GEONOUN,locale,geonouns; case_insensitive; generated inflection
shed,GEONOUN,locale,geonouns; case_insensitive; curated
sheds,GEONOUN,locale,geonouns; case_insensitive; curated
shedses,GEONOUN,locale,geonouns; case_insensitive; generated inflection
sheepfold,GEONOUN,locale,geonouns; case_insensitive; curated
sheepfolds,GEONOUN,locale,geonouns; case_insensitive; generated inflection
shelf,GEONOUN,locale,geonouns; case_insensitive; curated
shelf edge,GEONOUN,locale,geonouns; case_insensitive; curated
shelf edges,GEONOUN,locale,geonouns; case_insensitive; generated inflection
shelf valley,GEONOUN,locale,geonouns; case_insensitive; curated
shelf valleys,GEONOUN,locale,geonouns; case_insensitive; generated inflection
shelfs,GEONOUN,locale,geonouns; case_insensitive; generated inflection
shelter,GEONOUN,locale,geonouns; case_insensitive; curated
shelters,GEONOUN,locale,geonouns; case_insensitive; curated
shelterses,GEONOUN,locale,geonouns; case_insensitive; generated inflection
ship,GEONOUN,locale,geonouns; case_insensitive; curated
ships,GEONOUN,locale,geonouns; case_insensitive; generated inflection
shoal,GEONOUN,locale,geonouns; case_insensitive; curated
shoals,GEONOUN,locale,geonouns; case_insensitive; curated
shoalses,GEONOUN,locale,geonouns; case_insensitive; generated inflection
shooting box,GEONOUN,locale,geonouns; case_insensitive; curated
shooting boxes,GEONOUN,locale,geonouns; case_insensitive; generated inflection
shooting galleries,GEONOUN,locale,geonouns; case_insensitive; generated inflection
shooting gallery,GEONOUN,locale,geonouns; case_insensitive; curated
shooting lodge,GEONOUN,locale,geonouns; case_insensitive; curated
shooting lodges,GEONOUN,locale,geonouns; case_insensitive; generated inflection
shopping mall,GEONOUN,locale,geonouns; case_insensitive; curated
shopping malls,GEONOUN,locale,geonouns; case_insensitive; generated inflection
shore,GEONOUN,locale,geonouns; case_insensitive; curated
shores,GEONOUN,locale,geonouns; case_insensitive; generated inflection
showplace,GEONOUN,locale,geonouns; case_insensitive; curated
showplaces,GEONOUN,locale,geonouns; case_insensitive; generated inflection
showroom,GEONOUN,locale,geonouns; case_insensitive; curated
showrooms,GEONOUN,locale,geonouns; case_insensitive; generated inflection
shrine,GEONOUN,locale,geonouns; case_insensitive; curated
shrines,GEONOUN,locale,geonouns; case_insensitive; generated inflection
side chapel,GEONOUN,locale,geonouns; case_insensitive; curated
side chapels,GEONOUN,locale,geonouns; case_insensitive; generated inflection
side yard,GEONOUN,locale,geonouns; case_insensitive; curated
side yards,GEONOUN,locale,geonouns; case_insensitive; generated inflection
signal box,GEONOUN,locale,geonouns; case_insensitive; curated
signal boxes,GEONOUN,locale,geonouns; case_insensitive; generated inflection
signal tower,GEONOUN,locale,geonouns; case_insensitive; curated
signal towers,GEONOUN,locale,geonouns; case_insensitive; generated inflection
sill,GEONOUN,locale,geonouns; case_insensitive; curated
sills,GEONOUN,locale,geonouns; case_insensitive; generated inflection
silva,GEONOUN,locale,geonouns; case_insensitive; curated
silvas,GEONOUN,locale,geonouns; case_insensitive; generated inflection
single dwelling,GEONOUN,locale,geonouns; case_insensitive; curated
single dwellings,GEONOUN,locale,geonouns; case_insensitive; generated inflection
sink,GEONOUN,locale,geonouns; case_insensitive; curated
sinkhole,GEONOUN,locale,geonouns; case_insensitive; curated
sinkholes,GEONOUN,locale,geonouns; case_insensitive; generated inflection
sinks,GEONOUN,locale,geonouns; case_insensitive; generated inflection
sisal plantation,GEONOUN,locale,geonouns; case_insensitive; curated
sisal plantations,GEONOUN,locale,geonouns; case_insensitive; generated inflection
site,GEONOUN,locale,geonouns; case_insensitive; curated
sites,GEONOUN,locale,geonouns; case_insensitive; generated inflection
skating rink,GEONOUN,locale,geonouns; case_insensitive; curated
skating rinks,GEONOUN,locale,geonouns; case_insensitive; generated inflection
ski area,GEONOUN,locale,geonouns; case_insensitive; curated
ski areas,GEONOUN,locale,geonouns; case_insensitive; generated inflection
ski lodge,GEONOUN,locale,geonouns; case_insensitive; curated
ski lodges,GEONOUN,locale,geonouns; case_insensitive; generated inflection
ski resort,GEONOUN,locale,geonouns; case_insensitive; curated
ski resorts,GEONOUN,locale,geonouns; case_insensitive; generated inflection
ski slope,GEONOUN,locale,geonouns; case_insensitive; curated
ski slopes,GEONOUN,locale,geonouns; case_insensitive; generated inflection
skylight,GEONOUN,locale,geonouns; case_insensitive; curated
skylights,GEONOUN,locale,geonouns; case_insensitive; curated
skylightses,GEONOUN,locale,geonouns; case_insensitive; generated inflection
skyscraper,GEONOUN,locale,geonouns; case_insensitive; curated
skyscrapers,GEONOUN,locale,geonouns; case_insensitive; curated
skyscraperses,GEONOUN,locale,geonouns; case_insensitive; generated inflection
slash,GEONOUN,locale,geonouns; case_insensitive; curated
slashes,GEONOUN,locale,geonouns; case_insensitive; generated inflection
slates,GEONOUN,locale,geonouns; case_insensitive; curated
slateses,GEONOUN,locale,geonouns; case_insensitive; generated inflection
slaughterhouse,GEONOUN,locale,geonouns; case_insensitive; curated
slaughterhouses,GEONOUN,locale,geonouns; case_insensitive; generated inflection
slide,GEONOUN,locale,geonouns; case_insensitive; curated
slides,GEONOUN,locale,geonouns; case_insensitive; generated inflection
slope,GEONOUN,locale,geonouns; case_insensitive; curated
slopes,GEONOUN,locale,geonouns; case_insensitive; curated
slopeses,GEONOUN,locale,geonouns; case_insensitive; generated inflection
sluice,GEONOUN,locale,geonouns; case_insensitive; curated
sluices,GEONOUN,locale,geonouns; case_insensitive; generated inflection
slum,GEONOUN,locale,geonouns; case_insensitive; curated
slums,GEONOUN,locale,geonouns; case_insensitive; curated
slumses,GEONOUN,locale,geonouns; case_insensitive; generated inflection
smokehouse,GEONOUN,locale,geonouns; case_insensitive; curated
smokehouses,GEONOUN,locale,geonouns; case_insensitive; generated inflection
snake pit,GEONOUN,locale,geonouns; case_insensitive; curated
snake pits,GEONOUN,locale,geonouns; case_insensitive; generated inflection
snowfield,GEONOUN,locale,geonouns; case_insensitive; curated
snowfields,GEONOUN,locale,geonouns; case_insensitive; generated inflection
soccer field,GEONOUN,locale,geonouns; case_insensitive; curated
soccer fields,GEONOUN,locale,geonouns; case_insensitive; generated inflection
sod house,GEONOUN,locale,geonouns; case_insensitive; curated
sod houses,GEONOUN,locale,geonouns; case_insensitive; generated inflection
soddies,GEONOUN,locale,geonouns; case_insensitive; generated inflection
soddy,GEONOUN,locale,geonouns; case_insensitive; curated
soil,GEONOUN,locale,geonouns; case_insensitive; curated
soils,GEONOUN,locale,geonouns; case_insensitive; generated inflection
solar house,GEONOUN,locale,geonouns; case_insensitive; curated
solar houses,GEONOUN,locale,geonouns; case_insensitive; generated inflection
solid ground,GEONOUN,locale,geonouns; case_insensitive; curated
solid grounds,GEONOUN,locale,geonouns; case_insensitive; generated inflection
south sea,GEONOUN,locale,geonouns; case_insensitive; curated
south sea islands,GEONOUN,locale,geonouns; case_insensitive; curated
south sea islandses,GEONOUN,locale,geonouns; case_insensitive; generated inflection
south seas,GEONOUN,locale,geonouns; case_insensitive; generated inflection
spa,GEONOUN,locale,geonouns; case_insensitive; curated
space center,GEONOUN,locale,geonouns; case_insensitive; curated
space centers,GEONOUN,locale,geonouns; case_insensitive; generated inflection
spaghetti junction,GEONOUN,locale,geonouns; case_insensitive; curated
spaghetti junctions,GEONOUN,locale,geonouns; case_insensitive; generated inflection
spare,GEONOUN,locale,geonouns; case_insensitive; curated
spares,GEONOUN,locale,geonouns; case_insensitive; generated inflection
spas,GEONOUN,locale,geonouns; case_insensitive; generated inflection
sphere,GEONOUN,locale,geonouns; case_insensitive; curated
sphere of influence,GEONOUN,locale,geonouns; case_insensitive; curated
sphere of influences,GEONOUN,locale,geonouns; case_insensitive; generated inflection
spheres,GEONOUN,locale,geonouns; case_insensitive; generated inflection
spillway,GEONOUN,locale,geonouns; case_insensitive; curated
spillways,GEONOUN,locale,geonouns; case_insensitive; generated inflection
spit,GEONOUN,locale,geonouns; case_insensitive; curated
spits,GEONOUN,locale,geonouns; case_insensitive; generated inflection
sport facilities,GEONOUN,locale,geonouns; case_insensitive; generated inflection
sport facility,GEONOUN,locale,geonouns; case_insensitive; curated
sporting house,GEONOUN,locale,geonouns; case_insensitive; curated
sporting houses,GEONOUN,locale,geonouns; case_insensitive; generated inflection
sports arena,GEONOUN,locale,geonouns; case_insensitive; curated
sports arenas,GEONOUN,locale,geonouns; case_insensitive; generated inflection
spot,GEONOUN,locale,geonouns; case_insensitive; curated
spots,GEONOUN,locale,geonouns; case_insensitive; generated inflection
sprawl,GEONOUN,locale,geonouns; case_insensitive; curated
sprawls,GEONOUN,locale,geonouns; case_insensitive; generated inflection
spring,GEONOUN,locale,geonouns; case_insensitive; curated
springs,GEONOUN,locale,geonouns; case_insensitive; curated
springses,GEONOUN,locale,geonouns; case_insensitive; generated inflection
spur,GEONOUN,locale,geonouns; case_insensitive; curated
spurs,GEONOUN,locale,geonouns; case_insensitive; curated
spurses,GEONOUN,locale,geonouns; case_insensitive; generated inflection
squash court,GEONOUN,locale,geonouns; case_insensitive; curated
squash courts,GEONOUN,locale,geonouns; case_insensitive; generated inflection
squat,GEONOUN,locale,geonouns; case_insensitive; curated
squats,GEONOUN,locale,geonouns; case_insensitive; generated inflection
stable,GEONOUN,locale,geonouns; case_insensitive; curated
stables,GEONOUN,locale,geonouns; case_insensitive; generated inflection
stadium,GEONOUN,locale,geonouns; case_insensitive; curated
stadiums,GEONOUN,locale,geonouns; case_insensitive; generated inflection
stair,GEONOUN,locale,geonouns; case_insensitive; curated
stairs,GEONOUN,locale,geonouns; case_insensitive; generated inflection
stairway,GEONOUN,locale,geonouns; case_insensitive; curated
stairways,GEONOUN,locale,geonouns; case_insensitive; curated
stairwayses,GEONOUN,locale,geonouns; case_insensitive; generated inflection
stairwell,GEONOUN,locale,geonouns; case_insensitive; curated
stairwells,GEONOUN,locale,geonouns; case_insensitive; curated
stairwellses,GEONOUN,locale,geonouns; case_insensitive; generated inflection
stalls,GEONOUN,locale,geonouns; case_insensitive; curated
stallses,GEONOUN,locale,geonouns; case_insensitive; generated inflection
stash house,GEONOUN,locale,geonouns; case_insensitive; curated
stash houses,GEONOUN,locale,geonouns; case_insensitive; generated inflection
state,GEONOUN,locale,geonouns; case_insensitive; curated
state capital,GEONOUN,locale,geonouns; case_insensitive; curated
state capitals,GEONOUN,locale,geonouns; case_insensitive; generated inflection
State Exam Prep Centre,GEONOUN,locale,geonouns; case_insensitive; curated
state exam prep centres,GEONOUN,locale,geonouns; case_insensitive; generated inflection
statehouse,GEONOUN,locale,geonouns; case_insensitive; curated
statehouses,GEONOUN,locale,geonouns; case_insensitive; generated inflection
stately home,GEONOUN,locale,geonouns; case_insensitive; curated
stately homes,GEONOUN,locale,geonouns; case_insensitive; generated inflection
states,GEONOUN,locale,geonouns; case_insensitive; generated inflection
station,GEONOUN,locale,geonouns; case_insensitive; curated
stations,GEONOUN,locale,geonouns; case_insensitive; generated inflection
steakhouse,GEONOUN,locale,geonouns; case_insensitive; curated
steakhouses,GEONOUN,locale,geonouns; case_insensitive; generated inflection
steamer,GEONOUN,locale,geonouns; case_insensitive; curated
steamers,GEONOUN,locale,geonouns; case_insensitive; generated inflection
steep,GEONOUN,locale,geonouns; case_insensitive; curated
steeple,GEONOUN,locale,geonouns; case_insensitive; curated
steeples,GEONOUN,locale,geonouns; case_insensitive; curated
steepleses,GEONOUN,locale,geonouns; case_insensitive; generated inflection
steeps,GEONOUN,locale,geonouns; case_insensitive; generated inflection
steppe,GEONOUN,locale,geonouns; case_insensitive; curated
steppes,GEONOUN,locale,geonouns; case_insensitive; generated inflection
steps,GEONOUN,locale,geonouns; case_insensitive; curated
stepses,GEONOUN,locale,geonouns; case_insensitive; generated inflection
stickle,GEONOUN,locale,geonouns; case_insensitive; curated
stickles,GEONOUN,locale,geonouns; case_insensitive; generated inflection
stock route,GEONOUN,locale,geonouns; case_insensitive; curated
stock routes,GEONOUN,locale,geonouns; case_insensitive; generated inflection
stockroom,GEONOUN,locale,geonouns; case_insensitive; curated
stockrooms,GEONOUN,locale,geonouns; case_insensitive; generated inflection
stone,GEONOUN,locale,geonouns; case_insensitive; curated
stones,GEONOUN,locale,geonouns; case_insensitive; generated inflection
stonework,GEONOUN,locale,geonouns; case_insensitive; curated
stoneworks,GEONOUN,locale,geonouns; case_insensitive; curated
stoneworkses,GEONOUN,locale,geonouns; case_insensitive; generated inflection
stony desert,GEONOUN,locale,geonouns; case_insensitive; curated
stony deserts,GEONOUN,locale,geonouns; case_insensitive; generated inflection
stopover,GEONOUN,locale,geonouns; case_insensitive; curated
stopovers,GEONOUN,locale,geonouns; case_insensitive; generated inflection
store,GEONOUN,locale,geonouns; case_insensitive; curated
storehouse,GEONOUN,locale,geonouns; case_insensitive; curated
storehouses,GEONOUN,locale,geonouns; case_insensitive; generated inflection
storeroom,GEONOUN,locale,geonouns; case_insensitive; curated
storerooms,GEONOUN,locale,geonouns; case_insensitive; curated
storeroomses,GEONOUN,locale,geonouns; case_insensitive; generated inflection
stores,GEONOUN,locale,geonouns; case_insensitive; generated inflection
strait,GEONOUN,locale,geonouns; case_insensitive; curated
straits,GEONOUN,locale,geonouns; case_insensitive; generated inflection
strand,GEONOUN,locale,geonouns; case_insensitive; curated
strands,GEONOUN,locale,geonouns; case_insensitive; generated inflection
stream,GEONOUN,locale,geonouns; case_insensitive; curated
stream bank,GEONOUN,locale,geonouns; case_insensitive; curated
stream banks,GEONOUN,locale,geonouns; case_insensitive; generated inflection
stream bend,GEONOUN,locale,geonouns; case_insensitive; curated
stream bends,GEONOUN,locale,geonouns; case_insensitive; generated inflection
stream mouth,GEONOUN,locale,geonouns; case_insensitive; curated
stream mouths,GEONOUN,locale,geonouns; case_insensitive; curated
stream mouthses,GEONOUN,locale,geonouns; case_insensitive; generated inflection
streambed,GEONOUN,locale,geonouns; case_insensitive; curated
streambeds,GEONOUN,locale,geonouns; case_insensitive; generated inflection
streamlet,GEONOUN,locale,geonouns; case_insensitive; curated
streamlets,GEONOUN,locale,geonouns; case_insensitive; generated inflection
streams,GEONOUN,locale,geonouns; case_insensitive; curated
streamses,GEONOUN,locale,geonouns; case_insensitive; generated inflection
street,GEONOUN,locale,geonouns; case_insensitive; curated
street corner,GEONOUN,locale,geonouns; case_insensitive; curated
street corners,GEONOUN,locale,geonouns; case_insensitive; generated inflection
streets,GEONOUN,locale,geonouns; case_insensitive; generated inflection
student center,GEONOUN,locale,geonouns; case_insensitive; curated
student centers,GEONOUN,locale,geonouns; case_insensitive; generated inflection
student residence,GEONOUN,locale,geonouns; case_insensitive; curated
student residences,GEONOUN,locale,geonouns; case_insensitive; generated inflection
student union,GEONOUN,locale,geonouns; case_insensitive; curated
student unions,GEONOUN,locale,geonouns; case_insensitive; generated inflection
stupa,GEONOUN,locale,geonouns; case_insensitive; curated
stupas,GEONOUN,locale,geonouns; case_insensitive; generated inflection
sub-surface dam,GEONOUN,locale,geonouns; case_insensitive; curated
sub-surface dams,GEONOUN,locale,geonouns; case_insensitive; generated inflection
subcontinent,GEONOUN,locale,geonouns; case_insensitive; curated
subcontinents,GEONOUN,locale,geonouns; case_insensitive; generated inflection
subdivision,GEONOUN,locale,geonouns; case_insensitive; curated
subdivisions,GEONOUN,locale,geonouns; case_insensitive; generated inflection
subtopia,GEONOUN,locale,geonouns; case_insensitive; curated
subtopias,GEONOUN,locale,geonouns; case_insensitive; generated inflection
subtropics,GEONOUN,locale,geonouns; case_insensitive; curated
subtropicses,GEONOUN,locale,geonouns; case_insensitive; generated inflection
sudatories,GEONOUN,locale,geonouns; case_insensitive; generated inflection
sudatorium,GEONOUN,locale,geonouns; case_insensitive; curated
sudatoriums,GEONOUN,locale,geonouns; case_insensitive; generated inflection
sudatory,GEONOUN,locale,geonouns; case_insensitive; curated
sugar mill,GEONOUN,locale,geonouns; case_insensitive; curated
sugar mills,GEONOUN,locale,geonouns; case_insensitive; generated inflection
sugar plantation,GEONOUN,locale,geonouns; case_insensitive; curated
sugar plantations,GEONOUN,locale,geonouns; case_insensitive; generated inflection
sugar refineries,GEONOUN,locale,geonouns; case_insensitive; generated inflection
sugar refinery,GEONOUN,locale,geonouns; case_insensitive; curated
suite,GEONOUN,locale,geonouns; case_insensitive; curated
suites,GEONOUN,locale,geonouns; case_insensitive; generated inflection
sulphur spring,GEONOUN,locale,geonouns; case_insensitive; curated
sulphur springs,GEONOUN,locale,geonouns; case_insensitive; curated
sulphur springses,GEONOUN,locale,geonouns; case_insensitive; generated inflection
summer camp,GEONOUN,locale,geonouns; case_insensitive; curated
summer camps,GEONOUN,locale,geonouns; case_insensitive; generated inflection
summer house,GEONOUN,locale,geonouns; case_insensitive; curated
summer houses,GEONOUN,locale,geonouns; case_insensitive; generated inflection
summerhouse,GEONOUN,locale,geonouns; case_insensitive; curated
summerhouses,GEONOUN,locale,geonouns; case_insensitive; generated inflection
summit,GEONOUN,locale,geonouns; case_insensitive; curated
summits,GEONOUN,locale,geonouns; case_insensitive; generated inflection
sunken garden,GEONOUN,locale,geonouns; case_insensitive; curated
sunken gardens,GEONOUN,locale,geonouns; case_insensitive; generated inflection
superfund site,GEONOUN,locale,geonouns; case_insensitive; curated
superfund sites,GEONOUN,locale,geonouns; case_insensitive; generated inflection
surround,GEONOUN,locale,geonouns; case_insensitive; curated
surroundings,GEONOUN,locale,geonouns; case_insensitive; curated
surroundingses,GEONOUN,locale,geonouns; case_insensitive; generated inflection
surrounds,GEONOUN,locale,geonouns; case_insensitive; generated inflection
swale,GEONOUN,locale,geonouns; case_insensitive; curated
swales,GEONOUN,locale,geonouns; case_insensitive; generated inflection
swallow hole,GEONOUN,locale,geonouns; case_insensitive; curated
swallow holes,GEONOUN,locale,geonouns; case_insensitive; generated inflection
swamp,GEONOUN,locale,geonouns; case_insensitive; curated
swamps,GEONOUN,locale,geonouns; case_insensitive; generated inflection
swell,GEONOUN,locale,geonouns; case_insensitive; curated
swells,GEONOUN,locale,geonouns; case_insensitive; generated inflection
swimming hole,GEONOUN,locale,geonouns; case_insensitive; curated
swimming holes,GEONOUN,locale,geonouns; case_insensitive; generated inflection
synagog,GEONOUN,locale,geonouns; case_insensitive; curated
synagogs,GEONOUN,locale,geonouns; case_insensitive; generated inflection
synagogue,GEONOUN,locale,geonouns; case_insensitive; curated
synagogues,GEONOUN,locale,geonouns; case_insensitive; generated inflection
t-junction,GEONOUN,locale,geonouns; case_insensitive; curated
t-junctions,GEONOUN,locale,geonouns; case_insensitive; generated inflection
tabernacle,GEONOUN,locale,geonouns; case_insensitive; curated
tabernacles,GEONOUN,locale,geonouns; case_insensitive; generated inflection
table mounts,GEONOUN,locale,geonouns; case_insensitive; curated
table mountses,GEONOUN,locale,geonouns; case_insensitive; generated inflection
tableland,GEONOUN,locale,geonouns; case_insensitive; curated
tablelands,GEONOUN,locale,geonouns; case_insensitive; generated inflection
tablemount,GEONOUN,locale,geonouns; case_insensitive; curated
tablemounts,GEONOUN,locale,geonouns; case_insensitive; curated
tablemountses,GEONOUN,locale,geonouns; case_insensitive; generated inflection
talus,GEONOUN,locale,geonouns; case_insensitive; curated
talus slope,GEONOUN,locale,geonouns; case_insensitive; curated
talus slopes,GEONOUN,locale,geonouns; case_insensitive; generated inflection
taluses,GEONOUN,locale,geonouns; case_insensitive; generated inflection
tank farm,GEONOUN,locale,geonouns; case_insensitive; curated
tank farms,GEONOUN,locale,geonouns; case_insensitive; generated inflection
tap house,GEONOUN,locale,geonouns; case_insensitive; curated
tap houses,GEONOUN,locale,geonouns; case_insensitive; generated inflection
taphouse,GEONOUN,locale,geonouns; case_insensitive; curated
taphouses,GEONOUN,locale,geonouns; case_insensitive; generated inflection
tar pit,GEONOUN,locale,geonouns; case_insensitive; curated
tar pits,GEONOUN,locale,geonouns; case_insensitive; generated inflection
target area,GEONOUN,locale,geonouns; case_insensitive; curated
target areas,GEONOUN,locale,geonouns; case_insensitive; generated inflection
tarn,GEONOUN,locale,geonouns; case_insensitive; curated
tarns,GEONOUN,locale,geonouns; case_insensitive; generated inflection
tavern,GEONOUN,locale,geonouns; case_insensitive; curated
taverns,GEONOUN,locale,geonouns; case_insensitive; generated inflection
tea garden,GEONOUN,locale,geonouns; case_insensitive; curated
tea gardens,GEONOUN,locale,geonouns; case_insensitive; generated inflection
tea parlor,GEONOUN,locale,geonouns; case_insensitive; curated
tea parlors,GEONOUN,locale,geonouns; case_insensitive; generated inflection
tea parlour,GEONOUN,locale,geonouns; case_insensitive; curated
tea parlours,GEONOUN,locale,geonouns; case_insensitive; generated inflection
tea plantation,GEONOUN,locale,geonouns; case_insensitive; curated
tea plantations,GEONOUN,locale,geonouns; case_insensitive; generated inflection
teahouse,GEONOUN,locale,geonouns; case_insensitive; curated
teahouses,GEONOUN,locale,geonouns; case_insensitive; generated inflection
tearoom,GEONOUN,locale,geonouns; case_insensitive; curated
tearooms,GEONOUN,locale,geonouns; case_insensitive; generated inflection
teashop,GEONOUN,locale,geonouns; case_insensitive; curated
teashops,GEONOUN,locale,geonouns; case_insensitive; generated inflection
technical school,GEONOUN,locale,geonouns; case_insensitive; curated
technical schools,GEONOUN,locale,geonouns; case_insensitive; generated inflection
tee,GEONOUN,locale,geonouns; case_insensitive; curated
teeing ground,GEONOUN,locale,geonouns; case_insensitive; curated
teeing grounds,GEONOUN,locale,geonouns; case_insensitive; generated inflection
tees,GEONOUN,locale,geonouns; case_insensitive; generated inflection
telco building,GEONOUN,locale,geonouns; case_insensitive; curated
telco buildings,GEONOUN,locale,geonouns; case_insensitive; generated inflection
telecom hotel,GEONOUN,locale,geonouns; case_insensitive; curated
telecom hotels,GEONOUN,locale,geonouns; case_insensitive; generated inflection
temp work office,GEONOUN,locale,geonouns; case_insensitive; curated
temp work offices,GEONOUN,locale,geonouns; case_insensitive; generated inflection
temperate zone,GEONOUN,locale,geonouns; case_insensitive; curated
temperate zones,GEONOUN,locale,geonouns; case_insensitive; generated inflection
temple,GEONOUN,locale,geonouns; case_insensitive; curated
temples,GEONOUN,locale,geonouns; case_insensitive; curated
templeses,GEONOUN,locale,geonouns; case_insensitive; generated inflection
tenement,GEONOUN,locale,geonouns; case_insensitive; curated
tenement house,GEONOUN,locale,geonouns; case_insensitive; curated
tenement houses,GEONOUN,locale,geonouns; case_insensitive; generated inflection
tenements,GEONOUN,locale,geonouns; case_insensitive; curated
tenementses,GEONOUN,locale,geonouns; case_insensitive; generated inflection
tennis court,GEONOUN,locale,geonouns; case_insensitive; curated
tennis courts,GEONOUN,locale,geonouns; case_insensitive; generated inflection
tents,GEONOUN,locale,geonouns; case_insensitive; curated
tentses,GEONOUN,locale,geonouns; case_insensitive; generated inflection
terminal,GEONOUN,locale,geonouns; case_insensitive; curated
terminals,GEONOUN,locale,geonouns; case_insensitive; generated inflection
terra firma,GEONOUN,locale,geonouns; case_insensitive; curated
terra firmas,GEONOUN,locale,geonouns; case_insensitive; generated inflection
terrace,GEONOUN,locale,geonouns; case_insensitive; curated
terraced,GEONOUN,locale,geonouns; case_insensitive; curated
terraced house,GEONOUN,locale,geonouns; case_insensitive; curated
terraced houses,GEONOUN,locale,geonouns; case_insensitive; generated inflection
terraceds,GEONOUN,locale,geonouns; case_insensitive; generated inflection
terraces,GEONOUN,locale,geonouns; case_insensitive; curated
terraceses,GEONOUN,locale,geonouns; case_insensitive; generated inflection
terrain,GEONOUN,locale,geonouns; case_insensitive; curated
terrains,GEONOUN,locale,geonouns; case_insensitive; generated inflection
territorial waters,GEONOUN,locale,geonouns; case_insensitive; curated
territorial waterses,GEONOUN,locale,geonouns; case_insensitive; generated inflection
territories,GEONOUN,locale,geonouns; case_insensitive; generated inflection
territory,GEONOUN,locale,geonouns; case_insensitive; curated
thatched,GEONOUN,locale,geonouns; case_insensitive; curated
thatcheds,GEONOUN,locale,geonouns; case_insensitive; generated inflection
the mine,GEONOUN,locale,geonouns; case_insensitive; curated
the mines,GEONOUN,locale,geonouns; case_insensitive; generated inflection
theater,GEONOUN,locale,geonouns; case_insensitive; curated
theater in the round,GEONOUN,locale,geonouns; case_insensitive; curated
theater in the rounds,GEONOUN,locale,geonouns; case_insensitive; generated inflection
theaters,GEONOUN,locale,geonouns; case_insensitive; generated inflection
theatre,GEONOUN,locale,geonouns; case_insensitive; curated
theatres,GEONOUN,locale,geonouns; case_insensitive; generated inflection
theme park,GEONOUN,locale,geonouns; case_insensitive; curated
theme parks,GEONOUN,locale,geonouns; case_insensitive; generated inflection
thermal spring,GEONOUN,locale,geonouns; case_insensitive; curated
thermal springs,GEONOUN,locale,geonouns; case_insensitive; generated inflection
threshold,GEONOUN,locale,geonouns; case_insensitive; curated
thresholds,GEONOUN,locale,geonouns; case_insensitive; generated inflection
tidal basin,GEONOUN,locale,geonouns; case_insensitive; curated
tidal basins,GEONOUN,locale,geonouns; case_insensitive; generated inflection
tidal creek,GEONOUN,locale,geonouns; case_insensitive; curated
tidal creeks,GEONOUN,locale,geonouns; case_insensitive; curated
tidal creekses,GEONOUN,locale,geonouns; case_insensitive; generated inflection
tidal flat,GEONOUN,locale,geonouns; case_insensitive; curated
tidal flats,GEONOUN,locale,geonouns; case_insensitive; curated
tidal flatses,GEONOUN,locale,geonouns; case_insensitive; generated inflection
tidal river,GEONOUN,locale,geonouns; case_insensitive; curated
tidal rivers,GEONOUN,locale,geonouns; case_insensitive; generated inflection
tidal stream,GEONOUN,locale,geonouns; case_insensitive; curated
tidal streams,GEONOUN,locale,geonouns; case_insensitive; generated inflection
tideland,GEONOUN,locale,geonouns; case_insensitive; curated
tidelands,GEONOUN,locale,geonouns; case_insensitive; generated inflection
tidewater,GEONOUN,locale,geonouns; case_insensitive; curated
tidewater river,GEONOUN,locale,geonouns; case_insensitive; curated
tidewater rivers,GEONOUN,locale,geonouns; case_insensitive; generated inflection
tidewater stream,GEONOUN,locale,geonouns; case_insensitive; curated
tidewater streams,GEONOUN,locale,geonouns; case_insensitive; generated inflection
tidewaters,GEONOUN,locale,geonouns; case_insensitive; generated inflection
tideway,GEONOUN,locale,geonouns; case_insensitive; curated
tideways,GEONOUN,locale,geonouns; case_insensitive; generated inflection
tile,GEONOUN,locale,geonouns; case_insensitive; curated
tiles,GEONOUN,locale,geonouns; case_insensitive; generated inflection
tiltyard,GEONOUN,locale,geonouns; case_insensitive; curated
tiltyards,GEONOUN,locale,geonouns; case_insensitive; generated inflection
timber,GEONOUN,locale,geonouns; case_insensitive; curated
timberland,GEONOUN,locale,geonouns; case_insensitive; curated
timberlands,GEONOUN,locale,geonouns; case_insensitive; generated inflection
timbers,GEONOUN,locale,geonouns; case_insensitive; generated inflection
tin mine,GEONOUN,locale,geonouns; case_insensitive; curated
tin mines,GEONOUN,locale,geonouns; case_insensitive; generated inflection
tip,GEONOUN,locale,geonouns; case_insensitive; curated
tips,GEONOUN,locale,geonouns; case_insensitive; generated inflection
tithe barn,GEONOUN,locale,geonouns; case_insensitive; curated
tithe barns,GEONOUN,locale,geonouns; case_insensitive; generated inflection
toll gate/barrier,GEONOUN,locale,geonouns; case_insensitive; curated
toll gate/barriers,GEONOUN,locale,geonouns; case_insensitive; generated inflection
toll plaza,GEONOUN,locale,geonouns; case_insensitive; curated
toll plazas,GEONOUN,locale,geonouns; case_insensitive; generated inflection
tomb,GEONOUN,locale,geonouns; case_insensitive; curated
tombs,GEONOUN,locale,geonouns; case_insensitive; curated
tombses,GEONOUN,locale,geonouns; case_insensitive; generated inflection
toolhouse,GEONOUN,locale,geonouns; case_insensitive; curated
toolhouses,GEONOUN,locale,geonouns; case_insensitive; generated inflection
toolshed,GEONOUN,locale,geonouns; case_insensitive; curated
toolsheds,GEONOUN,locale,geonouns; case_insensitive; generated inflection
tope,GEONOUN,locale,geonouns; case_insensitive; curated
topes,GEONOUN,locale,geonouns; case_insensitive; generated inflection
topiaries,GEONOUN,locale,geonouns; case_insensitive; generated inflection
topiary,GEONOUN,locale,geonouns; case_insensitive; curated
topographic point,GEONOUN,locale,geonouns; case_insensitive; curated
topographic points,GEONOUN,locale,geonouns; case_insensitive; generated inflection
tor,GEONOUN,locale,geonouns; case_insensitive; curated
tors,GEONOUN,locale,geonouns; case_insensitive; generated inflection
tourist court,GEONOUN,locale,geonouns; case_insensitive; curated
tourist courts,GEONOUN,locale,geonouns; case_insensitive; generated inflection
tower,GEONOUN,locale,geonouns; case_insensitive; curated
towers,GEONOUN,locale,geonouns; case_insensitive; curated
towerses,GEONOUN,locale,geonouns; case_insensitive; generated inflection
town,GEONOUN,locale,geonouns; case_insensitive; curated
town hall,GEONOUN,locale,geonouns; case_insensitive; curated
town halls,GEONOUN,locale,geonouns; case_insensitive; generated inflection
town house,GEONOUN,locale,geonouns; case_insensitive; curated
town houses,GEONOUN,locale,geonouns; case_insensitive; generated inflection
towns,GEONOUN,locale,geonouns; case_insensitive; generated inflection
toxic dumpsite,GEONOUN,locale,geonouns; case_insensitive; curated
toxic dumpsites,GEONOUN,locale,geonouns; case_insensitive; generated inflection
toxic site,GEONOUN,locale,geonouns; case_insensitive; curated
toxic sites,GEONOUN,locale,geonouns; case_insensitive; generated inflection
toxic waste area,GEONOUN,locale,geonouns; case_insensitive; curated
toxic waste areas,GEONOUN,locale,geonouns; case_insensitive; generated inflection
toxic waste dump,GEONOUN,locale,geonouns; case_insensitive; curated
toxic waste dumps,GEONOUN,locale,geonouns; case_insensitive; generated inflection
toxic waste site,GEONOUN,locale,geonouns; case_insensitive; curated
toxic waste sites,GEONOUN,locale,geonouns; case_insensitive; generated inflection
track,GEONOUN,locale,geonouns; case_insensitive; curated
tracks,GEONOUN,locale,geonouns; case_insensitive; generated inflection
tract,GEONOUN,locale,geonouns; case_insensitive; curated
tract house,GEONOUN,locale,geonouns; case_insensitive; curated
tract houses,GEONOUN,locale,geonouns; case_insensitive; generated inflection
tracts,GEONOUN,locale,geonouns; case_insensitive; generated inflection
traffic circle,GEONOUN,locale,geonouns; case_insensitive; curated
traffic circles,GEONOUN,locale,geonouns; case_insensitive; generated inflection
traffic island,GEONOUN,locale,geonouns; case_insensitive; curated
traffic islands,GEONOUN,locale,geonouns; case_insensitive; generated inflection
trail,GEONOUN,locale,geonouns; case_insensitive; curated
trails,GEONOUN,locale,geonouns; case_insensitive; generated inflection
train,GEONOUN,locale,geonouns; case_insensitive; curated
train station,GEONOUN,locale,geonouns; case_insensitive; curated
train stations,GEONOUN,locale,geonouns; case_insensitive; generated inflection
trains,GEONOUN,locale,geonouns; case_insensitive; generated inflection
tram,GEONOUN,locale,geonouns; case_insensitive; curated
trams,GEONOUN,locale,geonouns; case_insensitive; generated inflection
transit terminal,GEONOUN,locale,geonouns; case_insensitive; curated
transit terminals,GEONOUN,locale,geonouns; case_insensitive; generated inflection
transit zone,GEONOUN,locale,geonouns; case_insensitive; curated
transit zones,GEONOUN,locale,geonouns; case_insensitive; generated inflection
trash dump,GEONOUN,locale,geonouns; case_insensitive; curated
trash dumps,GEONOUN,locale,geonouns; case_insensitive; generated inflection
trash heap,GEONOUN,locale,geonouns; case_insensitive; curated
trash heaps,GEONOUN,locale,geonouns; case_insensitive; generated inflection
trash pile,GEONOUN,locale,geonouns; case_insensitive; curated
trash piles,GEONOUN,locale,geonouns; case_insensitive; generated inflection
treadmill,GEONOUN,locale,geonouns; case_insensitive; curated
treadmills,GEONOUN,locale,geonouns; case_insensitive; generated inflection
tree,GEONOUN,locale,geonouns; case_insensitive; curated
tree farm,GEONOUN,locale,geonouns; case_insensitive; curated
tree farms,GEONOUN,locale,geonouns; case_insensitive; generated inflection
trees,GEONOUN,locale,geonouns; case_insensitive; curated
treeses,GEONOUN,locale,geonouns; case_insensitive; generated inflection
trench,GEONOUN,locale,geonouns; case_insensitive; curated
trenches,GEONOUN,locale,geonouns; case_insensitive; generated inflection
triangulation station,GEONOUN,locale,geonouns; case_insensitive; curated
triangulation stations,GEONOUN,locale,geonouns; case_insensitive; generated inflection
tribal area,GEONOUN,locale,geonouns; case_insensitive; curated
tribal areas,GEONOUN,locale,geonouns; case_insensitive; generated inflection
tributaries,GEONOUN,locale,geonouns; case_insensitive; generated inflection
tributary,GEONOUN,locale,geonouns; case_insensitive; curated
trou-de-loup,GEONOUN,locale,geonouns; case_insensitive; curated
trou-de-loups,GEONOUN,locale,geonouns; case_insensitive; generated inflection
trouble spot,GEONOUN,locale,geonouns; case_insensitive; curated
trouble spots,GEONOUN,locale,geonouns; case_insensitive; generated inflection
trough,GEONOUN,locale,geonouns; case_insensitive; curated
troughs,GEONOUN,locale,geonouns; case_insensitive; generated inflection
tulip bed,GEONOUN,locale,geonouns; case_insensitive; curated
tulip beds,GEONOUN,locale,geonouns; case_insensitive; generated inflection
tundra,GEONOUN,locale,geonouns; case_insensitive; curated
tundras,GEONOUN,locale,geonouns; case_insensitive; generated inflection
tunnel,GEONOUN,locale,geonouns; case_insensitive; curated
tunnels,GEONOUN,locale,geonouns; case_insensitive; curated
tunnelses,GEONOUN,locale,geonouns; case_insensitive; generated inflection
turning point,GEONOUN,locale,geonouns; case_insensitive; curated
turning points,GEONOUN,locale,geonouns; case_insensitive; generated inflection
turnip bed,GEONOUN,locale,geonouns; case_insensitive; curated
turnip beds,GEONOUN,locale,geonouns; case_insensitive; generated inflection
turnpike,GEONOUN,locale,geonouns; case_insensitive; curated
turnpikes,GEONOUN,locale,geonouns; case_insensitive; generated inflection
turret,GEONOUN,locale,geonouns; case_insensitive; curated
turrets,GEONOUN,locale,geonouns; case_insensitive; curated
turretses,GEONOUN,locale,geonouns; case_insensitive; generated inflection
twilight zone,GEONOUN,locale,geonouns; case_insensitive; curated
twilight zones,GEONOUN,locale,geonouns; case_insensitive; generated inflection
underground irrigation canal,GEONOUN,locale,geonouns; case_insensitive; curated
underground irrigation canals,GEONOUN,locale,geonouns; case_insensitive; curated
underground irrigation canalses,GEONOUN,locale,geonouns; case_insensitive; generated inflection
underground lake,GEONOUN,locale,geonouns; case_insensitive; curated
underground lakes,GEONOUN,locale,geonouns; case_insensitive; generated inflection
universities,GEONOUN,locale,geonouns; case_insensitive; generated inflection
university,GEONOUN,locale,geonouns; case_insensitive; curated
university prep school,GEONOUN,locale,geonouns; case_insensitive; curated
university prep schools,GEONOUN,locale,geonouns; case_insensitive; generated inflection
upgrade,GEONOUN,locale,geonouns; case_insensitive; curated
upgrades,GEONOUN,locale,geonouns; case_insensitive; generated inflection
uphill,GEONOUN,locale,geonouns; case_insensitive; curated
uphills,GEONOUN,locale,geonouns; case_insensitive; generated inflection
upland,GEONOUN,locale,geonouns; case_insensitive; curated
uplands,GEONOUN,locale,geonouns; case_insensitive; generated inflection
upstairs,GEONOUN,locale,geonouns; case_insensitive; curated
upstairses,GEONOUN,locale,geonouns; case_insensitive; generated inflection
urban,GEONOUN,locale,geonouns; case_insensitive; curated
urban area,GEONOUN,locale,geonouns; case_insensitive; curated
urban areas,GEONOUN,locale,geonouns; case_insensitive; generated inflection
urban center,GEONOUN,locale,geonouns; case_insensitive; curated
urban centers,GEONOUN,locale,geonouns; case_insensitive; generated inflection
urban sprawl,GEONOUN,locale,geonouns; case_insensitive; curated
urban sprawls,GEONOUN,locale,geonouns; case_insensitive; generated inflection
urbans,GEONOUN,locale,geonouns; case_insensitive; generated inflection
used-car lot,GEONOUN,locale,geonouns; case_insensitive; curated
used-car lots,GEONOUN,locale,geonouns; case_insensitive; generated inflection
vacant lot,GEONOUN,locale,geonouns; case_insensitive; curated
vacant lots,GEONOUN,locale,geonouns; case_insensitive; generated inflection
vale,GEONOUN,locale,geonouns; case_insensitive; curated
vales,GEONOUN,locale,geonouns; case_insensitive; generated inflection
valley,GEONOUN,locale,geonouns; case_insensitive; curated
valleys,GEONOUN,locale,geonouns; case_insensitive; curated
valleyses,GEONOUN,locale,geonouns; case_insensitive; generated inflection
vaudeville theater,GEONOUN,locale,geonouns; case_insensitive; curated
vaudeville theaters,GEONOUN,locale,geonouns; case_insensitive; generated inflection
vaudeville theatre,GEONOUN,locale,geonouns; case_insensitive; curated
vaudeville theatres,GEONOUN,locale,geonouns; case_insensitive; generated inflection
vault,GEONOUN,locale,geonouns; case_insensitive; curated
vaulting,GEONOUN,locale,geonouns; case_insensitive; curated
vaultings,GEONOUN,locale,geonouns; case_insensitive; generated inflection
vaults,GEONOUN,locale,geonouns; case_insensitive; curated
vaultses,GEONOUN,locale,geonouns; case_insensitive; generated inflection
vegetable garden,GEONOUN,locale,geonouns; case_insensitive; curated
vegetable gardens,GEONOUN,locale,geonouns; case_insensitive; generated inflection
vegetable patch,GEONOUN,locale,geonouns; case_insensitive; curated
vegetable patches,GEONOUN,locale,geonouns; case_insensitive; generated inflection
vein,GEONOUN,locale,geonouns; case_insensitive; curated
veins,GEONOUN,locale,geonouns; case_insensitive; generated inflection
veld,GEONOUN,locale,geonouns; case_insensitive; curated
velds,GEONOUN,locale,geonouns; case_insensitive; generated inflection
veldt,GEONOUN,locale,geonouns; case_insensitive; curated
veldts,GEONOUN,locale,geonouns; case_insensitive; generated inflection
venue,GEONOUN,locale,geonouns; case_insensitive; curated
venues,GEONOUN,locale,geonouns; case_insensitive; generated inflection
veranda,GEONOUN,locale,geonouns; case_insensitive; curated
verandas,GEONOUN,locale,geonouns; case_insensitive; generated inflection
versant,GEONOUN,locale,geonouns; case_insensitive; curated
versants,GEONOUN,locale,geonouns; case_insensitive; generated inflection
vestibule,GEONOUN,locale,geonouns; case_insensitive; curated
vestibules,GEONOUN,locale,geonouns; case_insensitive; generated inflection
veterinary facilities,GEONOUN,locale,geonouns; case_insensitive; generated inflection
veterinary facility,GEONOUN,locale,geonouns; case_insensitive; curated
viaduct,GEONOUN,locale,geonouns; case_insensitive; curated
viaducts,GEONOUN,locale,geonouns; case_insensitive; generated inflection
vicarage,GEONOUN,locale,geonouns; case_insensitive; curated
vicarages,GEONOUN,locale,geonouns; case_insensitive; generated inflection
victory garden,GEONOUN,locale,geonouns; case_insensitive; curated
victory gardens,GEONOUN,locale,geonouns; case_insensitive; generated inflection
villa,GEONOUN,locale,geonouns; case_insensitive; curated
village,GEONOUN,locale,geonouns; case_insensitive; curated
village green,GEONOUN,locale,geonouns; case_insensitive; curated
village greens,GEONOUN,locale,geonouns; case_insensitive; generated inflection
villages,GEONOUN,locale,geonouns; case_insensitive; generated inflection
villas,GEONOUN,locale,geonouns; case_insensitive; curated
villases,GEONOUN,locale,geonouns; case_insensitive; generated inflection
vineyard,GEONOUN,locale,geonouns; case_insensitive; curated
vineyards,GEONOUN,locale,geonouns; case_insensitive; curated
vineyardses,GEONOUN,locale,geonouns; case_insensitive; generated inflection
volaries,GEONOUN,locale,geonouns; case_insensitive; generated inflection
volcanic crater,GEONOUN,locale,geonouns; case_insensitive; curated
volcanic craters,GEONOUN,locale,geonouns; case_insensitive; generated inflection
volcano,GEONOUN,locale,geonouns; case_insensitive; curated
volcanos,GEONOUN,locale,geonouns; case_insensitive; generated inflection
volleyball court,GEONOUN,locale,geonouns; case_insensitive; curated
volleyball courts,GEONOUN,locale,geonouns; case_insensitive; generated inflection
wadi,GEONOUN,locale,geonouns; case_insensitive; curated
wadi bend,GEONOUN,locale,geonouns; case_insensitive; curated
wadi bends,GEONOUN,locale,geonouns; case_insensitive; generated inflection
wadi junction,GEONOUN,locale,geonouns; case_insensitive; curated
wadi junctions,GEONOUN,locale,geonouns; case_insensitive; generated inflection
wadi mouth,GEONOUN,locale,geonouns; case_insensitive; curated
wadi mouths,GEONOUN,locale,geonouns; case_insensitive; generated inflection
wadies,GEONOUN,locale,geonouns; case_insensitive; curated
wadieses,GEONOUN,locale,geonouns; case_insensitive; generated inflection
wadis,GEONOUN,locale,geonouns; case_insensitive; generated inflection
walled,GEONOUN,locale,geonouns; case_insensitive; curated
walleds,GEONOUN,locale,geonouns; case_insensitive; generated inflection
wallow,GEONOUN,locale,geonouns; case_insensitive; curated
wallows,GEONOUN,locale,geonouns; case_insensitive; generated inflection
walls,GEONOUN,locale,geonouns; case_insensitive; curated
wallses,GEONOUN,locale,geonouns; case_insensitive; generated inflection
warrens,GEONOUN,locale,geonouns; case_insensitive; generated inflection
waste,GEONOUN,locale,geonouns; case_insensitive; curated
waste-yard,GEONOUN,locale,geonouns; case_insensitive; curated
waste-yards,GEONOUN,locale,geonouns; case_insensitive; generated inflection
wasteland,GEONOUN,locale,geonouns; case_insensitive; curated
wastelands,GEONOUN,locale,geonouns; case_insensitive; generated inflection
wastes,GEONOUN,locale,geonouns; case_insensitive; generated inflection
wasteyard,GEONOUN,locale,geonouns; case_insensitive; curated
wasteyards,GEONOUN,locale,geonouns; case_insensitive; generated inflection
watchtower,GEONOUN,locale,geonouns; case_insensitive; curated
watchtowers,GEONOUN,locale,geonouns; case_insensitive; curated
watchtowerses,GEONOUN,locale,geonouns; case_insensitive; generated inflection
water hole,GEONOUN,locale,geonouns; case_insensitive; curated
water holes,GEONOUN,locale,geonouns; case_insensitive; generated inflection
water level,GEONOUN,locale,geonouns; case_insensitive; curated
water levels,GEONOUN,locale,geonouns; case_insensitive; generated inflection
water mill,GEONOUN,locale,geonouns; case_insensitive; curated
water mills,GEONOUN,locale,geonouns; case_insensitive; generated inflection
water pumping station,GEONOUN,locale,geonouns; case_insensitive; curated
water pumping stations,GEONOUN,locale,geonouns; case_insensitive; generated inflection
water table,GEONOUN,locale,geonouns; case_insensitive; curated
water tables,GEONOUN,locale,geonouns; case_insensitive; generated inflection
water tank,GEONOUN,locale,geonouns; case_insensitive; curated
water tanks,GEONOUN,locale,geonouns; case_insensitive; generated inflection
water tower,GEONOUN,locale,geonouns; case_insensitive; curated
water towers,GEONOUN,locale,geonouns; case_insensitive; generated inflection
watercourse,GEONOUN,locale,geonouns; case_insensitive; curated
watercourses,GEONOUN,locale,geonouns; case_insensitive; generated inflection
waterfall,GEONOUN,locale,geonouns; case_insensitive; curated
waterfalls,GEONOUN,locale,geonouns; case_insensitive; curated
waterfallses,GEONOUN,locale,geonouns; case_insensitive; generated inflection
waterhole,GEONOUN,locale,geonouns; case_insensitive; curated
waterholes,GEONOUN,locale,geonouns; case_insensitive; curated
waterholeses,GEONOUN,locale,geonouns; case_insensitive; generated inflection
watermill,GEONOUN,locale,geonouns; case_insensitive; curated
watermills,GEONOUN,locale,geonouns; case_insensitive; generated inflection
watershed,GEONOUN,locale,geonouns; case_insensitive; curated
watersheds,GEONOUN,locale,geonouns; case_insensitive; generated inflection
waterside,GEONOUN,locale,geonouns; case_insensitive; curated
watersides,GEONOUN,locale,geonouns; case_insensitive; generated inflection
waterway,GEONOUN,locale,geonouns; case_insensitive; curated
waterway tunnel,GEONOUN,locale,geonouns; case_insensitive; curated
waterway tunnels,GEONOUN,locale,geonouns; case_insensitive; generated inflection
waterways,GEONOUN,locale,geonouns; case_insensitive; generated inflection
waterworks,GEONOUN,locale,geonouns; case_insensitive; curated
waterworkses,GEONOUN,locale,geonouns; case_insensitive; generated inflection
way station,GEONOUN,locale,geonouns; case_insensitive; curated
way stations,GEONOUN,locale,geonouns; case_insensitive; generated inflection
weald,GEONOUN,locale,geonouns; case_insensitive; curated
wealds,GEONOUN,locale,geonouns; case_insensitive; generated inflection
weir,GEONOUN,locale,geonouns; case_insensitive; curated
weirs,GEONOUN,locale,geonouns; case_insensitive; curated
weirses,GEONOUN,locale,geonouns; case_insensitive; generated inflection
wells,GEONOUN,locale,geonouns; case_insensitive; curated
wellses,GEONOUN,locale,geonouns; case_insensitive; generated inflection
western hemisphere,GEONOUN,locale,geonouns; case_insensitive; curated
western hemispheres,GEONOUN,locale,geonouns; case_insensitive; generated inflection
wetland,GEONOUN,locale,geonouns; case_insensitive; curated
wetlands,GEONOUN,locale,geonouns; case_insensitive; generated inflection
whaling station,GEONOUN,locale,geonouns; case_insensitive; curated
whaling stations,GEONOUN,locale,geonouns; case_insensitive; generated inflection
wharf,GEONOUN,locale,geonouns; case_insensitive; curated
wharfs,GEONOUN,locale,geonouns; case_insensitive; generated inflection
wharves,GEONOUN,locale,geonouns; case_insensitive; curated
wharveses,GEONOUN,locale,geonouns; case_insensitive; generated inflection
wheat field,GEONOUN,locale,geonouns; case_insensitive; curated
wheat fields,GEONOUN,locale,geonouns; case_insensitive; generated inflection
wheatfield,GEONOUN,locale,geonouns; case_insensitive; curated
wheatfields,GEONOUN,locale,geonouns; case_insensitive; generated inflection
whirlpool,GEONOUN,locale,geonouns; case_insensitive; curated
whirlpools,GEONOUN,locale,geonouns; case_insensitive; generated inflection
whorehouse,GEONOUN,locale,geonouns; case_insensitive; curated
whorehouses,GEONOUN,locale,geonouns; case_insensitive; generated inflection
wilderness,GEONOUN,locale,geonouns; case_insensitive; curated
wildernesses,GEONOUN,locale,geonouns; case_insensitive; generated inflection
wildlife reserve,GEONOUN,locale,geonouns; case_insensitive; curated
wildlife reserves,GEONOUN,locale,geonouns; case_insensitive; generated inflection
wind motor,GEONOUN,locale,geonouns; case_insensitive; curated
wind motors,GEONOUN,locale,geonouns; case_insensitive; generated inflection
windings,GEONOUN,locale,geonouns; case_insensitive; curated
windingses,GEONOUN,locale,geonouns; case_insensitive; generated inflection
windmill,GEONOUN,locale,geonouns; case_insensitive; curated
windmills,GEONOUN,locale,geonouns; case_insensitive; curated
windmillses,GEONOUN,locale,geonouns; case_insensitive; generated inflection
windows,GEONOUN,locale,geonouns; case_insensitive; curated
windowses,GEONOUN,locale,geonouns; case_insensitive; generated inflection
windowsill,GEONOUN,locale,geonouns; case_insensitive; curated
windowsills,GEONOUN,locale,geonouns; case_insensitive; curated
windowsillses,GEONOUN,locale,geonouns; case_insensitive; generated inflection
wine region,GEONOUN,locale,geonouns; case_insensitive; curated
wine regions,GEONOUN,locale,geonouns; case_insensitive; generated inflection
wold,GEONOUN,locale,geonouns; case_insensitive; curated
wolds,GEONOUN,locale,geonouns; case_insensitive; generated inflection
wonderland,GEONOUN,locale,geonouns; case_insensitive; curated
wonderlands,GEONOUN,locale,geonouns; case_insensitive; generated inflection
wood,GEONOUN,locale,geonouns; case_insensitive; curated
woodland,GEONOUN,locale,geonouns; case_insensitive; curated
woodlands,GEONOUN,locale,geonouns; case_insensitive; generated inflection
woodlet,GEONOUN,locale,geonouns; case_insensitive; curated
woodlets,GEONOUN,locale,geonouns; case_insensitive; generated inflection
woods,GEONOUN,locale,geonouns; case_insensitive; generated inflection
woodshed,GEONOUN,locale,geonouns; case_insensitive; curated
woodsheds,GEONOUN,locale,geonouns; case_insensitive; generated inflection
woodwork,GEONOUN,locale,geonouns; case_insensitive; curated
woodworks,GEONOUN,locale,geonouns; case_insensitive; curated
woodworkses,GEONOUN,locale,geonouns; case_insensitive; generated inflection
works,GEONOUN,locale,geonouns; case_insensitive; curated
workses,GEONOUN,locale,geonouns; case_insensitive; generated inflection
world heritage site,GEONOUN,locale,geonouns; case_insensitive; curated
world heritage sites,GEONOUN,locale,geonouns; case_insensitive; generated inflection
wormhole,GEONOUN,locale,geonouns; case_insensitive; curated
wormholes,GEONOUN,locale,geonouns; case_insensitive; generated inflection
wreck,GEONOUN,locale,geonouns; case_insensitive; curated
wrecks,GEONOUN,locale,geonouns; case_insensitive; generated inflection
yard,GEONOUN,locale,geonouns; case_insensitive; curated
yards,GEONOUN,locale,geonouns; case_insensitive; curated
yardses,GEONOUN,locale,geonouns; case_insensitive; generated inflection
ziggurat,GEONOUN,locale,geonouns; case_insensitive; curated
ziggurats,GEONOUN,locale,geonouns; case_insensitive; generated inflection
zikkurat,GEONOUN,locale,geonouns; case_insensitive; curated
zikkurats,GEONOUN,locale,geonouns; case_insensitive; generated inflection
zikurat,GEONOUN,locale,geonouns; case_insensitive; curated
zikurats,GEONOUN,locale,geonouns; case_insensitive; generated inflection
zone,GEONOUN,locale,geonouns; case_insensitive; curated
zones,GEONOUN,locale,geonouns; case_insensitive; generated inflection
zoo,GEONOUN,locale,geonouns; case_insensitive; curated
zoos,GEONOUN,locale,geonouns; case_insensitive; generated inflection
Abadan,TOPONYM,location,ambiguous_cities; case_sensitive; curated
Aberdeen,TOPONYM,location,ambiguous_cities; case_sensitive; curated
Abington,TOPONYM,location,ambiguous_cities; case_sensitive; curated
Abteroda,TOPONYM,location,holocaust_camps; case_sensitive; curated
Abterode,TOPONYM,location,holocaust_camps; case_sensitive; curated
Acton,TOPONYM,location,ambiguous_cities; case_sensitive; curated
Addison,TOPONYM,location,ambiguous_cities; case_sensitive; curated
Adorf,TOPONYM,location,holocaust_camps; case_sensitive; curated
Adra,TOPONYM,location,ambiguous_cities; case_sensitive; curated
Aflenz,TOPONYM,location,holocaust_camps; case_sensitive; curated
Aguilares,TOPONYM,location,ambiguous_cities; case_sensitive; curated
Ahlem,TOPONYM,location,holocaust_camps; case_sensitive; curated
Aibing,TOPONYM,location,holocaust_camps; case_sensitive; curated
Airdrie,TOPONYM,location,ambiguous_cities; case_sensitive; curated
Akbarpur,TOPONYM,location,ambiguous_cities; case_sensitive; curated
Akmétchetka,TOPONYM,location,holocaust_camps; case_sensitive; curated
Aksu,TOPONYM,location,ambiguous_cities; case_sensitive; curated
Al Quşayr,TOPONYM,location,ambiguous_cities; case_sensitive; curated
Albany,TOPONYM,location,ambiguous_cities; case_sensitive; curated
Albertville,TOPONYM,location,ambiguous_cities; case_sensitive; curated
Aleksotaskowno,TOPONYM,location,holocaust_camps; case_sensitive; curated
Alexandria,TOPONYM,location,ambiguous_cities; case_sensitive; curated
Alhambra,TOPONYM,location,ambiguous_cities; case_sensitive; curated
Allach,TOPONYM,location,holocaust_camps; case_sensitive; curated
Allen,TOPONYM,location,ambiguous_cities; case_sensitive; curated
Allende,TOPONYM,location,ambiguous_cities; case_sensitive; curated
Allendorf,TOPONYM,location,holocaust_camps; case_sensitive; curated
Aller,TOPONYM,location,holocaust_camps; case_sensitive; curated
Allersdorf,TOPONYM,location,holocaust_camps; case_sensitive; curated
Altamira,TOPONYM,location,ambiguous_cities; case_sensitive; curated
Altay,TOPONYM,location,ambiguous_cities; case_sensitive; curated
Altdorf,TOPONYM,location,holocaust_camps; case_sensitive; curated
Altegarde,TOPONYM,location,holocaust_camps; case_sensitive; curated
Altenburg,TOPONYM,location,holocaust_camps; case_sensitive; curated
Altenhammer,TOPONYM,location,holocaust_camps; case_sensitive; curated
Altgarga,TOPONYM,location,holocaust_camps; case_sensitive; curated
Althammer,TOPONYM,location,holocaust_camps; case_sensitive; curated
Alton,TOPONYM,location,ambiguous_cities; case_sensitive; curated
Altoona,TOPONYM,location,ambiguous_cities; case_sensitive; curated
Alvand,TOPONYM,location,ambiguous_cities; case_sensitive; curated
Amersfoort,TOPONYM,location,holocaust_camps; case_sensitive; curated
Amherst,TOPONYM,location,ambiguous_cities; case_sensitive; curated
Ampersmoching,TOPONYM,location,holocaust_camps; case_sensitive; curated
Amsterdam,TOPONYM,location,ambiguous_cities; case_sensitive; curated
Amstetten,TOPONYM,location,holocaust_camps; case_sensitive; curated
Anderson,TOPONYM,location,ambiguous_cities; case_sensitive; curated
Andover,TOPONYM,location,ambiguous_cities; case_sensitive; curated
Anfu,TOPONYM,location,ambiguous_cities; case_sensitive; curated
Anju,TOPONYM,location,ambiguous_cities; case_sensitive; curated
Annaberg,TOPONYM,location,holocaust_camps; case_sensitive; curated
Annaburg,TOPONYM,location,holocaust_camps; case_sensitive; curated
Annen,TOPONYM,location,holocaust_camps; case_sensitive; curated
Annino,TOPONYM,location,ambiguous_cities; case_sensitive; curated
Ansbach,TOPONYM,location,holocaust_camps; case_sensitive; curated
Anxiang,TOPONYM,location,ambiguous_cities; case_sensitive; curated
Apple Valley,TOPONYM,location,ambiguous_cities; case_sensitive; curated
Arad,TOPONYM,location,ambiguous_cities; case_sensitive; curated
Arai,TOPONYM,location,ambiguous_cities; case_sensitive; curated
Aral,TOPONYM,location,ambiguous_cities; case_sensitive; curated
Arele,TOPONYM,location,ambiguous_cities; case_sensitive; curated
Arlington,TOPONYM,location,ambiguous_cities; case_sensitive; curated
Armavir,TOPONYM,location,ambiguous_cities; case_sensitive; curated
Arnold,TOPONYM,location,ambiguous_cities; case_sensitive; curated
Arnstadt,TOPONYM,location,holocaust_camps; case_sensitive; curated
Arolsen,TOPONYM,location,holocaust_camps; case_sensitive; curated
Arrah,TOPONYM,location,ambiguous_cities; case_sensitive; curated
Artern,TOPONYM,location,holocaust_camps; case_sensitive; curated
Asadābād,TOPONYM,location,ambiguous_cities; case_sensitive; curated
Asaka,TOPONYM,location,ambiguous_cities; case_sensitive; curated
Asbach,TOPONYM,location,holocaust_camps; case_sensitive; curated
Ascherleben,TOPONYM,location,holocaust_camps; case_sensitive; curated
Ashburn,TOPONYM,location,ambiguous_cities; case_sensitive; curated
Ashford,TOPONYM,location,ambiguous_cities; case_sensitive; curated
Ashland,TOPONYM,location,ambiguous_cities; case_sensitive; curated
Ashta,TOPONYM,location,ambiguous_cities; case_sensitive; curated
Aslau,TOPONYM,location,holocaust_camps; case_sensitive; curated
Athens,TOPONYM,location,ambiguous_cities; case_sensitive; curated
Auburn,TOPONYM,location,ambiguous_cities; case_sensitive; curated
Aue,TOPONYM,location,holocaust_camps; case_sensitive; curated
Auerbach,TOPONYM,location,holocaust_camps; case_sensitive; curated
Aufkrich,TOPONYM,location,holocaust_camps; case_sensitive; curated
Augsburg,TOPONYM,location,holocaust_camps; case_sensitive; curated
Augusta,TOPONYM,location,ambiguous_cities; case_sensitive; curated
Augustenfeld,TOPONYM,location,holocaust_camps; case_sensitive; curated
Aumun,TOPONYM,location,holocaust_camps; case_sensitive; curated
Aumund,TOPONYM,location,holocaust_camps; case_sensitive; curated
Aurich,TOPONYM,location,holocaust_camps; case_sensitive; curated
Aurora,TOPONYM,location,ambiguous_cities; case_sensitive; curated
Auschwitz,TOPONYM,location,holocaust_camps; case_sensitive; curated
Austin,TOPONYM,location,ambiguous_cities; case_sensitive; curated
Austria,TOPONYM,location,holocaust_camps; case_sensitive; curated
Avon,TOPONYM,location,ambiguous_cities; case_sensitive; curated
Avondale,TOPONYM,location,ambiguous_cities; case_sensitive; curated
Baalberg,TOPONYM,location,holocaust_camps; case_sensitive; curated
Babelsberg,TOPONYM,location,holocaust_camps; case_sensitive; curated
Babice,TOPONYM,location,holocaust_camps; case_sensitive; curated
Bachmanning,TOPONYM,location,holocaust_camps; case_sensitive; curated
Bad,TOPONYM,location,holocaust_camps; case_sensitive; curated
Bad Berja,TOPONYM,location,holocaust_camps; case_sensitive; curated
Bad Godesberg,TOPONYM,location,holocaust_camps; case_sensitive; curated
Bad Handersheim,TOPONYM,location,holocaust_camps; case_sensitive; curated
Bad Ischl,TOPONYM,location,holocaust_camps; case_sensitive; curated
Bad Ischl Saint Wolfgang,TOPONYM,location,holocaust_camps; case_sensitive; curated
Bad Saarow,TOPONYM,location,holocaust_camps; case_sensitive; curated
Bad Salzungen,TOPONYM,location,holocaust_camps; case_sensitive; curated
Bad Sassendorf,TOPONYM,location,holocaust_camps; case_sensitive; curated
Bad Tolz,TOPONYM,location,holocaust_camps; case_sensitive; curated
Bad Warmbrunn,TOPONYM,location,holocaust_camps; case_sensitive; curated
Baden,TOPONYM,location,ambiguous_cities; case_sensitive; curated
Baden Oos,TOPONYM,location,holocaust_camps; case_sensitive; curated
Baerum,TOPONYM,location,holocaust_camps; case_sensitive; curated
Bagaha,TOPONYM,location,ambiguous_cities; case_sensitive; curated
Bahawalnagar,TOPONYM,location,ambiguous_cities; case_sensitive; curated
Baicheng,TOPONYM,location,ambiguous_cities; case_sensitive; curated
Baihe,TOPONYM,location,ambiguous_cities; case_sensitive; curated
Baisha,TOPONYM,location,ambiguous_cities; case_sensitive; curated
Baki,TOPONYM,location,ambiguous_cities; case_sensitive; curated
Balanowka,TOPONYM,location,holocaust_camps; case_sensitive; curated
Baldwin,TOPONYM,location,ambiguous_cities; case_sensitive; curated
Balingen,TOPONYM,location,holocaust_camps; case_sensitive; curated
Ballenstadt,TOPONYM,location,holocaust_camps; case_sensitive; curated
Bangaon,TOPONYM,location,ambiguous_cities; case_sensitive; curated
Bangor,TOPONYM,location,ambiguous_cities; case_sensitive; curated
Banjar,TOPONYM,location,ambiguous_cities; case_sensitive; curated
Banjica,TOPONYM,location,holocaust_camps; case_sensitive; curated
Banqiao,TOPONYM,location,ambiguous_cities; case_sensitive; curated
Baoding,TOPONYM,location,ambiguous_cities; case_sensitive; curated
Baoshan,TOPONYM,location,ambiguous_cities; case_sensitive; curated
Bar,TOPONYM,location,ambiguous_cities; case_sensitive; curated
Barberton,TOPONYM,location,ambiguous_cities; case_sensitive; curated
Barbosa,TOPONYM,location,ambiguous_cities; case_sensitive; curated
Barcelona,TOPONYM,location,ambiguous_cities; case_sensitive; curated
Barkhausen,TOPONYM,location,holocaust_camps; case_sensitive; curated
Barra,TOPONYM,location,ambiguous_cities; case_sensitive; curated
Barrancas,TOPONYM,location,ambiguous_cities; case_sensitive; curated
Barskamp,TOPONYM,location,holocaust_camps; case_sensitive; curated
Barth,TOPONYM,location,holocaust_camps; case_sensitive; curated
Bartlett,TOPONYM,location,ambiguous_cities; case_sensitive; curated
Basi,TOPONYM,location,ambiguous_cities; case_sensitive; curated
Batang,TOPONYM,location,ambiguous_cities; case_sensitive; curated
Batavia,TOPONYM,location,ambiguous_cities; case_sensitive; curated
Battory,TOPONYM,location,holocaust_camps; case_sensitive; curated
Baubrigade,TOPONYM,location,holocaust_camps; case_sensitive; curated
Baubrigade I,TOPONYM,location,holocaust_camps; case_sensitive; curated
Baubrigade Xiii,TOPONYM,location,holocaust_camps; case_sensitive; curated
Baumenheim,TOPONYM,location,holocaust_camps; case_sensitive; curated
Bautzen,TOPONYM,location,holocaust_camps; case_sensitive; curated
Bauzug,TOPONYM,location,holocaust_camps; case_sensitive; curated
Bay City,TOPONYM,location,ambiguous_cities; case_sensitive; curated
Bayern,TOPONYM,location,holocaust_camps; case_sensitive; curated
Bayernsoien,TOPONYM,location,holocaust_camps; case_sensitive; curated
Bayeux,TOPONYM,location,ambiguous_cities; case_sensitive; curated
Bayonne,TOPONYM,location,ambiguous_cities; case_sensitive; curated
Bayreuth,TOPONYM,location,holocaust_camps; case_sensitive; curated
Bayrishezell,TOPONYM,location,holocaust_camps; case_sensitive; curated
Bayside,TOPONYM,location,ambiguous_cities; case_sensitive; curated
Beaumont,TOPONYM,location,ambiguous_cities; case_sensitive; curated
Bedford,TOPONYM,location,ambiguous_cities; case_sensitive; curated
Beendorf,TOPONYM,location,holocaust_camps; case_sensitive; curated
Beerfelde,TOPONYM,location,holocaust_camps; case_sensitive; curated
Bei,TOPONYM,location,holocaust_camps; case_sensitive; curated
Beihai,TOPONYM,location,ambiguous_cities; case_sensitive; curated
Bela,TOPONYM,location,ambiguous_cities; case_sensitive; curated
Belen,TOPONYM,location,ambiguous_cities; case_sensitive; curated
Belgium,TOPONYM,location,holocaust_camps; case_sensitive; curated
Bella Vista,TOPONYM,location,ambiguous_cities; case_sensitive; curated
Belleville,TOPONYM,location,ambiguous_cities; case_sensitive; curated
Bellevue,TOPONYM,location,ambiguous_cities; case_sensitive; curated
Belmont,TOPONYM,location,ambiguous_cities; case_sensitive; curated
Belton,TOPONYM,location,ambiguous_cities; case_sensitive; curated
Belzec,TOPONYM,location,holocaust_camps; case_sensitive; curated
Belzig,TOPONYM,location,holocaust_camps; case_sensitive; curated
Belém,TOPONYM,location,ambiguous_cities; case_sensitive; curated
Beneschau,TOPONYM,location,holocaust_camps; case_sensitive; curated
Bensberg,TOPONYM,location,holocaust_camps; case_sensitive; curated
Bensheim,TOPONYM,location,holocaust_camps; case_sensitive; curated
Berg,TOPONYM,location,holocaust_camps; case_sensitive; curated
Berga,TOPONYM,location,holocaust_camps; case_sensitive; curated
Berga Am Elster,TOPONYM,location,holocaust_camps; case_sensitive; curated
Bergen,TOPONYM,location,ambiguous_cities; case_sensitive; curated
Bergen-Belsen,TOPONYM,location,holocaust_camps; case_sensitive; curated
Bergstedt,TOPONYM,location,holocaust_camps; case_sensitive; curated
Berlin,TOPONYM,location,holocaust_camps; case_sensitive; curated
Berlstedt,TOPONYM,location,holocaust_camps; case_sensitive; curated
Bernartice,TOPONYM,location,holocaust_camps; case_sensitive; curated
Bernburg,TOPONYM,location,holocaust_camps; case_sensitive; curated
Berndorf,TOPONYM,location,holocaust_camps; case_sensitive; curated
Bernhausen,TOPONYM,location,holocaust_camps; case_sensitive; curated
Beruna,TOPONYM,location,holocaust_camps; case_sensitive; curated
Bethany,TOPONYM,location,ambiguous_cities; case_sensitive; curated
Bethlehem,TOPONYM,location,ambiguous_cities; case_sensitive; curated
Bexley,TOPONYM,location,ambiguous_cities; case_sensitive; curated
Bharatpur,TOPONYM,location,ambiguous_cities; case_sensitive; curated
Bichl,TOPONYM,location,holocaust_camps; case_sensitive; curated
Biesenthal,TOPONYM,location,holocaust_camps; case_sensitive; curated
Billroda,TOPONYM,location,holocaust_camps; case_sensitive; curated
Bingau,TOPONYM,location,holocaust_camps; case_sensitive; curated
Birgsau,TOPONYM,location,holocaust_camps; case_sensitive; curated
Birkenau,TOPONYM,location,holocaust_camps; case_sensitive; curated
Birkenau-Auschwitz,TOPONYM,location,holocaust_camps; case_sensitive; curated
Birkhan,TOPONYM,location,holocaust_camps; case_sensitive; curated
Birmingham,TOPONYM,location,ambiguous_cities; case_sensitive; curated
Bischofferode,TOPONYM,location,holocaust_camps; case_sensitive; curated
Bischofsheim,TOPONYM,location,holocaust_camps; case_sensitive; curated
Bishan,TOPONYM,location,ambiguous_cities; case_sensitive; curated
Bisingen,TOPONYM,location,holocaust_camps; case_sensitive; curated
Bisjumujsje,TOPONYM,location,holocaust_camps; case_sensitive; curated
Bismarckhütte,TOPONYM,location,holocaust_camps; case_sensitive; curated
Blagoveshchensk,TOPONYM,location,ambiguous_cities; case_sensitive; curated
Blainach,TOPONYM,location,holocaust_camps; case_sensitive; curated
Blankenburg,TOPONYM,location,holocaust_camps; case_sensitive; curated
Blankenheim,TOPONYM,location,holocaust_camps; case_sensitive; curated
Blantyre,TOPONYM,location,ambiguous_cities; case_sensitive; curated
Blechhammer,TOPONYM,location,holocaust_camps; case_sensitive; curated
Bleicherode,TOPONYM,location,holocaust_camps; case_sensitive; curated
Bloomfield,TOPONYM,location,ambiguous_cities; case_sensitive; curated
Bloomingdale,TOPONYM,location,ambiguous_cities; case_sensitive; curated
Bloomington,TOPONYM,location,ambiguous_cities; case_sensitive; curated
Blummenthal,TOPONYM,location,holocaust_camps; case_sensitive; curated
Bobrek,TOPONYM,location,holocaust_camps; case_sensitive; curated
Bochum,TOPONYM,location,holocaust_camps; case_sensitive; curated
Bocion,TOPONYM,location,holocaust_camps; case_sensitive; curated
Bodtenberg,TOPONYM,location,holocaust_camps; case_sensitive; curated
Bogdanovka,TOPONYM,location,holocaust_camps; case_sensitive; curated
Bogo,TOPONYM,location,ambiguous_cities; case_sensitive; curated
Bohusovice,TOPONYM,location,holocaust_camps; case_sensitive; curated
Boizenburg,TOPONYM,location,holocaust_camps; case_sensitive; curated
Boleslawiec,TOPONYM,location,holocaust_camps; case_sensitive; curated
Bolkenhain,TOPONYM,location,holocaust_camps; case_sensitive; curated
Bolzano,TOPONYM,location,holocaust_camps; case_sensitive; curated
Bor,TOPONYM,location,ambiguous_cities; case_sensitive; curated
Borkheid,TOPONYM,location,holocaust_camps; case_sensitive; curated
Bornicke,TOPONYM,location,holocaust_camps; case_sensitive; curated
Boston,TOPONYM,location,ambiguous_cities; case_sensitive; curated
Bowling Green,TOPONYM,location,ambiguous_cities; case_sensitive; curated
Bozicany,TOPONYM,location,holocaust_camps; case_sensitive; curated
Bragança,TOPONYM,location,ambiguous_cities; case_sensitive; curated
Braintree,TOPONYM,location,ambiguous_cities; case_sensitive; curated
Brandenburg,TOPONYM,location,holocaust_camps; case_sensitive; curated
Brandon,TOPONYM,location,ambiguous_cities; case_sensitive; curated
Braunschweig,TOPONYM,location,holocaust_camps; case_sensitive; curated
Bredtvet,TOPONYM,location,holocaust_camps; case_sensitive; curated
Breendonck,TOPONYM,location,holocaust_camps; case_sensitive; curated
Bremen,TOPONYM,location,holocaust_camps; case_sensitive; curated
Bremme,TOPONYM,location,holocaust_camps; case_sensitive; curated
Brent,TOPONYM,location,ambiguous_cities; case_sensitive; curated
Brentwood,TOPONYM,location,ambiguous_cities; case_sensitive; curated
Breschan,TOPONYM,location,holocaust_camps; case_sensitive; curated
Breslau,TOPONYM,location,holocaust_camps; case_sensitive; curated
Brest,TOPONYM,location,ambiguous_cities; case_sensitive; curated
Bretstein,TOPONYM,location,holocaust_camps; case_sensitive; curated
Bridgeport,TOPONYM,location,ambiguous_cities; case_sensitive; curated
Brief,TOPONYM,location,holocaust_camps; case_sensitive; curated
Brighton,TOPONYM,location,ambiguous_cities; case_sensitive; curated
Brink,TOPONYM,location,holocaust_camps; case_sensitive; curated
Bristol,TOPONYM,location,ambiguous_cities; case_sensitive; curated
Brocice,TOPONYM,location,holocaust_camps; case_sensitive; curated
Brodnica,TOPONYM,location,holocaust_camps; case_sensitive; curated
Bromberg,TOPONYM,location,holocaust_camps; case_sensitive; curated
Brono,TOPONYM,location,holocaust_camps; case_sensitive; curated
Brookfield,TOPONYM,location,ambiguous_cities; case_sensitive; curated
Brownsville,TOPONYM,location,ambiguous_cities; case_sensitive; curated
Bruck,TOPONYM,location,holocaust_camps; case_sensitive; curated
Bruckentin,TOPONYM,location,holocaust_camps; case_sensitive; curated
Bruenec,TOPONYM,location,holocaust_camps; case_sensitive; curated
Brunigsau,TOPONYM,location,holocaust_camps; case_sensitive; curated
Brunn,TOPONYM,location,holocaust_camps; case_sensitive; curated
Brunnlitz,TOPONYM,location,holocaust_camps; case_sensitive; curated
Brunswick,TOPONYM,location,ambiguous_cities; case_sensitive; curated
Bruntal,TOPONYM,location,holocaust_camps; case_sensitive; curated
Brusay,TOPONYM,location,holocaust_camps; case_sensitive; curated
Brusy,TOPONYM,location,holocaust_camps; case_sensitive; curated
Brzeg,TOPONYM,location,holocaust_camps; case_sensitive; curated
Brzezowa,TOPONYM,location,holocaust_camps; case_sensitive; curated
Brüx,TOPONYM,location,holocaust_camps; case_sensitive; curated
Buchenwald,TOPONYM,location,holocaust_camps; case_sensitive; curated
Buchwald Höhenwöse,TOPONYM,location,holocaust_camps; case_sensitive; curated
Budy,TOPONYM,location,holocaust_camps; case_sensitive; curated
Budzyn,TOPONYM,location,holocaust_camps; case_sensitive; curated
Buenaventura,TOPONYM,location,ambiguous_cities; case_sensitive; curated
Buenavista,TOPONYM,location,ambiguous_cities; case_sensitive; curated
Buffalo,TOPONYM,location,ambiguous_cities; case_sensitive; curated
Bunzlau,TOPONYM,location,holocaust_camps; case_sensitive; curated
Burbank,TOPONYM,location,ambiguous_cities; case_sensitive; curated
Burgau,TOPONYM,location,holocaust_camps; case_sensitive; curated
Burgdorf,TOPONYM,location,ambiguous_cities; case_sensitive; curated
Burggraben,TOPONYM,location,holocaust_camps; case_sensitive; curated
Burghausen,TOPONYM,location,holocaust_camps; case_sensitive; curated
Burgkirchen,TOPONYM,location,holocaust_camps; case_sensitive; curated
Burgos,TOPONYM,location,ambiguous_cities; case_sensitive; curated
Burlington,TOPONYM,location,ambiguous_cities; case_sensitive; curated
Busia,TOPONYM,location,ambiguous_cities; case_sensitive; curated
Busing,TOPONYM,location,holocaust_camps; case_sensitive; curated
Buttelstedt,TOPONYM,location,holocaust_camps; case_sensitive; curated
Butterworth,TOPONYM,location,ambiguous_cities; case_sensitive; curated
Böhlen,TOPONYM,location,holocaust_camps; case_sensitive; curated
Bāli,TOPONYM,location,ambiguous_cities; case_sensitive; curated
Cadiz,TOPONYM,location,ambiguous_cities; case_sensitive; curated
Calw,TOPONYM,location,holocaust_camps; case_sensitive; curated
Camargo,TOPONYM,location,ambiguous_cities; case_sensitive; curated
Camas,TOPONYM,location,ambiguous_cities; case_sensitive; curated
Cambridge,TOPONYM,location,ambiguous_cities; case_sensitive; curated
Campinas,TOPONYM,location,ambiguous_cities; case_sensitive; curated
Candelaria,TOPONYM,location,ambiguous_cities; case_sensitive; curated
Canton,TOPONYM,location,ambiguous_cities; case_sensitive; curated
Carlisle,TOPONYM,location,ambiguous_cities; case_sensitive; curated
Carlsbad,TOPONYM,location,ambiguous_cities; case_sensitive; curated
Carmona,TOPONYM,location,ambiguous_cities; case_sensitive; curated
Carolina,TOPONYM,location,ambiguous_cities; case_sensitive; curated
Carrizal,TOPONYM,location,ambiguous_cities; case_sensitive; curated
Carrollton,TOPONYM,location,ambiguous_cities; case_sensitive; curated
Cartagena,TOPONYM,location,ambiguous_cities; case_sensitive; curated
Cartago,TOPONYM,location,ambiguous_cities; case_sensitive; curated
Cary,TOPONYM,location,ambiguous_cities; case_sensitive; curated
Cascavel,TOPONYM,location,ambiguous_cities; case_sensitive; curated
Castro,TOPONYM,location,ambiguous_cities; case_sensitive; curated
Cellenau,TOPONYM,location,holocaust_camps; case_sensitive; curated
Centenario,TOPONYM,location,ambiguous_cities; case_sensitive; curated
Centerville,TOPONYM,location,ambiguous_cities; case_sensitive; curated
Ceres,TOPONYM,location,ambiguous_cities; case_sensitive; curated
Cernay,TOPONYM,location,holocaust_camps; case_sensitive; curated
Chabatz,TOPONYM,location,holocaust_camps; case_sensitive; curated
Cham,TOPONYM,location,ambiguous_cities; case_sensitive; curated
Changle,TOPONYM,location,ambiguous_cities; case_sensitive; curated
Changling,TOPONYM,location,ambiguous_cities; case_sensitive; curated
Changsha,TOPONYM,location,ambiguous_cities; case_sensitive; curated
Changzhi,TOPONYM,location,ambiguous_cities; case_sensitive; curated
Chaoyang,TOPONYM,location,ambiguous_cities; case_sensitive; curated
Charleston,TOPONYM,location,ambiguous_cities; case_sensitive; curated
Charlottengrubbe,TOPONYM,location,holocaust_camps; case_sensitive; curated
Chatham,TOPONYM,location,ambiguous_cities; case_sensitive; curated
Chelmek,TOPONYM,location,holocaust_camps; case_sensitive; curated
Chelmsford,TOPONYM,location,ambiguous_cities; case_sensitive; curated
Chelsea,TOPONYM,location,ambiguous_cities; case_sensitive; curated
Cheltenham,TOPONYM,location,ambiguous_cities; case_sensitive; curated
Chemnitz,TOPONYM,location,holocaust_camps; case_sensitive; curated
Cherry Hill,TOPONYM,location,ambiguous_cities; case_sensitive; curated
Chester,TOPONYM,location,ambiguous_cities; case_sensitive; curated
Chesterfield,TOPONYM,location,ambiguous_cities; case_sensitive; curated
Chinatown,TOPONYM,location,ambiguous_cities; case_sensitive; curated
Chino,TOPONYM,location,ambiguous_cities; case_sensitive; curated
Chiquinquirá,TOPONYM,location,ambiguous_cities; case_sensitive; curated
Chita,TOPONYM,location,ambiguous_cities; case_sensitive; curated
Chorabie,TOPONYM,location,holocaust_camps; case_sensitive; curated
Chorzow,TOPONYM,location,holocaust_camps; case_sensitive; curated
Chrastava,TOPONYM,location,holocaust_camps; case_sensitive; curated
Christchurch,TOPONYM,location,ambiguous_cities; case_sensitive; curated
Christianstadt,TOPONYM,location,holocaust_camps; case_sensitive; curated
Chrzanow,TOPONYM,location,holocaust_camps; case_sensitive; curated
Cicero,TOPONYM,location,ambiguous_cities; case_sensitive; curated
Cieplice,TOPONYM,location,holocaust_camps; case_sensitive; curated
Cieszyny,TOPONYM,location,holocaust_camps; case_sensitive; curated
Ciudad Bolívar,TOPONYM,location,ambiguous_cities; case_sensitive; curated
Clarksville,TOPONYM,location,ambiguous_cities; case_sensitive; curated
Clayton,TOPONYM,location,ambiguous_cities; case_sensitive; curated
Cleveland,TOPONYM,location,ambiguous_cities; case_sensitive; curated
Clifton,TOPONYM,location,ambiguous_cities; case_sensitive; curated
Clinton,TOPONYM,location,ambiguous_cities; case_sensitive; curated
Clovis,TOPONYM,location,ambiguous_cities; case_sensitive; curated
Clus,TOPONYM,location,holocaust_camps; case_sensitive; curated
Coblence,TOPONYM,location,holocaust_camps; case_sensitive; curated
Coburg,TOPONYM,location,ambiguous_cities; case_sensitive; curated
Cochem,TOPONYM,location,holocaust_camps; case_sensitive; curated
Cochem Treis,TOPONYM,location,holocaust_camps; case_sensitive; curated
Colchester,TOPONYM,location,ambiguous_cities; case_sensitive; curated
Colditz,TOPONYM,location,holocaust_camps; case_sensitive; curated
Colima,TOPONYM,location,ambiguous_cities; case_sensitive; curated
Colmar,TOPONYM,location,holocaust_camps; case_sensitive; curated
Cologne,TOPONYM,location,holocaust_camps; case_sensitive; curated
Colombo,TOPONYM,location,ambiguous_cities; case_sensitive; curated
Columbia,TOPONYM,location,ambiguous_cities; case_sensitive; curated
Columbus,TOPONYM,location,ambiguous_cities; case_sensitive; curated
Colón,TOPONYM,location,ambiguous_cities; case_sensitive; curated
Comalapa,TOPONYM,location,ambiguous_cities; case_sensitive; curated
Compostela,TOPONYM,location,ambiguous_cities; case_sensitive; curated
Comthurey,TOPONYM,location,holocaust_camps; case_sensitive; curated
Concepción,TOPONYM,location,ambiguous_cities; case_sensitive; curated
Concord,TOPONYM,location,ambiguous_cities; case_sensitive; curated
Concordia,TOPONYM,location,ambiguous_cities; case_sensitive; curated
Condado,TOPONYM,location,ambiguous_cities; case_sensitive; curated
Conde,TOPONYM,location,ambiguous_cities; case_sensitive; curated
Conway,TOPONYM,location,ambiguous_cities; case_sensitive; curated
Cordova,TOPONYM,location,ambiguous_cities; case_sensitive; curated
Corinto,TOPONYM,location,ambiguous_cities; case_sensitive; curated
Corona,TOPONYM,location,ambiguous_cities; case_sensitive; curated
Coventry,TOPONYM,location,ambiguous_cities; case_sensitive; curated
Covington,TOPONYM,location,ambiguous_cities; case_sensitive; curated
Crawinkel,TOPONYM,location,holocaust_camps; case_sensitive; curated
Croydon,TOPONYM,location,ambiguous_cities; case_sensitive; curated
Crveni Krst,TOPONYM,location,holocaust_camps; case_sensitive; curated
Cuauhtémoc,TOPONYM,location,ambiguous_cities; case_sensitive; curated
Cudahy,TOPONYM,location,ambiguous_cities; case_sensitive; curated
Cuenca,TOPONYM,location,ambiguous_cities; case_sensitive; curated
Cumberland,TOPONYM,location,ambiguous_cities; case_sensitive; curated
Cumbum,TOPONYM,location,ambiguous_cities; case_sensitive; curated
Cypress,TOPONYM,location,ambiguous_cities; case_sensitive; curated
Czechoslovakia,TOPONYM,location,holocaust_camps; case_sensitive; curated
Czechwiece,TOPONYM,location,holocaust_camps; case_sensitive; curated
Czernica,TOPONYM,location,holocaust_camps; case_sensitive; curated
Czwartaki,TOPONYM,location,holocaust_camps; case_sensitive; curated
Cárdenas,TOPONYM,location,ambiguous_cities; case_sensitive; curated
Córdoba,TOPONYM,location,ambiguous_cities; case_sensitive; curated
Dabelow,TOPONYM,location,holocaust_camps; case_sensitive; curated
Dachau,TOPONYM,location,holocaust_camps; case_sensitive; curated
Dakhla,TOPONYM,location,ambiguous_cities; case_sensitive; curated
Dakovo,TOPONYM,location,holocaust_camps; case_sensitive; curated
Dallas,TOPONYM,location,ambiguous_cities; case_sensitive; curated
Dalum,TOPONYM,location,holocaust_camps; case_sensitive; curated
Damascus,TOPONYM,location,ambiguous_cities; case_sensitive; curated
Damiao,TOPONYM,location,ambiguous_cities; case_sensitive; curated
Dammsmuhle,TOPONYM,location,holocaust_camps; case_sensitive; curated
Danao,TOPONYM,location,ambiguous_cities; case_sensitive; curated
Danica,TOPONYM,location,holocaust_camps; case_sensitive; curated
Danville,TOPONYM,location,ambiguous_cities; case_sensitive; curated
Danzig,TOPONYM,location,holocaust_camps; case_sensitive; curated
Danzigerwerf,TOPONYM,location,holocaust_camps; case_sensitive; curated
Darien,TOPONYM,location,ambiguous_cities; case_sensitive; curated
Darmstadt,TOPONYM,location,holocaust_camps; case_sensitive; curated
Dasheng,TOPONYM,location,ambiguous_cities; case_sensitive; curated
Dashi,TOPONYM,location,ambiguous_cities; case_sensitive; curated
Date,TOPONYM,location,ambiguous_cities; case_sensitive; curated
Datong,TOPONYM,location,ambiguous_cities; case_sensitive; curated
Daudenzell,TOPONYM,location,holocaust_camps; case_sensitive; curated
Daugavpils,TOPONYM,location,holocaust_camps; case_sensitive; curated
Daura,TOPONYM,location,ambiguous_cities; case_sensitive; curated
Dautmergen,TOPONYM,location,holocaust_camps; case_sensitive; curated
Daxing,TOPONYM,location,ambiguous_cities; case_sensitive; curated
Debno,TOPONYM,location,holocaust_camps; case_sensitive; curated
Decatur,TOPONYM,location,ambiguous_cities; case_sensitive; curated
Deer Park,TOPONYM,location,ambiguous_cities; case_sensitive; curated
Dengzhou,TOPONYM,location,ambiguous_cities; case_sensitive; curated
Denton,TOPONYM,location,ambiguous_cities; case_sensitive; curated
Deoli,TOPONYM,location,ambiguous_cities; case_sensitive; curated
Depok,TOPONYM,location,ambiguous_cities; case_sensitive; curated
Derby,TOPONYM,location,ambiguous_cities; case_sensitive; curated
Dernau,TOPONYM,location,holocaust_camps; case_sensitive; curated
Derry,TOPONYM,location,ambiguous_cities; case_sensitive; curated
Des Moines,TOPONYM,location,ambiguous_cities; case_sensitive; curated
Dessau,TOPONYM,location,holocaust_camps; case_sensitive; curated
Dickinson,TOPONYM,location,ambiguous_cities; case_sensitive; curated
Die,TOPONYM,location,holocaust_camps; case_sensitive; curated
Dieppe,TOPONYM,location,ambiguous_cities; case_sensitive; curated
Dimitrovgrad,TOPONYM,location,ambiguous_cities; case_sensitive; curated
Dippoldsau,TOPONYM,location,holocaust_camps; case_sensitive; curated
Dixon,TOPONYM,location,ambiguous_cities; case_sensitive; curated
Doberitz,TOPONYM,location,holocaust_camps; case_sensitive; curated
Dolores,TOPONYM,location,ambiguous_cities; case_sensitive; curated
Domanievka,TOPONYM,location,holocaust_camps; case_sensitive; curated
Donau,TOPONYM,location,holocaust_camps; case_sensitive; curated
Donauwiese,TOPONYM,location,holocaust_camps; case_sensitive; curated
Donauworth,TOPONYM,location,holocaust_camps; case_sensitive; curated
Doncaster,TOPONYM,location,ambiguous_cities; case_sensitive; curated
Donetsk,TOPONYM,location,ambiguous_cities; case_sensitive; curated
Dongyang,TOPONYM,location,ambiguous_cities; case_sensitive; curated
Dora,TOPONYM,location,holocaust_camps; case_sensitive; curated
Dornburg,TOPONYM,location,holocaust_camps; case_sensitive; curated
Dornhau,TOPONYM,location,holocaust_camps; case_sensitive; curated
Dortmettingen,TOPONYM,location,holocaust_camps; case_sensitive; curated
Dortmund,TOPONYM,location,holocaust_camps; case_sensitive; curated
Douglas,TOPONYM,location,ambiguous_cities; case_sensitive; curated
Dover,TOPONYM,location,ambiguous_cities; case_sensitive; curated
Dresden,TOPONYM,location,holocaust_camps; case_sensitive; curated
Dreutte,TOPONYM,location,holocaust_camps; case_sensitive; curated
Drogen,TOPONYM,location,holocaust_camps; case_sensitive; curated
Drütte,TOPONYM,location,holocaust_camps; case_sensitive; curated
Dublin,TOPONYM,location,ambiguous_cities; case_sensitive; curated
Duderstadt,TOPONYM,location,holocaust_camps; case_sensitive; curated
Duluth,TOPONYM,location,ambiguous_cities; case_sensitive; curated
Duncan,TOPONYM,location,ambiguous_cities; case_sensitive; curated
Dundaga,TOPONYM,location,holocaust_camps; case_sensitive; curated
Dundalk,TOPONYM,location,ambiguous_cities; case_sensitive; curated
Dundee,TOPONYM,location,ambiguous_cities; case_sensitive; curated
Dunedin,TOPONYM,location,ambiguous_cities; case_sensitive; curated
Durach,TOPONYM,location,holocaust_camps; case_sensitive; curated
Durango,TOPONYM,location,ambiguous_cities; case_sensitive; curated
Durham,TOPONYM,location,ambiguous_cities; case_sensitive; curated
Dusseldorf,TOPONYM,location,holocaust_camps; case_sensitive; curated
Dyhernfurth,TOPONYM,location,holocaust_camps; case_sensitive; curated
Dzimianen,TOPONYM,location,holocaust_camps; case_sensitive; curated
Easton,TOPONYM,location,ambiguous_cities; case_sensitive; curated
Eastwood,TOPONYM,location,ambiguous_cities; case_sensitive; curated
Ebelsberg,TOPONYM,location,holocaust_camps; case_sensitive; curated
Ebensee,TOPONYM,location,holocaust_camps; case_sensitive; curated
Eberswalde,TOPONYM,location,holocaust_camps; case_sensitive; curated
Eching,TOPONYM,location,holocaust_camps; case_sensitive; curated
Echterdingen,TOPONYM,location,holocaust_camps; case_sensitive; curated
Edgewater,TOPONYM,location,ambiguous_cities; case_sensitive; curated
Edineti,TOPONYM,location,holocaust_camps; case_sensitive; curated
Edmonton,TOPONYM,location,ambiguous_cities; case_sensitive; curated
Eintrachthutte,TOPONYM,location,holocaust_camps; case_sensitive; curated
Eisenach,TOPONYM,location,holocaust_camps; case_sensitive; curated
Eisenberg,TOPONYM,location,holocaust_camps; case_sensitive; curated
Eisenerz,TOPONYM,location,holocaust_camps; case_sensitive; curated
El Cerrito,TOPONYM,location,ambiguous_cities; case_sensitive; curated
El Dorado,TOPONYM,location,ambiguous_cities; case_sensitive; curated
El Monte,TOPONYM,location,ambiguous_cities; case_sensitive; curated
El Salto,TOPONYM,location,ambiguous_cities; case_sensitive; curated
Elbe,TOPONYM,location,holocaust_camps; case_sensitive; curated
Elbing,TOPONYM,location,holocaust_camps; case_sensitive; curated
Elblag,TOPONYM,location,holocaust_camps; case_sensitive; curated
Eleje,TOPONYM,location,holocaust_camps; case_sensitive; curated
Elgin,TOPONYM,location,ambiguous_cities; case_sensitive; curated
Ellrich,TOPONYM,location,holocaust_camps; case_sensitive; curated
Ellwagen,TOPONYM,location,holocaust_camps; case_sensitive; curated
Ellwangen,TOPONYM,location,holocaust_camps; case_sensitive; curated
Elmhurst,TOPONYM,location,ambiguous_cities; case_sensitive; curated
Elmwood Park,TOPONYM,location,ambiguous_cities; case_sensitive; curated
Elsnig,TOPONYM,location,holocaust_camps; case_sensitive; curated
Elster,TOPONYM,location,holocaust_camps; case_sensitive; curated
Eltham,TOPONYM,location,ambiguous_cities; case_sensitive; curated
Embu,TOPONYM,location,ambiguous_cities; case_sensitive; curated
Emiliano Zapata,TOPONYM,location,ambiguous_cities; case_sensitive; curated
Emmen,TOPONYM,location,ambiguous_cities; case_sensitive; curated
Emmerting,TOPONYM,location,holocaust_camps; case_sensitive; curated
Engerhafe,TOPONYM,location,holocaust_camps; case_sensitive; curated
Englewood,TOPONYM,location,ambiguous_cities; case_sensitive; curated
Ennis,TOPONYM,location,ambiguous_cities; case_sensitive; curated
Enns,TOPONYM,location,holocaust_camps; case_sensitive; curated
Ensingen,TOPONYM,location,holocaust_camps; case_sensitive; curated
Enterprise,TOPONYM,location,ambiguous_cities; case_sensitive; curated
Enz,TOPONYM,location,holocaust_camps; case_sensitive; curated
Epe,TOPONYM,location,ambiguous_cities; case_sensitive; curated
Epping,TOPONYM,location,ambiguous_cities; case_sensitive; curated
Epsom,TOPONYM,location,ambiguous_cities; case_sensitive; curated
Erbendorf,TOPONYM,location,holocaust_camps; case_sensitive; curated
Ereğli,TOPONYM,location,ambiguous_cities; case_sensitive; curated
Erie,TOPONYM,location,ambiguous_cities; case_sensitive; curated
Erlenbush,TOPONYM,location,holocaust_camps; case_sensitive; curated
Ernforst,TOPONYM,location,holocaust_camps; case_sensitive; curated
Ernfort,TOPONYM,location,holocaust_camps; case_sensitive; curated
Ernstthal,TOPONYM,location,holocaust_camps; case_sensitive; curated
Erzingen,TOPONYM,location,holocaust_camps; case_sensitive; curated
Eschelbach,TOPONYM,location,holocaust_camps; case_sensitive; curated
Eschenhausen,TOPONYM,location,holocaust_camps; case_sensitive; curated
Escherhausen,TOPONYM,location,holocaust_camps; case_sensitive; curated
Esmeraldas,TOPONYM,location,ambiguous_cities; case_sensitive; curated
Esperanza,TOPONYM,location,ambiguous_cities; case_sensitive; curated
Essen,TOPONYM,location,holocaust_camps; case_sensitive; curated
Esterwegen,TOPONYM,location,holocaust_camps; case_sensitive; curated
Estonia,TOPONYM,location,holocaust_camps; case_sensitive; curated
Eule,TOPONYM,location,holocaust_camps; case_sensitive; curated
Evans,TOPONYM,location,ambiguous_cities; case_sensitive; curated
Everett,TOPONYM,location,ambiguous_cities; case_sensitive; curated
Fairfield,TOPONYM,location,ambiguous_cities; case_sensitive; curated
Falkenau,TOPONYM,location,holocaust_camps; case_sensitive; curated
Falkenberg,TOPONYM,location,holocaust_camps; case_sensitive; curated
Falkenhagen,TOPONYM,location,holocaust_camps; case_sensitive; curated
Falkensee,TOPONYM,location,holocaust_camps; case_sensitive; curated
Fallersleben,TOPONYM,location,holocaust_camps; case_sensitive; curated
Falstadt,TOPONYM,location,holocaust_camps; case_sensitive; curated
Farbe,TOPONYM,location,holocaust_camps; case_sensitive; curated
Farge,TOPONYM,location,holocaust_camps; case_sensitive; curated
Farmington,TOPONYM,location,ambiguous_cities; case_sensitive; curated
Farīdpur,TOPONYM,location,ambiguous_cities; case_sensitive; curated
Fatehpur,TOPONYM,location,ambiguous_cities; case_sensitive; curated
Fatehābād,TOPONYM,location,ambiguous_cities; case_sensitive; curated
Faulbruk,TOPONYM,location,holocaust_camps; case_sensitive; curated
Fayetteville,TOPONYM,location,ambiguous_cities; case_sensitive; curated
Feicheng,TOPONYM,location,ambiguous_cities; case_sensitive; curated
Feistenau,TOPONYM,location,holocaust_camps; case_sensitive; curated
Feldafing,TOPONYM,location,holocaust_camps; case_sensitive; curated
Feldberg,TOPONYM,location,holocaust_camps; case_sensitive; curated
Fengcheng,TOPONYM,location,ambiguous_cities; case_sensitive; curated
Fengping,TOPONYM,location,ambiguous_cities; case_sensitive; curated
Ferndale,TOPONYM,location,ambiguous_cities; case_sensitive; curated
Fidelstedt,TOPONYM,location,holocaust_camps; case_sensitive; curated
Finkenwerder,TOPONYM,location,holocaust_camps; case_sensitive; curated
Finland,TOPONYM,location,holocaust_camps; case_sensitive; curated
Fischbachau,TOPONYM,location,holocaust_camps; case_sensitive; curated
Fischen,TOPONYM,location,holocaust_camps; case_sensitive; curated
Fischhorn,TOPONYM,location,holocaust_camps; case_sensitive; curated
Fischtenhain,TOPONYM,location,holocaust_camps; case_sensitive; curated
Fitchburg,TOPONYM,location,ambiguous_cities; case_sensitive; curated
Flint,TOPONYM,location,ambiguous_cities; case_sensitive; curated
Floeszberg,TOPONYM,location,holocaust_camps; case_sensitive; curated
Florence,TOPONYM,location,ambiguous_cities; case_sensitive; curated
Florencia,TOPONYM,location,ambiguous_cities; case_sensitive; curated
Florida,TOPONYM,location,ambiguous_cities; case_sensitive; curated
Florisdorf,TOPONYM,location,holocaust_camps; case_sensitive; curated
Flossenburg,TOPONYM,location,holocaust_camps; case_sensitive; curated
Fludwigslust,TOPONYM,location,holocaust_camps; case_sensitive; curated
Flöha,TOPONYM,location,holocaust_camps; case_sensitive; curated
Fontana,TOPONYM,location,ambiguous_cities; case_sensitive; curated
Forest Hills,TOPONYM,location,ambiguous_cities; case_sensitive; curated
Forest Lake,TOPONYM,location,ambiguous_cities; case_sensitive; curated
Forest Park,TOPONYM,location,ambiguous_cities; case_sensitive; curated
Formosa,TOPONYM,location,ambiguous_cities; case_sensitive; curated
Forrenbach,TOPONYM,location,holocaust_camps; case_sensitive; curated
Fossoli,TOPONYM,location,holocaust_camps; case_sensitive; curated
Four Corners,TOPONYM,location,ambiguous_cities; case_sensitive; curated
Fracfort,TOPONYM,location,holocaust_camps; case_sensitive; curated
France,TOPONYM,location,holocaust_camps; case_sensitive; curated
Frankenberg,TOPONYM,location,ambiguous_cities; case_sensitive; curated
Frankfort,TOPONYM,location,ambiguous_cities; case_sensitive; curated
Franklin,TOPONYM,location,ambiguous_cities; case_sensitive; curated
Freeport,TOPONYM,location,ambiguous_cities; case_sensitive; curated
Freiberg,TOPONYM,location,holocaust_camps; case_sensitive; curated
Freising,TOPONYM,location,holocaust_camps; case_sensitive; curated
Freitheit,TOPONYM,location,holocaust_camps; case_sensitive; curated
Fremont,TOPONYM,location,ambiguous_cities; case_sensitive; curated
Fresno,TOPONYM,location,ambiguous_cities; case_sensitive; curated
Freudenthal,TOPONYM,location,holocaust_camps; case_sensitive; curated
Friedberg,TOPONYM,location,ambiguous_cities; case_sensitive; curated
Friedolfing,TOPONYM,location,holocaust_camps; case_sensitive; curated
Friedrischaffen,TOPONYM,location,holocaust_camps; case_sensitive; curated
Frieoythe,TOPONYM,location,holocaust_camps; case_sensitive; curated
Frierland,TOPONYM,location,holocaust_camps; case_sensitive; curated
Frommern,TOPONYM,location,holocaust_camps; case_sensitive; curated
Frontera,TOPONYM,location,ambiguous_cities; case_sensitive; curated
Fuji,TOPONYM,location,ambiguous_cities; case_sensitive; curated
Fujioka,TOPONYM,location,ambiguous_cities; case_sensitive; curated
Fullen,TOPONYM,location,holocaust_camps; case_sensitive; curated
Fulpmes,TOPONYM,location,holocaust_camps; case_sensitive; curated
Fulsbuttel,TOPONYM,location,holocaust_camps; case_sensitive; curated
Furstengrabe,TOPONYM,location,holocaust_camps; case_sensitive; curated
Furstenwalde,TOPONYM,location,holocaust_camps; case_sensitive; curated
Fussen,TOPONYM,location,holocaust_camps; case_sensitive; curated
Fuyang,TOPONYM,location,ambiguous_cities; case_sensitive; curated
Fuyu,TOPONYM,location,ambiguous_cities; case_sensitive; curated
Fuzhou,TOPONYM,location,ambiguous_cities; case_sensitive; curated
Fürstenberg,TOPONYM,location,holocaust_camps; case_sensitive; curated
Fürstenstein,TOPONYM,location,holocaust_camps; case_sensitive; curated
Gabersdorf,TOPONYM,location,holocaust_camps; case_sensitive; curated
Gablingen,TOPONYM,location,holocaust_camps; case_sensitive; curated
Gainesville,TOPONYM,location,ambiguous_cities; case_sensitive; curated
Ganacker,TOPONYM,location,holocaust_camps; case_sensitive; curated
Gandersheim,TOPONYM,location,holocaust_camps; case_sensitive; curated
Gangāpur,TOPONYM,location,ambiguous_cities; case_sensitive; curated
Gantang,TOPONYM,location,ambiguous_cities; case_sensitive; curated
Gaofeng,TOPONYM,location,ambiguous_cities; case_sensitive; curated
Gaoliu,TOPONYM,location,ambiguous_cities; case_sensitive; curated
Garden City,TOPONYM,location,ambiguous_cities; case_sensitive; curated
Gardner,TOPONYM,location,ambiguous_cities; case_sensitive; curated
Garmisch,TOPONYM,location,holocaust_camps; case_sensitive; curated
Gassen,TOPONYM,location,holocaust_camps; case_sensitive; curated
Gaya,TOPONYM,location,ambiguous_cities; case_sensitive; curated
Gazelle,TOPONYM,location,holocaust_camps; case_sensitive; curated
Gdansk,TOPONYM,location,holocaust_camps; case_sensitive; curated
Gdynia,TOPONYM,location,holocaust_camps; case_sensitive; curated
Gebhardsdorf,TOPONYM,location,holocaust_camps; case_sensitive; curated
Geilenberg,TOPONYM,location,holocaust_camps; case_sensitive; curated
Geisenheim,TOPONYM,location,holocaust_camps; case_sensitive; curated
Geislingen,TOPONYM,location,holocaust_camps; case_sensitive; curated
Gelsenkirchen,TOPONYM,location,holocaust_camps; case_sensitive; curated
Gendorf,TOPONYM,location,holocaust_camps; case_sensitive; curated
Genshagen,TOPONYM,location,holocaust_camps; case_sensitive; curated
George Town,TOPONYM,location,ambiguous_cities; case_sensitive; curated
Georgetown,TOPONYM,location,ambiguous_cities; case_sensitive; curated
Gerdenau,TOPONYM,location,holocaust_camps; case_sensitive; curated
Germantown,TOPONYM,location,ambiguous_cities; case_sensitive; curated
Germany,TOPONYM,location,holocaust_camps; case_sensitive; curated
Germering,TOPONYM,location,holocaust_camps; case_sensitive; curated
Giebelstadt,TOPONYM,location,holocaust_camps; case_sensitive; curated
Giercze Puste,TOPONYM,location,holocaust_camps; case_sensitive; curated
Giessen,TOPONYM,location,holocaust_camps; case_sensitive; curated
Gladstone,TOPONYM,location,ambiguous_cities; case_sensitive; curated
Glassau,TOPONYM,location,holocaust_camps; case_sensitive; curated
Glau,TOPONYM,location,holocaust_camps; case_sensitive; curated
Gleina,TOPONYM,location,holocaust_camps; case_sensitive; curated
Gleiwitz,TOPONYM,location,holocaust_camps; case_sensitive; curated
Glendale,TOPONYM,location,ambiguous_cities; case_sensitive; curated
Glene,TOPONYM,location,holocaust_camps; case_sensitive; curated
Gloucester,TOPONYM,location,ambiguous_cities; case_sensitive; curated
Gmund,TOPONYM,location,holocaust_camps; case_sensitive; curated
Goben,TOPONYM,location,holocaust_camps; case_sensitive; curated
Goettingen,TOPONYM,location,holocaust_camps; case_sensitive; curated
Goleszow,TOPONYM,location,holocaust_camps; case_sensitive; curated
Golleschau,TOPONYM,location,holocaust_camps; case_sensitive; curated
Gorakhpur,TOPONYM,location,ambiguous_cities; case_sensitive; curated
Gorlitz,TOPONYM,location,holocaust_camps; case_sensitive; curated
Gornja Reka,TOPONYM,location,holocaust_camps; case_sensitive; curated
Goslar,TOPONYM,location,holocaust_camps; case_sensitive; curated
Graben,TOPONYM,location,holocaust_camps; case_sensitive; curated
Gradiska,TOPONYM,location,holocaust_camps; case_sensitive; curated
Grafenreuth,TOPONYM,location,holocaust_camps; case_sensitive; curated
Granada,TOPONYM,location,ambiguous_cities; case_sensitive; curated
Grand Island,TOPONYM,location,ambiguous_cities; case_sensitive; curated
Granefort,TOPONYM,location,holocaust_camps; case_sensitive; curated
Grasleben,TOPONYM,location,holocaust_camps; case_sensitive; curated
Graslitz,TOPONYM,location,holocaust_camps; case_sensitive; curated
Graudenz,TOPONYM,location,holocaust_camps; case_sensitive; curated
Gravesend,TOPONYM,location,ambiguous_cities; case_sensitive; curated
Great Falls,TOPONYM,location,ambiguous_cities; case_sensitive; curated
Greendorf,TOPONYM,location,holocaust_camps; case_sensitive; curated
Greenfield,TOPONYM,location,ambiguous_cities; case_sensitive; curated
Greenville,TOPONYM,location,ambiguous_cities; case_sensitive; curated
Greenwood,TOPONYM,location,ambiguous_cities; case_sensitive; curated
Grein,TOPONYM,location,holocaust_camps; case_sensitive; curated
Griffith,TOPONYM,location,ambiguous_cities; case_sensitive; curated
Grimolsried,TOPONYM,location,holocaust_camps; case_sensitive; curated
Grimsby,TOPONYM,location,ambiguous_cities; case_sensitive; curated
Grodno,TOPONYM,location,holocaust_camps; case_sensitive; curated
Gross,TOPONYM,location,holocaust_camps; case_sensitive; curated
Gross Rosen,TOPONYM,location,holocaust_camps; case_sensitive; curated
Grossramming,TOPONYM,location,holocaust_camps; case_sensitive; curated
Grosswerther,TOPONYM,location,holocaust_camps; case_sensitive; curated
Grulich,TOPONYM,location,holocaust_camps; case_sensitive; curated
Grunsberg,TOPONYM,location,holocaust_camps; case_sensitive; curated
Gruschwitz,TOPONYM,location,holocaust_camps; case_sensitive; curated
Gröditz,TOPONYM,location,holocaust_camps; case_sensitive; curated
Guadalajara,TOPONYM,location,ambiguous_cities; case_sensitive; curated
Guadalupe,TOPONYM,location,ambiguous_cities; case_sensitive; curated
Guandu,TOPONYM,location,ambiguous_cities; case_sensitive; curated
Guanzhuang,TOPONYM,location,ambiguous_cities; case_sensitive; curated
Guixi,TOPONYM,location,ambiguous_cities; case_sensitive; curated
Gulu,TOPONYM,location,ambiguous_cities; case_sensitive; curated
Gundelsdorf,TOPONYM,location,holocaust_camps; case_sensitive; curated
Gunskirchen,TOPONYM,location,holocaust_camps; case_sensitive; curated
Gunthergrubbe,TOPONYM,location,holocaust_camps; case_sensitive; curated
Gunzerode,TOPONYM,location,holocaust_camps; case_sensitive; curated
Guojia,TOPONYM,location,ambiguous_cities; case_sensitive; curated
Gusen,TOPONYM,location,holocaust_camps; case_sensitive; curated
Gutowo,TOPONYM,location,holocaust_camps; case_sensitive; curated
Guttenbach,TOPONYM,location,holocaust_camps; case_sensitive; curated
Gwangju,TOPONYM,location,ambiguous_cities; case_sensitive; curated
Gwisdyn,TOPONYM,location,holocaust_camps; case_sensitive; curated
Hadmersleben,TOPONYM,location,holocaust_camps; case_sensitive; curated
Haikou,TOPONYM,location,ambiguous_cities; case_sensitive; curated
Hailfingen,TOPONYM,location,holocaust_camps; case_sensitive; curated
Hainichen,TOPONYM,location,holocaust_camps; case_sensitive; curated
Halberstadt,TOPONYM,location,holocaust_camps; case_sensitive; curated
Halbstadt,TOPONYM,location,holocaust_camps; case_sensitive; curated
Hale,TOPONYM,location,ambiguous_cities; case_sensitive; curated
Halfing,TOPONYM,location,holocaust_camps; case_sensitive; curated
Halifax,TOPONYM,location,ambiguous_cities; case_sensitive; curated
Hall,TOPONYM,location,holocaust_camps; case_sensitive; curated
Halle,TOPONYM,location,ambiguous_cities; case_sensitive; curated
Hallein,TOPONYM,location,holocaust_camps; case_sensitive; curated
Hamburg,TOPONYM,location,holocaust_camps; case_sensitive; curated
Hamilton,TOPONYM,location,ambiguous_cities; case_sensitive; curated
Hamm,TOPONYM,location,ambiguous_cities; case_sensitive; curated
Hammamet,TOPONYM,location,ambiguous_cities; case_sensitive; curated
Hammond,TOPONYM,location,ambiguous_cities; case_sensitive; curated
Hampton,TOPONYM,location,ambiguous_cities; case_sensitive; curated
Hamīrpur,TOPONYM,location,ambiguous_cities; case_sensitive; curated
Hancheng,TOPONYM,location,ambiguous_cities; case_sensitive; curated
Hangu,TOPONYM,location,ambiguous_cities; case_sensitive; curated
Hannover,TOPONYM,location,holocaust_camps; case_sensitive; curated
Hanover,TOPONYM,location,ambiguous_cities; case_sensitive; curated
Hanwang,TOPONYM,location,ambiguous_cities; case_sensitive; curated
Hanyuan,TOPONYM,location,ambiguous_cities; case_sensitive; curated
Happurg,TOPONYM,location,holocaust_camps; case_sensitive; curated
Hardehausen,TOPONYM,location,holocaust_camps; case_sensitive; curated
Harlingen,TOPONYM,location,ambiguous_cities; case_sensitive; curated
Harmeze,TOPONYM,location,holocaust_camps; case_sensitive; curated
Harrison,TOPONYM,location,ambiguous_cities; case_sensitive; curated
Hartmanndorf,TOPONYM,location,holocaust_camps; case_sensitive; curated
Harvey,TOPONYM,location,ambiguous_cities; case_sensitive; curated
Harzungen,TOPONYM,location,holocaust_camps; case_sensitive; curated
Haslach,TOPONYM,location,holocaust_camps; case_sensitive; curated
Hasserode,TOPONYM,location,holocaust_camps; case_sensitive; curated
Hastings,TOPONYM,location,ambiguous_cities; case_sensitive; curated
Haunstetten,TOPONYM,location,holocaust_camps; case_sensitive; curated
Hausberge,TOPONYM,location,holocaust_camps; case_sensitive; curated
Hausham,TOPONYM,location,holocaust_camps; case_sensitive; curated
Havel,TOPONYM,location,holocaust_camps; case_sensitive; curated
Haverhill,TOPONYM,location,ambiguous_cities; case_sensitive; curated
Hawthorne,TOPONYM,location,ambiguous_cities; case_sensitive; curated
Hayes,TOPONYM,location,ambiguous_cities; case_sensitive; curated
Heidelberg,TOPONYM,location,ambiguous_cities; case_sensitive; curated
Heidenau,TOPONYM,location,holocaust_camps; case_sensitive; curated
Heidenhaim,TOPONYM,location,holocaust_camps; case_sensitive; curated
Heilbronn,TOPONYM,location,holocaust_camps; case_sensitive; curated
Heiligenbeil,TOPONYM,location,holocaust_camps; case_sensitive; curated
Heinkaten,TOPONYM,location,holocaust_camps; case_sensitive; curated
Heinkel,TOPONYM,location,holocaust_camps; case_sensitive; curated
Helena,TOPONYM,location,ambiguous_cities; case_sensitive; curated
Helensee,TOPONYM,location,holocaust_camps; case_sensitive; curated
Helmbrechts,TOPONYM,location,holocaust_camps; case_sensitive; curated
Helmstadt,TOPONYM,location,holocaust_camps; case_sensitive; curated
Helmstedt,TOPONYM,location,holocaust_camps; case_sensitive; curated
Henderson,TOPONYM,location,ambiguous_cities; case_sensitive; curated
Hennigsdorf,TOPONYM,location,holocaust_camps; case_sensitive; curated
Heppenhaim,TOPONYM,location,holocaust_camps; case_sensitive; curated
Heppenheim,TOPONYM,location,holocaust_camps; case_sensitive; curated
Hereford,TOPONYM,location,ambiguous_cities; case_sensitive; curated
Hermitage,TOPONYM,location,ambiguous_cities; case_sensitive; curated
Hersbruck,TOPONYM,location,holocaust_camps; case_sensitive; curated
Hertine,TOPONYM,location,holocaust_camps; case_sensitive; curated
Herzberg,TOPONYM,location,holocaust_camps; case_sensitive; curated
Herzebrück,TOPONYM,location,holocaust_camps; case_sensitive; curated
Hesepe,TOPONYM,location,holocaust_camps; case_sensitive; curated
Hessenthal,TOPONYM,location,holocaust_camps; case_sensitive; curated
Hessich,TOPONYM,location,holocaust_camps; case_sensitive; curated
Hidelsheim,TOPONYM,location,holocaust_camps; case_sensitive; curated
Highland,TOPONYM,location,ambiguous_cities; case_sensitive; curated
Hillside,TOPONYM,location,ambiguous_cities; case_sensitive; curated
Hindenburg,TOPONYM,location,holocaust_camps; case_sensitive; curated
Hino,TOPONYM,location,ambiguous_cities; case_sensitive; curated
Hinterbrühl,TOPONYM,location,holocaust_camps; case_sensitive; curated
Hinzert,TOPONYM,location,holocaust_camps; case_sensitive; curated
Hirschberg,TOPONYM,location,holocaust_camps; case_sensitive; curated
Hirtenberg,TOPONYM,location,holocaust_camps; case_sensitive; curated
Hobart,TOPONYM,location,ambiguous_cities; case_sensitive; curated
Hoboken,TOPONYM,location,ambiguous_cities; case_sensitive; curated
Hof,TOPONYM,location,holocaust_camps; case_sensitive; curated
Hoffnung,TOPONYM,location,holocaust_camps; case_sensitive; curated
Hohenelbe,TOPONYM,location,holocaust_camps; case_sensitive; curated
Hohenlinde,TOPONYM,location,holocaust_camps; case_sensitive; curated
Hohenlychen,TOPONYM,location,holocaust_camps; case_sensitive; curated
Hohenstadt,TOPONYM,location,holocaust_camps; case_sensitive; curated
Hohenstein,TOPONYM,location,holocaust_camps; case_sensitive; curated
Hohlstedt,TOPONYM,location,holocaust_camps; case_sensitive; curated
Hokuto,TOPONYM,location,ambiguous_cities; case_sensitive; curated
Holland,TOPONYM,location,holocaust_camps; case_sensitive; curated
Holleischen,TOPONYM,location,holocaust_camps; case_sensitive; curated
Hollywood,TOPONYM,location,ambiguous_cities; case_sensitive; curated
Holyson,TOPONYM,location,holocaust_camps; case_sensitive; curated
Holzen,TOPONYM,location,holocaust_camps; case_sensitive; curated
Homewood,TOPONYM,location,ambiguous_cities; case_sensitive; curated
Honchō,TOPONYM,location,ambiguous_cities; case_sensitive; curated
Hongqiao,TOPONYM,location,ambiguous_cities; case_sensitive; curated
Horgau,TOPONYM,location,holocaust_camps; case_sensitive; curated
Horneburg,TOPONYM,location,holocaust_camps; case_sensitive; curated
Horodok,TOPONYM,location,ambiguous_cities; case_sensitive; curated
Howachts,TOPONYM,location,holocaust_camps; case_sensitive; curated
Hradischko,TOPONYM,location,holocaust_camps; case_sensitive; curated
Hrubieszow,TOPONYM,location,holocaust_camps; case_sensitive; curated
Huanggang,TOPONYM,location,ambiguous_cities; case_sensitive; curated
Huangshan,TOPONYM,location,ambiguous_cities; case_sensitive; curated
Hubertushutte,TOPONYM,location,holocaust_camps; case_sensitive; curated
Hubmersberg,TOPONYM,location,holocaust_camps; case_sensitive; curated
Huicheng,TOPONYM,location,ambiguous_cities; case_sensitive; curated
Huilong,TOPONYM,location,ambiguous_cities; case_sensitive; curated
Huimin,TOPONYM,location,ambiguous_cities; case_sensitive; curated
Huntington,TOPONYM,location,ambiguous_cities; case_sensitive; curated
Huntsville,TOPONYM,location,ambiguous_cities; case_sensitive; curated
Hurlach,TOPONYM,location,holocaust_camps; case_sensitive; curated
Husum,TOPONYM,location,holocaust_camps; case_sensitive; curated
Ibi,TOPONYM,location,ambiguous_cities; case_sensitive; curated
Iffezheim,TOPONYM,location,holocaust_camps; case_sensitive; curated
Ilfeld,TOPONYM,location,holocaust_camps; case_sensitive; curated
Ilsenburg,TOPONYM,location,holocaust_camps; case_sensitive; curated
Imperial,TOPONYM,location,ambiguous_cities; case_sensitive; curated
Independence,TOPONYM,location,ambiguous_cities; case_sensitive; curated
Ingoldstadt,TOPONYM,location,holocaust_camps; case_sensitive; curated
Innsbruck,TOPONYM,location,holocaust_camps; case_sensitive; curated
Irvine,TOPONYM,location,ambiguous_cities; case_sensitive; curated
Ishikawa,TOPONYM,location,ambiguous_cities; case_sensitive; curated
Islāmpur,TOPONYM,location,ambiguous_cities; case_sensitive; curated
Itabaiana,TOPONYM,location,ambiguous_cities; case_sensitive; curated
Italy,TOPONYM,location,holocaust_camps; case_sensitive; curated
Itter,TOPONYM,location,holocaust_camps; case_sensitive; curated
Itu,TOPONYM,location,ambiguous_cities; case_sensitive; curated
Izumi,TOPONYM,location,ambiguous_cities; case_sensitive; curated
Jackson,TOPONYM,location,ambiguous_cities; case_sensitive; curated
Jacksonville,TOPONYM,location,ambiguous_cities; case_sensitive; curated
Jadovno,TOPONYM,location,holocaust_camps; case_sensitive; curated
Jalapa,TOPONYM,location,ambiguous_cities; case_sensitive; curated
Jaleshwar,TOPONYM,location,ambiguous_cities; case_sensitive; curated
Jalālābād,TOPONYM,location,ambiguous_cities; case_sensitive; curated
Jamestown,TOPONYM,location,ambiguous_cities; case_sensitive; curated
Jamālpur,TOPONYM,location,ambiguous_cities; case_sensitive; curated
Janigagrube,TOPONYM,location,holocaust_camps; case_sensitive; curated
Janowitz,TOPONYM,location,holocaust_camps; case_sensitive; curated
Jasenovac,TOPONYM,location,holocaust_camps; case_sensitive; curated
Jastrebarsko,TOPONYM,location,holocaust_camps; case_sensitive; curated
Jawichowitz,TOPONYM,location,holocaust_camps; case_sensitive; curated
Jaworzno,TOPONYM,location,holocaust_camps; case_sensitive; curated
Jaén,TOPONYM,location,ambiguous_cities; case_sensitive; curated
Jelenia Gara,TOPONYM,location,holocaust_camps; case_sensitive; curated
Jena,TOPONYM,location,holocaust_camps; case_sensitive; curated
Jessu,TOPONYM,location,holocaust_camps; case_sensitive; curated
Jesús María,TOPONYM,location,ambiguous_cities; case_sensitive; curated
Jezeri,TOPONYM,location,holocaust_camps; case_sensitive; curated
Jiangkou,TOPONYM,location,ambiguous_cities; case_sensitive; curated
Jiangzhuang,TOPONYM,location,ambiguous_cities; case_sensitive; curated
Jieshi,TOPONYM,location,ambiguous_cities; case_sensitive; curated
Jincheng,TOPONYM,location,ambiguous_cities; case_sensitive; curated
Jinhua,TOPONYM,location,ambiguous_cities; case_sensitive; curated
Jining,TOPONYM,location,ambiguous_cities; case_sensitive; curated
Jinjiang,TOPONYM,location,ambiguous_cities; case_sensitive; curated
Jinzhou,TOPONYM,location,ambiguous_cities; case_sensitive; curated
Ji’an,TOPONYM,location,ambiguous_cities; case_sensitive; curated
Jobabo,TOPONYM,location,ambiguous_cities; case_sensitive; curated
Jodhpur,TOPONYM,location,ambiguous_cities; case_sensitive; curated
Johanngeorgenstadt,TOPONYM,location,holocaust_camps; case_sensitive; curated
Johnston,TOPONYM,location,ambiguous_cities; case_sensitive; curated
Jungfern,TOPONYM,location,holocaust_camps; case_sensitive; curated
Jungfernhof,TOPONYM,location,holocaust_camps; case_sensitive; curated
Junín,TOPONYM,location,ambiguous_cities; case_sensitive; curated
Kaaden,TOPONYM,location,holocaust_camps; case_sensitive; curated
Kadan,TOPONYM,location,holocaust_camps; case_sensitive; curated
Kadoma,TOPONYM,location,ambiguous_cities; case_sensitive; curated
Kaiserwald,TOPONYM,location,holocaust_camps; case_sensitive; curated
Kaisheim,TOPONYM,location,holocaust_camps; case_sensitive; curated
Kaiyuan,TOPONYM,location,ambiguous_cities; case_sensitive; curated
Kaltenkirch,TOPONYM,location,holocaust_camps; case_sensitive; curated
Kaltwasser,TOPONYM,location,holocaust_camps; case_sensitive; curated
Kamenicky,TOPONYM,location,holocaust_camps; case_sensitive; curated
Kamenz,TOPONYM,location,holocaust_camps; case_sensitive; curated
Kamienogora,TOPONYM,location,holocaust_camps; case_sensitive; curated
Kangasjarvi,TOPONYM,location,holocaust_camps; case_sensitive; curated
Kansas City,TOPONYM,location,ambiguous_cities; case_sensitive; curated
Kariya,TOPONYM,location,ambiguous_cities; case_sensitive; curated
Karlsfeld,TOPONYM,location,holocaust_camps; case_sensitive; curated
Karlshagen,TOPONYM,location,holocaust_camps; case_sensitive; curated
Karlsruhe,TOPONYM,location,holocaust_camps; case_sensitive; curated
Karsfeld,TOPONYM,location,holocaust_camps; case_sensitive; curated
Kasama,TOPONYM,location,ambiguous_cities; case_sensitive; curated
Kassel,TOPONYM,location,holocaust_camps; case_sensitive; curated
Katangi,TOPONYM,location,ambiguous_cities; case_sensitive; curated
Kaufbeuren,TOPONYM,location,holocaust_camps; case_sensitive; curated
Kaufering,TOPONYM,location,holocaust_camps; case_sensitive; curated
Kaufering Erpfting,TOPONYM,location,holocaust_camps; case_sensitive; curated
Kaunas,TOPONYM,location,holocaust_camps; case_sensitive; curated
Kawasaki,TOPONYM,location,ambiguous_cities; case_sensitive; curated
Kayes,TOPONYM,location,ambiguous_cities; case_sensitive; curated
Kazan,TOPONYM,location,ambiguous_cities; case_sensitive; curated
Kelbra,TOPONYM,location,holocaust_camps; case_sensitive; curated
Kempten,TOPONYM,location,holocaust_camps; case_sensitive; curated
Kenmore,TOPONYM,location,ambiguous_cities; case_sensitive; curated
Kensington,TOPONYM,location,ambiguous_cities; case_sensitive; curated
Kent,TOPONYM,location,ambiguous_cities; case_sensitive; curated
Kettering,TOPONYM,location,ambiguous_cities; case_sensitive; curated
Khairāgarh,TOPONYM,location,ambiguous_cities; case_sensitive; curated
Kharagpur,TOPONYM,location,ambiguous_cities; case_sensitive; curated
Khorol,TOPONYM,location,holocaust_camps; case_sensitive; curated
Khāsh,TOPONYM,location,ambiguous_cities; case_sensitive; curated
Kiel,TOPONYM,location,holocaust_camps; case_sensitive; curated
Kielbasin,TOPONYM,location,holocaust_camps; case_sensitive; curated
Kingston,TOPONYM,location,ambiguous_cities; case_sensitive; curated
Kirchham,TOPONYM,location,holocaust_camps; case_sensitive; curated
Kirkland,TOPONYM,location,ambiguous_cities; case_sensitive; curated
Kirov,TOPONYM,location,ambiguous_cities; case_sensitive; curated
Kirovsk,TOPONYM,location,ambiguous_cities; case_sensitive; curated
Kittlitztrebben,TOPONYM,location,holocaust_camps; case_sensitive; curated
Kl. Machnow,TOPONYM,location,holocaust_camps; case_sensitive; curated
Klagenfurt,TOPONYM,location,holocaust_camps; case_sensitive; curated
Klein Bischofferode,TOPONYM,location,holocaust_camps; case_sensitive; curated
Klein Bodungen,TOPONYM,location,holocaust_camps; case_sensitive; curated
Klein Niedergerba,TOPONYM,location,holocaust_camps; case_sensitive; curated
Kleinmünchen,TOPONYM,location,holocaust_camps; case_sensitive; curated
Kleinnoshersleben Ago,TOPONYM,location,holocaust_camps; case_sensitive; curated
Klinker,TOPONYM,location,holocaust_camps; case_sensitive; curated
Klooga,TOPONYM,location,holocaust_camps; case_sensitive; curated
Kloppenburg,TOPONYM,location,holocaust_camps; case_sensitive; curated
Klutzow,TOPONYM,location,holocaust_camps; case_sensitive; curated
Knellendorf,TOPONYM,location,holocaust_camps; case_sensitive; curated
Kobio,TOPONYM,location,holocaust_camps; case_sensitive; curated
Kobior,TOPONYM,location,holocaust_camps; case_sensitive; curated
Kochem,TOPONYM,location,holocaust_camps; case_sensitive; curated
Kochemdorf,TOPONYM,location,holocaust_camps; case_sensitive; curated
Koepenig,TOPONYM,location,holocaust_camps; case_sensitive; curated
Koga,TOPONYM,location,ambiguous_cities; case_sensitive; curated
Kokokszki,TOPONYM,location,holocaust_camps; case_sensitive; curated
Kokoschken,TOPONYM,location,holocaust_camps; case_sensitive; curated
Kolkau,TOPONYM,location,holocaust_camps; case_sensitive; curated
Kolpin,TOPONYM,location,holocaust_camps; case_sensitive; curated
Konigsee,TOPONYM,location,holocaust_camps; case_sensitive; curated
Konigswusterhause,TOPONYM,location,holocaust_camps; case_sensitive; curated
Koningstein,TOPONYM,location,holocaust_camps; case_sensitive; curated
Kopisti,TOPONYM,location,holocaust_camps; case_sensitive; curated
Korba,TOPONYM,location,ambiguous_cities; case_sensitive; curated
Kotern,TOPONYM,location,holocaust_camps; case_sensitive; curated
Kotlicki Trebin,TOPONYM,location,holocaust_camps; case_sensitive; curated
Kottern,TOPONYM,location,holocaust_camps; case_sensitive; curated
Koveri,TOPONYM,location,holocaust_camps; case_sensitive; curated
Kragujevac,TOPONYM,location,holocaust_camps; case_sensitive; curated
Kranichfeld,TOPONYM,location,holocaust_camps; case_sensitive; curated
Krapje,TOPONYM,location,holocaust_camps; case_sensitive; curated
Krasnoarmeysk,TOPONYM,location,ambiguous_cities; case_sensitive; curated
Kratzau,TOPONYM,location,holocaust_camps; case_sensitive; curated
Krondorf,TOPONYM,location,holocaust_camps; case_sensitive; curated
Krucklhalm,TOPONYM,location,holocaust_camps; case_sensitive; curated
Kruscica,TOPONYM,location,holocaust_camps; case_sensitive; curated
Kruswica,TOPONYM,location,holocaust_camps; case_sensitive; curated
Krzemieniewo,TOPONYM,location,holocaust_camps; case_sensitive; curated
Kulu,TOPONYM,location,ambiguous_cities; case_sensitive; curated
Kursbach Grunthal,TOPONYM,location,holocaust_camps; case_sensitive; curated
Köln Fordwerke,TOPONYM,location,holocaust_camps; case_sensitive; curated
Köln Hansestadt,TOPONYM,location,holocaust_camps; case_sensitive; curated
Köln Westwagen,TOPONYM,location,holocaust_camps; case_sensitive; curated
Köningsberg,TOPONYM,location,holocaust_camps; case_sensitive; curated
Küstrin,TOPONYM,location,holocaust_camps; case_sensitive; curated
La Concepción,TOPONYM,location,ambiguous_cities; case_sensitive; curated
La Libertad,TOPONYM,location,ambiguous_cities; case_sensitive; curated
La Mesa,TOPONYM,location,ambiguous_cities; case_sensitive; curated
La Paz,TOPONYM,location,ambiguous_cities; case_sensitive; curated
La Plata,TOPONYM,location,ambiguous_cities; case_sensitive; curated
La Porte,TOPONYM,location,ambiguous_cities; case_sensitive; curated
La Rinconada,TOPONYM,location,ambiguous_cities; case_sensitive; curated
La Unión,TOPONYM,location,ambiguous_cities; case_sensitive; curated
Laagberg,TOPONYM,location,holocaust_camps; case_sensitive; curated
Laasberg,TOPONYM,location,holocaust_camps; case_sensitive; curated
Labuan,TOPONYM,location,ambiguous_cities; case_sensitive; curated
Ladelund,TOPONYM,location,holocaust_camps; case_sensitive; curated
Ladelung,TOPONYM,location,holocaust_camps; case_sensitive; curated
Lafayette,TOPONYM,location,ambiguous_cities; case_sensitive; curated
Lagiewniki,TOPONYM,location,holocaust_camps; case_sensitive; curated
Lagischa,TOPONYM,location,holocaust_camps; case_sensitive; curated
Lagisza,TOPONYM,location,holocaust_camps; case_sensitive; curated
Lagos,TOPONYM,location,ambiguous_cities; case_sensitive; curated
Laguna,TOPONYM,location,ambiguous_cities; case_sensitive; curated
Lagunillas,TOPONYM,location,ambiguous_cities; case_sensitive; curated
Laja,TOPONYM,location,ambiguous_cities; case_sensitive; curated
Lake Forest,TOPONYM,location,ambiguous_cities; case_sensitive; curated
Lakeside,TOPONYM,location,ambiguous_cities; case_sensitive; curated
Lakewood,TOPONYM,location,ambiguous_cities; case_sensitive; curated
Lancaster,TOPONYM,location,ambiguous_cities; case_sensitive; curated
Landeshut,TOPONYM,location,holocaust_camps; case_sensitive; curated
Landsberg,TOPONYM,location,holocaust_camps; case_sensitive; curated
Landshut,TOPONYM,location,holocaust_camps; case_sensitive; curated
Langen,TOPONYM,location,ambiguous_cities; case_sensitive; curated
Langenblielau,TOPONYM,location,holocaust_camps; case_sensitive; curated
Langenhagen,TOPONYM,location,holocaust_camps; case_sensitive; curated
Langenhorn,TOPONYM,location,holocaust_camps; case_sensitive; curated
Langensalsa,TOPONYM,location,holocaust_camps; case_sensitive; curated
Langenstein,TOPONYM,location,holocaust_camps; case_sensitive; curated
Lansing,TOPONYM,location,ambiguous_cities; case_sensitive; curated
Lanxi,TOPONYM,location,ambiguous_cities; case_sensitive; curated
Laranjeiro,TOPONYM,location,ambiguous_cities; case_sensitive; curated
Larche Ludwigsdorf,TOPONYM,location,holocaust_camps; case_sensitive; curated
Laredo,TOPONYM,location,ambiguous_cities; case_sensitive; curated
Las Vegas,TOPONYM,location,ambiguous_cities; case_sensitive; curated
Latina,TOPONYM,location,ambiguous_cities; case_sensitive; curated
Latvia,TOPONYM,location,holocaust_camps; case_sensitive; curated
Lauenberg Laura,TOPONYM,location,holocaust_camps; case_sensitive; curated
Lauenburg,TOPONYM,location,holocaust_camps; case_sensitive; curated
Lauingen,TOPONYM,location,holocaust_camps; case_sensitive; curated
Laurahutte,TOPONYM,location,holocaust_camps; case_sensitive; curated
Laurel,TOPONYM,location,ambiguous_cities; case_sensitive; curated
Laval,TOPONYM,location,ambiguous_cities; case_sensitive; curated
Lawki,TOPONYM,location,holocaust_camps; case_sensitive; curated
Lawrence,TOPONYM,location,ambiguous_cities; case_sensitive; curated
Lawski,TOPONYM,location,holocaust_camps; case_sensitive; curated
Lebanon,TOPONYM,location,ambiguous_cities; case_sensitive; curated
Lechfeld,TOPONYM,location,holocaust_camps; case_sensitive; curated
Ledziny,TOPONYM,location,holocaust_camps; case_sensitive; curated
Leek,TOPONYM,location,ambiguous_cities; case_sensitive; curated
Leer,TOPONYM,location,ambiguous_cities; case_sensitive; curated
Leesburg,TOPONYM,location,ambiguous_cities; case_sensitive; curated
Lehensten Laura,TOPONYM,location,holocaust_camps; case_sensitive; curated
Lehmwasser,TOPONYM,location,holocaust_camps; case_sensitive; curated
Leibnitz,TOPONYM,location,holocaust_camps; case_sensitive; curated
Leimbach,TOPONYM,location,holocaust_camps; case_sensitive; curated
Leipzig,TOPONYM,location,holocaust_camps; case_sensitive; curated
Leipzig Lindenthal,TOPONYM,location,holocaust_camps; case_sensitive; curated
Leipzig Markkleeberg,TOPONYM,location,holocaust_camps; case_sensitive; curated
Leipzig Sconau,TOPONYM,location,holocaust_camps; case_sensitive; curated
Leitmeritz,TOPONYM,location,holocaust_camps; case_sensitive; curated
Lemberg,TOPONYM,location,holocaust_camps; case_sensitive; curated
Lengenfeld,TOPONYM,location,holocaust_camps; case_sensitive; curated
Lengerich,TOPONYM,location,holocaust_camps; case_sensitive; curated
Lenta,TOPONYM,location,holocaust_camps; case_sensitive; curated
Lenzing,TOPONYM,location,holocaust_camps; case_sensitive; curated
Leonberg,TOPONYM,location,holocaust_camps; case_sensitive; curated
Leopoldshall,TOPONYM,location,holocaust_camps; case_sensitive; curated
Lepoglava,TOPONYM,location,holocaust_camps; case_sensitive; curated
Lepziny,TOPONYM,location,holocaust_camps; case_sensitive; curated
Lerbeck,TOPONYM,location,holocaust_camps; case_sensitive; curated
Lesnoy,TOPONYM,location,ambiguous_cities; case_sensitive; curated
Lesslan,TOPONYM,location,holocaust_camps; case_sensitive; curated
Lesslau,TOPONYM,location,holocaust_camps; case_sensitive; curated
Leszno Lissa,TOPONYM,location,holocaust_camps; case_sensitive; curated
Levittown,TOPONYM,location,ambiguous_cities; case_sensitive; curated
Lewiston,TOPONYM,location,ambiguous_cities; case_sensitive; curated
Lexington,TOPONYM,location,ambiguous_cities; case_sensitive; curated
León,TOPONYM,location,ambiguous_cities; case_sensitive; curated
Liangping,TOPONYM,location,ambiguous_cities; case_sensitive; curated
Libiaz,TOPONYM,location,holocaust_camps; case_sensitive; curated
Licheng,TOPONYM,location,ambiguous_cities; case_sensitive; curated
Lichtenau,TOPONYM,location,holocaust_camps; case_sensitive; curated
Lichtenrade,TOPONYM,location,holocaust_camps; case_sensitive; curated
Lichterfelde,TOPONYM,location,holocaust_camps; case_sensitive; curated
Lieberose,TOPONYM,location,holocaust_camps; case_sensitive; curated
Liebhof,TOPONYM,location,holocaust_camps; case_sensitive; curated
Lielawa,TOPONYM,location,holocaust_camps; case_sensitive; curated
Lille,TOPONYM,location,ambiguous_cities; case_sensitive; curated
Lima,TOPONYM,location,ambiguous_cities; case_sensitive; curated
Limay,TOPONYM,location,ambiguous_cities; case_sensitive; curated
Limerick,TOPONYM,location,ambiguous_cities; case_sensitive; curated
Limmer,TOPONYM,location,holocaust_camps; case_sensitive; curated
Linares,TOPONYM,location,ambiguous_cities; case_sensitive; curated
Lincoln,TOPONYM,location,ambiguous_cities; case_sensitive; curated
Lincoln Park,TOPONYM,location,ambiguous_cities; case_sensitive; curated
Lind,TOPONYM,location,holocaust_camps; case_sensitive; curated
Linden,TOPONYM,location,ambiguous_cities; case_sensitive; curated
Linjiang,TOPONYM,location,ambiguous_cities; case_sensitive; curated
Linxi,TOPONYM,location,ambiguous_cities; case_sensitive; curated
Linz,TOPONYM,location,holocaust_camps; case_sensitive; curated
Lippstadt,TOPONYM,location,holocaust_camps; case_sensitive; curated
Lithuania,TOPONYM,location,holocaust_camps; case_sensitive; curated
Litomerice,TOPONYM,location,holocaust_camps; case_sensitive; curated
Live Oak,TOPONYM,location,ambiguous_cities; case_sensitive; curated
Liverpool,TOPONYM,location,ambiguous_cities; case_sensitive; curated
Livingston,TOPONYM,location,ambiguous_cities; case_sensitive; curated
Loborgrad,TOPONYM,location,holocaust_camps; case_sensitive; curated
Lobositz,TOPONYM,location,holocaust_camps; case_sensitive; curated
Lochau,TOPONYM,location,holocaust_camps; case_sensitive; curated
Lochhausen,TOPONYM,location,holocaust_camps; case_sensitive; curated
Lockport,TOPONYM,location,ambiguous_cities; case_sensitive; curated
Lodi,TOPONYM,location,ambiguous_cities; case_sensitive; curated
Lohausen,TOPONYM,location,holocaust_camps; case_sensitive; curated
Lohof,TOPONYM,location,holocaust_camps; case_sensitive; curated
Loibl,TOPONYM,location,holocaust_camps; case_sensitive; curated
Loja,TOPONYM,location,ambiguous_cities; case_sensitive; curated
London,TOPONYM,location,ambiguous_cities; case_sensitive; curated
Long Beach,TOPONYM,location,ambiguous_cities; case_sensitive; curated
Longchi,TOPONYM,location,ambiguous_cities; case_sensitive; curated
Longfeng,TOPONYM,location,ambiguous_cities; case_sensitive; curated
Longgang,TOPONYM,location,ambiguous_cities; case_sensitive; curated
Longhe,TOPONYM,location,ambiguous_cities; case_sensitive; curated
Longjing,TOPONYM,location,ambiguous_cities; case_sensitive; curated
Longtan,TOPONYM,location,ambiguous_cities; case_sensitive; curated
Longview,TOPONYM,location,ambiguous_cities; case_sensitive; curated
Longxing,TOPONYM,location,ambiguous_cities; case_sensitive; curated
Louisville,TOPONYM,location,ambiguous_cities; case_sensitive; curated
Lovosice,TOPONYM,location,holocaust_camps; case_sensitive; curated
Lubao,TOPONYM,location,ambiguous_cities; case_sensitive; curated
Lubben,TOPONYM,location,holocaust_camps; case_sensitive; curated
Lublin,TOPONYM,location,holocaust_camps; case_sensitive; curated
Lucena,TOPONYM,location,ambiguous_cities; case_sensitive; curated
Ludwigslust,TOPONYM,location,holocaust_camps; case_sensitive; curated
Luetzkendorf,TOPONYM,location,holocaust_camps; case_sensitive; curated
Lugo,TOPONYM,location,ambiguous_cities; case_sensitive; curated
Lujtenberg,TOPONYM,location,holocaust_camps; case_sensitive; curated
Lukow,TOPONYM,location,holocaust_camps; case_sensitive; curated
Luoyang,TOPONYM,location,ambiguous_cities; case_sensitive; curated
Lübberstadt,TOPONYM,location,holocaust_camps; case_sensitive; curated
Lütjenburg,TOPONYM,location,holocaust_camps; case_sensitive; curated
Lālganj,TOPONYM,location,ambiguous_cities; case_sensitive; curated
Macau,TOPONYM,location,ambiguous_cities; case_sensitive; curated
Madera,TOPONYM,location,ambiguous_cities; case_sensitive; curated
Madison,TOPONYM,location,ambiguous_cities; case_sensitive; curated
Madrid,TOPONYM,location,ambiguous_cities; case_sensitive; curated
Magdeburg,TOPONYM,location,holocaust_camps; case_sensitive; curated
Mahrisch,TOPONYM,location,holocaust_camps; case_sensitive; curated
Mahwah,TOPONYM,location,ambiguous_cities; case_sensitive; curated
Maidanek,TOPONYM,location,holocaust_camps; case_sensitive; curated
Main,TOPONYM,location,holocaust_camps; case_sensitive; curated
Maitland,TOPONYM,location,ambiguous_cities; case_sensitive; curated
Majie,TOPONYM,location,ambiguous_cities; case_sensitive; curated
Malanday,TOPONYM,location,ambiguous_cities; case_sensitive; curated
Malchow,TOPONYM,location,holocaust_camps; case_sensitive; curated
Malken Mierzynek,TOPONYM,location,holocaust_camps; case_sensitive; curated
Maly,TOPONYM,location,holocaust_camps; case_sensitive; curated
Manatí,TOPONYM,location,ambiguous_cities; case_sensitive; curated
Manchester,TOPONYM,location,ambiguous_cities; case_sensitive; curated
Manhattan,TOPONYM,location,ambiguous_cities; case_sensitive; curated
Mannheim,TOPONYM,location,holocaust_camps; case_sensitive; curated
Mansfield,TOPONYM,location,ambiguous_cities; case_sensitive; curated
Manzanares,TOPONYM,location,ambiguous_cities; case_sensitive; curated
Manzanillo,TOPONYM,location,ambiguous_cities; case_sensitive; curated
Mao,TOPONYM,location,ambiguous_cities; case_sensitive; curated
Maplewood,TOPONYM,location,ambiguous_cities; case_sensitive; curated
Margate,TOPONYM,location,ambiguous_cities; case_sensitive; curated
Marienhe,TOPONYM,location,holocaust_camps; case_sensitive; curated
Marion,TOPONYM,location,ambiguous_cities; case_sensitive; curated
Markkleeberg,TOPONYM,location,holocaust_camps; case_sensitive; curated
Markt Schwabben,TOPONYM,location,holocaust_camps; case_sensitive; curated
Martinez,TOPONYM,location,ambiguous_cities; case_sensitive; curated
Marysville,TOPONYM,location,ambiguous_cities; case_sensitive; curated
Marzbachtal,TOPONYM,location,holocaust_camps; case_sensitive; curated
Marzdorf,TOPONYM,location,holocaust_camps; case_sensitive; curated
Massy,TOPONYM,location,ambiguous_cities; case_sensitive; curated
Mau,TOPONYM,location,ambiguous_cities; case_sensitive; curated
Maywood,TOPONYM,location,ambiguous_cities; case_sensitive; curated
Mbale,TOPONYM,location,ambiguous_cities; case_sensitive; curated
Medford,TOPONYM,location,ambiguous_cities; case_sensitive; curated
Medina,TOPONYM,location,ambiguous_cities; case_sensitive; curated
Mehltheuer,TOPONYM,location,holocaust_camps; case_sensitive; curated
Meissen,TOPONYM,location,holocaust_camps; case_sensitive; curated
Meitenes,TOPONYM,location,holocaust_camps; case_sensitive; curated
Melbourne,TOPONYM,location,ambiguous_cities; case_sensitive; curated
Melk,TOPONYM,location,holocaust_camps; case_sensitive; curated
Melrose,TOPONYM,location,ambiguous_cities; case_sensitive; curated
Meppen,TOPONYM,location,holocaust_camps; case_sensitive; curated
Mercedes,TOPONYM,location,ambiguous_cities; case_sensitive; curated
Meridian,TOPONYM,location,ambiguous_cities; case_sensitive; curated
Merseburg,TOPONYM,location,holocaust_camps; case_sensitive; curated
Mesquite,TOPONYM,location,ambiguous_cities; case_sensitive; curated
Mettenheim,TOPONYM,location,holocaust_camps; case_sensitive; curated
Metz,TOPONYM,location,holocaust_camps; case_sensitive; curated
Meuselwitz,TOPONYM,location,holocaust_camps; case_sensitive; curated
Mezimesti,TOPONYM,location,holocaust_camps; case_sensitive; curated
Mezjapark,TOPONYM,location,holocaust_camps; case_sensitive; curated
Mianyang,TOPONYM,location,ambiguous_cities; case_sensitive; curated
Middelburg,TOPONYM,location,ambiguous_cities; case_sensitive; curated
Middleton,TOPONYM,location,ambiguous_cities; case_sensitive; curated
Middletown,TOPONYM,location,ambiguous_cities; case_sensitive; curated
Midland,TOPONYM,location,ambiguous_cities; case_sensitive; curated
Milford,TOPONYM,location,ambiguous_cities; case_sensitive; curated
Milton,TOPONYM,location,ambiguous_cities; case_sensitive; curated
Minas,TOPONYM,location,ambiguous_cities; case_sensitive; curated
Minden,TOPONYM,location,holocaust_camps; case_sensitive; curated
Mingguang,TOPONYM,location,ambiguous_cities; case_sensitive; curated
Mingshui,TOPONYM,location,ambiguous_cities; case_sensitive; curated
Mino,TOPONYM,location,ambiguous_cities; case_sensitive; curated
Miramar,TOPONYM,location,ambiguous_cities; case_sensitive; curated
Miranda,TOPONYM,location,ambiguous_cities; case_sensitive; curated
Mirzāpur,TOPONYM,location,ambiguous_cities; case_sensitive; curated
Misburg,TOPONYM,location,holocaust_camps; case_sensitive; curated
Mission,TOPONYM,location,ambiguous_cities; case_sensitive; curated
Mitcham,TOPONYM,location,ambiguous_cities; case_sensitive; curated
Mittel,TOPONYM,location,holocaust_camps; case_sensitive; curated
Mittelbau,TOPONYM,location,holocaust_camps; case_sensitive; curated
Mittelsteine,TOPONYM,location,holocaust_camps; case_sensitive; curated
Mitteneuf,TOPONYM,location,holocaust_camps; case_sensitive; curated
Mittersill,TOPONYM,location,holocaust_camps; case_sensitive; curated
Mittweida,TOPONYM,location,holocaust_camps; case_sensitive; curated
Moanda,TOPONYM,location,ambiguous_cities; case_sensitive; curated
Moickethal,TOPONYM,location,holocaust_camps; case_sensitive; curated
Monowice,TOPONYM,location,holocaust_camps; case_sensitive; curated
Monowitz,TOPONYM,location,holocaust_camps; case_sensitive; curated
Monroe,TOPONYM,location,ambiguous_cities; case_sensitive; curated
Monrovia,TOPONYM,location,ambiguous_cities; case_sensitive; curated
Montclair,TOPONYM,location,ambiguous_cities; case_sensitive; curated
Montenegro,TOPONYM,location,ambiguous_cities; case_sensitive; curated
Montgomery,TOPONYM,location,ambiguous_cities; case_sensitive; curated
Montijo,TOPONYM,location,ambiguous_cities; case_sensitive; curated
Moosach,TOPONYM,location,holocaust_camps; case_sensitive; curated
Morales,TOPONYM,location,ambiguous_cities; case_sensitive; curated
Morley,TOPONYM,location,ambiguous_cities; case_sensitive; curated
Morong,TOPONYM,location,ambiguous_cities; case_sensitive; curated
Morristown,TOPONYM,location,ambiguous_cities; case_sensitive; curated
Morón,TOPONYM,location,ambiguous_cities; case_sensitive; curated
Mosbach,TOPONYM,location,holocaust_camps; case_sensitive; curated
Moschendorf,TOPONYM,location,holocaust_camps; case_sensitive; curated
Moscow,TOPONYM,location,ambiguous_cities; case_sensitive; curated
Moskovskiy,TOPONYM,location,ambiguous_cities; case_sensitive; curated
Motzlich,TOPONYM,location,holocaust_camps; case_sensitive; curated
Mount Pleasant,TOPONYM,location,ambiguous_cities; case_sensitive; curated
Mount Vernon,TOPONYM,location,ambiguous_cities; case_sensitive; curated
Muggelheim,TOPONYM,location,holocaust_camps; case_sensitive; curated
Muhammadābād,TOPONYM,location,ambiguous_cities; case_sensitive; curated
Muhlhausen Martha,TOPONYM,location,holocaust_camps; case_sensitive; curated
Muldorf,TOPONYM,location,holocaust_camps; case_sensitive; curated
Muldorf Ampfing,TOPONYM,location,holocaust_camps; case_sensitive; curated
Munchberg,TOPONYM,location,holocaust_camps; case_sensitive; curated
Munchen,TOPONYM,location,holocaust_camps; case_sensitive; curated
Munchen Friedman,TOPONYM,location,holocaust_camps; case_sensitive; curated
Munchen Riem,TOPONYM,location,holocaust_camps; case_sensitive; curated
Munchen Schwabing,TOPONYM,location,holocaust_camps; case_sensitive; curated
Munchen Sendling,TOPONYM,location,holocaust_camps; case_sensitive; curated
Munster,TOPONYM,location,ambiguous_cities; case_sensitive; curated
Murcia,TOPONYM,location,ambiguous_cities; case_sensitive; curated
Murray,TOPONYM,location,ambiguous_cities; case_sensitive; curated
Myslowice,TOPONYM,location,holocaust_camps; case_sensitive; curated
Málaga,TOPONYM,location,ambiguous_cities; case_sensitive; curated
Mérida,TOPONYM,location,ambiguous_cities; case_sensitive; curated
Mölln,TOPONYM,location,holocaust_camps; case_sensitive; curated
Mülheim,TOPONYM,location,ambiguous_cities; case_sensitive; curated
Mülsen,TOPONYM,location,holocaust_camps; case_sensitive; curated
Māndvi,TOPONYM,location,ambiguous_cities; case_sensitive; curated
Māngrol,TOPONYM,location,ambiguous_cities; case_sensitive; curated
Mānsa,TOPONYM,location,ambiguous_cities; case_sensitive; curated
Nabīnagar,TOPONYM,location,ambiguous_cities; case_sensitive; curated
Nach,TOPONYM,location,holocaust_camps; case_sensitive; curated
Naga,TOPONYM,location,ambiguous_cities; case_sensitive; curated
Nakano,TOPONYM,location,ambiguous_cities; case_sensitive; curated
Nanfeng,TOPONYM,location,ambiguous_cities; case_sensitive; curated
Nanping,TOPONYM,location,ambiguous_cities; case_sensitive; curated
Nantong,TOPONYM,location,ambiguous_cities; case_sensitive; curated
Naples,TOPONYM,location,ambiguous_cities; case_sensitive; curated
Natzweiler,TOPONYM,location,holocaust_camps; case_sensitive; curated
Nawitz,TOPONYM,location,holocaust_camps; case_sensitive; curated
Nawābganj,TOPONYM,location,ambiguous_cities; case_sensitive; curated
Neckarelz,TOPONYM,location,holocaust_camps; case_sensitive; curated
Neckarelz Bad Rappenau,TOPONYM,location,holocaust_camps; case_sensitive; curated
Neckargartach,TOPONYM,location,holocaust_camps; case_sensitive; curated
Neckargerach,TOPONYM,location,holocaust_camps; case_sensitive; curated
Neckargerach Unterschwarsach,TOPONYM,location,holocaust_camps; case_sensitive; curated
Neesen,TOPONYM,location,holocaust_camps; case_sensitive; curated
Negotino,TOPONYM,location,ambiguous_cities; case_sensitive; curated
Neisse,TOPONYM,location,holocaust_camps; case_sensitive; curated
Nelson,TOPONYM,location,ambiguous_cities; case_sensitive; curated
Nestemice,TOPONYM,location,holocaust_camps; case_sensitive; curated
Neston,TOPONYM,location,ambiguous_cities; case_sensitive; curated
Neu Dachs,TOPONYM,location,holocaust_camps; case_sensitive; curated
Neu Rohlau,TOPONYM,location,holocaust_camps; case_sensitive; curated
Neuaubing,TOPONYM,location,holocaust_camps; case_sensitive; curated
Neubrandenburg,TOPONYM,location,holocaust_camps; case_sensitive; curated
Neuburg Donau,TOPONYM,location,holocaust_camps; case_sensitive; curated
Neudamm,TOPONYM,location,holocaust_camps; case_sensitive; curated
Neuengamme,TOPONYM,location,holocaust_camps; case_sensitive; curated
Neufahrn,TOPONYM,location,holocaust_camps; case_sensitive; curated
Neufahrwasser,TOPONYM,location,holocaust_camps; case_sensitive; curated
Neufnach,TOPONYM,location,holocaust_camps; case_sensitive; curated
Neugraben,TOPONYM,location,holocaust_camps; case_sensitive; curated
Neuhof,TOPONYM,location,holocaust_camps; case_sensitive; curated
Neuland,TOPONYM,location,holocaust_camps; case_sensitive; curated
Neumark,TOPONYM,location,holocaust_camps; case_sensitive; curated
Neunkirchen,TOPONYM,location,holocaust_camps; case_sensitive; curated
Neusalz Oder,TOPONYM,location,holocaust_camps; case_sensitive; curated
Neustadt,TOPONYM,location,holocaust_camps; case_sensitive; curated
Neustift,TOPONYM,location,holocaust_camps; case_sensitive; curated
Neustrelitz,TOPONYM,location,holocaust_camps; case_sensitive; curated
New Castle,TOPONYM,location,ambiguous_cities; case_sensitive; curated
New City,TOPONYM,location,ambiguous_cities; case_sensitive; curated
New Haven,TOPONYM,location,ambiguous_cities; case_sensitive; curated
Newark,TOPONYM,location,ambiguous_cities; case_sensitive; curated
Newcastle,TOPONYM,location,ambiguous_cities; case_sensitive; curated
Newmarket,TOPONYM,location,ambiguous_cities; case_sensitive; curated
Newport,TOPONYM,location,ambiguous_cities; case_sensitive; curated
Newton,TOPONYM,location,ambiguous_cities; case_sensitive; curated
Niagara Falls,TOPONYM,location,ambiguous_cities; case_sensitive; curated
Niederorshel,TOPONYM,location,holocaust_camps; case_sensitive; curated
Niedersachswerfen,TOPONYM,location,holocaust_camps; case_sensitive; curated
Niedorf,TOPONYM,location,holocaust_camps; case_sensitive; curated
Niesky,TOPONYM,location,holocaust_camps; case_sensitive; curated
Niesky Klein,TOPONYM,location,holocaust_camps; case_sensitive; curated
Niesky Wittischenau,TOPONYM,location,holocaust_camps; case_sensitive; curated
Nikol’skoye,TOPONYM,location,ambiguous_cities; case_sensitive; curated
Niles,TOPONYM,location,ambiguous_cities; case_sensitive; curated
Ninghai,TOPONYM,location,ambiguous_cities; case_sensitive; curated
Niskie,TOPONYM,location,holocaust_camps; case_sensitive; curated
Nogales,TOPONYM,location,ambiguous_cities; case_sensitive; curated
Nola,TOPONYM,location,ambiguous_cities; case_sensitive; curated
Nordhausen,TOPONYM,location,holocaust_camps; case_sensitive; curated
Norfolk,TOPONYM,location,ambiguous_cities; case_sensitive; curated
Northampton,TOPONYM,location,ambiguous_cities; case_sensitive; curated
Norton,TOPONYM,location,ambiguous_cities; case_sensitive; curated
Norwalk,TOPONYM,location,ambiguous_cities; case_sensitive; curated
Norway,TOPONYM,location,holocaust_camps; case_sensitive; curated
Norwich,TOPONYM,location,ambiguous_cities; case_sensitive; curated
Norwood,TOPONYM,location,ambiguous_cities; case_sensitive; curated
Nossen,TOPONYM,location,holocaust_camps; case_sensitive; curated
Nova Sol,TOPONYM,location,holocaust_camps; case_sensitive; curated
Novomoskovsk,TOPONYM,location,ambiguous_cities; case_sensitive; curated
Ntungamo,TOPONYM,location,ambiguous_cities; case_sensitive; curated
Nueva Granada,TOPONYM,location,ambiguous_cities; case_sensitive; curated
Nuremberg,TOPONYM,location,holocaust_camps; case_sensitive; curated
Nutzen,TOPONYM,location,holocaust_camps; case_sensitive; curated
Nuxei,TOPONYM,location,holocaust_camps; case_sensitive; curated
Nzega,TOPONYM,location,ambiguous_cities; case_sensitive; curated
Néa Ionía,TOPONYM,location,ambiguous_cities; case_sensitive; curated
Nūrābād,TOPONYM,location,ambiguous_cities; case_sensitive; curated
Oak Park,TOPONYM,location,ambiguous_cities; case_sensitive; curated
Oak Ridge,TOPONYM,location,ambiguous_cities; case_sensitive; curated
Oakdale,TOPONYM,location,ambiguous_cities; case_sensitive; curated
Oakville,TOPONYM,location,ambiguous_cities; case_sensitive; curated
Oberalsstadt,TOPONYM,location,holocaust_camps; case_sensitive; curated
Oberdorf,TOPONYM,location,holocaust_camps; case_sensitive; curated
Oberehnheim,TOPONYM,location,holocaust_camps; case_sensitive; curated
Oberfohring,TOPONYM,location,holocaust_camps; case_sensitive; curated
Obernai,TOPONYM,location,holocaust_camps; case_sensitive; curated
Oberndorf,TOPONYM,location,holocaust_camps; case_sensitive; curated
Oberschöneweide,TOPONYM,location,holocaust_camps; case_sensitive; curated
Oberstdorf,TOPONYM,location,holocaust_camps; case_sensitive; curated
Obertaufkirchen,TOPONYM,location,holocaust_camps; case_sensitive; curated
Obertraubling,TOPONYM,location,holocaust_camps; case_sensitive; curated
Oberwustegiersdorf,TOPONYM,location,holocaust_camps; case_sensitive; curated
Obrigheim,TOPONYM,location,holocaust_camps; case_sensitive; curated
Obrzycko,TOPONYM,location,holocaust_camps; case_sensitive; curated
Oceanside,TOPONYM,location,ambiguous_cities; case_sensitive; curated
Oederan,TOPONYM,location,holocaust_camps; case_sensitive; curated
Oeiras,TOPONYM,location,ambiguous_cities; case_sensitive; curated
Oetztal,TOPONYM,location,holocaust_camps; case_sensitive; curated
Ohldorf,TOPONYM,location,holocaust_camps; case_sensitive; curated
Ohrdruf,TOPONYM,location,holocaust_camps; case_sensitive; curated
Okha,TOPONYM,location,ambiguous_cities; case_sensitive; curated
Olbramowitz,TOPONYM,location,holocaust_camps; case_sensitive; curated
Ommen,TOPONYM,location,holocaust_camps; case_sensitive; curated
Ono,TOPONYM,location,ambiguous_cities; case_sensitive; curated
Oppenau,TOPONYM,location,holocaust_camps; case_sensitive; curated
Orange,TOPONYM,location,ambiguous_cities; case_sensitive; curated
Oranienburg,TOPONYM,location,holocaust_camps; case_sensitive; curated
Oschersleben Ago,TOPONYM,location,holocaust_camps; case_sensitive; curated
Oscwiecim,TOPONYM,location,holocaust_camps; case_sensitive; curated
Osnabruck,TOPONYM,location,holocaust_camps; case_sensitive; curated
Ostee,TOPONYM,location,holocaust_camps; case_sensitive; curated
Osterhagen,TOPONYM,location,holocaust_camps; case_sensitive; curated
Osterode,TOPONYM,location,holocaust_camps; case_sensitive; curated
Osterort,TOPONYM,location,holocaust_camps; case_sensitive; curated
Ostrov,TOPONYM,location,ambiguous_cities; case_sensitive; curated
Oswego,TOPONYM,location,ambiguous_cities; case_sensitive; curated
Otradnoye,TOPONYM,location,ambiguous_cities; case_sensitive; curated
Ottawa,TOPONYM,location,ambiguous_cities; case_sensitive; curated
Ottobrunn,TOPONYM,location,holocaust_camps; case_sensitive; curated
Oviedo,TOPONYM,location,ambiguous_cities; case_sensitive; curated
Oxford,TOPONYM,location,ambiguous_cities; case_sensitive; curated
O’Fallon,TOPONYM,location,ambiguous_cities; case_sensitive; curated
Padampur,TOPONYM,location,ambiguous_cities; case_sensitive; curated
Palemonas,TOPONYM,location,holocaust_camps; case_sensitive; curated
Palencia,TOPONYM,location,ambiguous_cities; case_sensitive; curated
Palm Springs,TOPONYM,location,ambiguous_cities; case_sensitive; curated
Palmas,TOPONYM,location,ambiguous_cities; case_sensitive; curated
Palmira,TOPONYM,location,ambiguous_cities; case_sensitive; curated
Pamplona,TOPONYM,location,ambiguous_cities; case_sensitive; curated
Panlong,TOPONYM,location,ambiguous_cities; case_sensitive; curated
Paprotnik,TOPONYM,location,holocaust_camps; case_sensitive; curated
Paradise,TOPONYM,location,ambiguous_cities; case_sensitive; curated
Paraiso,TOPONYM,location,ambiguous_cities; case_sensitive; curated
Paris,TOPONYM,location,ambiguous_cities; case_sensitive; curated
Parkland,TOPONYM,location,ambiguous_cities; case_sensitive; curated
Parma,TOPONYM,location,ambiguous_cities; case_sensitive; curated
Parral,TOPONYM,location,ambiguous_cities; case_sensitive; curated
Parschnitz,TOPONYM,location,holocaust_camps; case_sensitive; curated
Partenkirchen,TOPONYM,location,holocaust_camps; case_sensitive; curated
Pasadena,TOPONYM,location,ambiguous_cities; case_sensitive; curated
Pass Nord,TOPONYM,location,holocaust_camps; case_sensitive; curated
Pass Süd,TOPONYM,location,holocaust_camps; case_sensitive; curated
Passau,TOPONYM,location,holocaust_camps; case_sensitive; curated
Passau Ii,TOPONYM,location,holocaust_camps; case_sensitive; curated
Patos,TOPONYM,location,ambiguous_cities; case_sensitive; curated
Pavlovsk,TOPONYM,location,ambiguous_cities; case_sensitive; curated
Payson,TOPONYM,location,ambiguous_cities; case_sensitive; curated
Pedregal,TOPONYM,location,ambiguous_cities; case_sensitive; curated
Peenemünde,TOPONYM,location,holocaust_camps; case_sensitive; curated
Peggau,TOPONYM,location,holocaust_camps; case_sensitive; curated
Peltre,TOPONYM,location,holocaust_camps; case_sensitive; curated
Penig,TOPONYM,location,holocaust_camps; case_sensitive; curated
Peoria,TOPONYM,location,ambiguous_cities; case_sensitive; curated
Perth,TOPONYM,location,ambiguous_cities; case_sensitive; curated
Peterborough,TOPONYM,location,ambiguous_cities; case_sensitive; curated
Peterswaldau,TOPONYM,location,holocaust_camps; case_sensitive; curated
Pfersee,TOPONYM,location,holocaust_camps; case_sensitive; curated
Piedade,TOPONYM,location,ambiguous_cities; case_sensitive; curated
Pilar,TOPONYM,location,ambiguous_cities; case_sensitive; curated
Pilsen,TOPONYM,location,holocaust_camps; case_sensitive; curated
Pingshan,TOPONYM,location,ambiguous_cities; case_sensitive; curated
Pittsburg,TOPONYM,location,ambiguous_cities; case_sensitive; curated
Plainfield,TOPONYM,location,ambiguous_cities; case_sensitive; curated
Plainview,TOPONYM,location,ambiguous_cities; case_sensitive; curated
Planaltina,TOPONYM,location,ambiguous_cities; case_sensitive; curated
Plansee,TOPONYM,location,holocaust_camps; case_sensitive; curated
Plattenwald,TOPONYM,location,holocaust_camps; case_sensitive; curated
Plattling,TOPONYM,location,holocaust_camps; case_sensitive; curated
Plauen,TOPONYM,location,holocaust_camps; case_sensitive; curated
Plawy,TOPONYM,location,holocaust_camps; case_sensitive; curated
Plomnitz,TOPONYM,location,holocaust_camps; case_sensitive; curated
Plymouth,TOPONYM,location,ambiguous_cities; case_sensitive; curated
Pocking,TOPONYM,location,holocaust_camps; case_sensitive; curated
Pokrov,TOPONYM,location,ambiguous_cities; case_sensitive; curated
Poland,TOPONYM,location,holocaust_camps; case_sensitive; curated
Police,TOPONYM,location,holocaust_camps; case_sensitive; curated
Politz,TOPONYM,location,holocaust_camps; case_sensitive; curated
Pollnhof,TOPONYM,location,holocaust_camps; case_sensitive; curated
Pombal,TOPONYM,location,ambiguous_cities; case_sensitive; curated
Ponary,TOPONYM,location,holocaust_camps; case_sensitive; curated
Pontevedra,TOPONYM,location,ambiguous_cities; case_sensitive; curated
Poppenbüttel,TOPONYM,location,holocaust_camps; case_sensitive; curated
Porici,TOPONYM,location,holocaust_camps; case_sensitive; curated
Porschdorf,TOPONYM,location,holocaust_camps; case_sensitive; curated
Porta,TOPONYM,location,holocaust_camps; case_sensitive; curated
Portage,TOPONYM,location,ambiguous_cities; case_sensitive; curated
Portland,TOPONYM,location,ambiguous_cities; case_sensitive; curated
Portsmouth,TOPONYM,location,ambiguous_cities; case_sensitive; curated
Poschetzau,TOPONYM,location,holocaust_camps; case_sensitive; curated
Pottenstein,TOPONYM,location,holocaust_camps; case_sensitive; curated
Pozega,TOPONYM,location,holocaust_camps; case_sensitive; curated
Praha,TOPONYM,location,holocaust_camps; case_sensitive; curated
Prault,TOPONYM,location,holocaust_camps; case_sensitive; curated
Prausnitz,TOPONYM,location,holocaust_camps; case_sensitive; curated
Pravieniskès,TOPONYM,location,holocaust_camps; case_sensitive; curated
Prenzlau,TOPONYM,location,holocaust_camps; case_sensitive; curated
Preston,TOPONYM,location,ambiguous_cities; case_sensitive; curated
Prettin,TOPONYM,location,holocaust_camps; case_sensitive; curated
Princeton,TOPONYM,location,ambiguous_cities; case_sensitive; curated
Progreso,TOPONYM,location,ambiguous_cities; case_sensitive; curated
Prudnik,TOPONYM,location,holocaust_camps; case_sensitive; curated
Prusnica,TOPONYM,location,holocaust_camps; case_sensitive; curated
Pruszcz,TOPONYM,location,holocaust_camps; case_sensitive; curated
Puchheim,TOPONYM,location,holocaust_camps; case_sensitive; curated
Puebla,TOPONYM,location,ambiguous_cities; case_sensitive; curated
Pueblo Nuevo,TOPONYM,location,ambiguous_cities; case_sensitive; curated
Puerto Rico,TOPONYM,location,ambiguous_cities; case_sensitive; curated
Pushkino,TOPONYM,location,ambiguous_cities; case_sensitive; curated
Puttūr,TOPONYM,location,ambiguous_cities; case_sensitive; curated
Puyang,TOPONYM,location,ambiguous_cities; case_sensitive; curated
Pāli,TOPONYM,location,ambiguous_cities; case_sensitive; curated
Pātan,TOPONYM,location,ambiguous_cities; case_sensitive; curated
Qianjiang,TOPONYM,location,ambiguous_cities; case_sensitive; curated
Qiaotou,TOPONYM,location,ambiguous_cities; case_sensitive; curated
Qinggang,TOPONYM,location,ambiguous_cities; case_sensitive; curated
Qingnian,TOPONYM,location,ambiguous_cities; case_sensitive; curated
Qingyang,TOPONYM,location,ambiguous_cities; case_sensitive; curated
Qishan,TOPONYM,location,ambiguous_cities; case_sensitive; curated
Quedlinburg,TOPONYM,location,holocaust_camps; case_sensitive; curated
Quedlindburg,TOPONYM,location,holocaust_camps; case_sensitive; curated
Quezon,TOPONYM,location,ambiguous_cities; case_sensitive; curated
Quincy,TOPONYM,location,ambiguous_cities; case_sensitive; curated
Rabstein,TOPONYM,location,holocaust_camps; case_sensitive; curated
Radisch,TOPONYM,location,holocaust_camps; case_sensitive; curated
Radobylberg,TOPONYM,location,holocaust_camps; case_sensitive; curated
Radolfzell,TOPONYM,location,holocaust_camps; case_sensitive; curated
Raguhn,TOPONYM,location,holocaust_camps; case_sensitive; curated
Raipur,TOPONYM,location,ambiguous_cities; case_sensitive; curated
Rajpur,TOPONYM,location,ambiguous_cities; case_sensitive; curated
Rajsko,TOPONYM,location,holocaust_camps; case_sensitive; curated
Ramsey,TOPONYM,location,ambiguous_cities; case_sensitive; curated
Randolph,TOPONYM,location,ambiguous_cities; case_sensitive; curated
Rathen,TOPONYM,location,holocaust_camps; case_sensitive; curated
Rathenow,TOPONYM,location,holocaust_camps; case_sensitive; curated
Rathmanndorf,TOPONYM,location,holocaust_camps; case_sensitive; curated
Rauscha,TOPONYM,location,holocaust_camps; case_sensitive; curated
Ravensbruck,TOPONYM,location,holocaust_camps; case_sensitive; curated
Rawa,TOPONYM,location,holocaust_camps; case_sensitive; curated
Reading,TOPONYM,location,ambiguous_cities; case_sensitive; curated
Rebstock,TOPONYM,location,holocaust_camps; case_sensitive; curated
Rechlin,TOPONYM,location,holocaust_camps; case_sensitive; curated
Redl,TOPONYM,location,holocaust_camps; case_sensitive; curated
Redmond,TOPONYM,location,ambiguous_cities; case_sensitive; curated
Regensburg,TOPONYM,location,holocaust_camps; case_sensitive; curated
Rehmsdorf Willy,TOPONYM,location,holocaust_camps; case_sensitive; curated
Reichenau,TOPONYM,location,holocaust_camps; case_sensitive; curated
Reichenau Reichenbach,TOPONYM,location,holocaust_camps; case_sensitive; curated
Reichenau Reichenberg Liberal,TOPONYM,location,holocaust_camps; case_sensitive; curated
Reinickendorf,TOPONYM,location,holocaust_camps; case_sensitive; curated
Reisport,TOPONYM,location,holocaust_camps; case_sensitive; curated
Retiro,TOPONYM,location,ambiguous_cities; case_sensitive; curated
Retzow,TOPONYM,location,holocaust_camps; case_sensitive; curated
Reuth,TOPONYM,location,holocaust_camps; case_sensitive; curated
Richmond,TOPONYM,location,ambiguous_cities; case_sensitive; curated
Richmond Hill,TOPONYM,location,ambiguous_cities; case_sensitive; curated
Ridgewood,TOPONYM,location,ambiguous_cities; case_sensitive; curated
Riederloh,TOPONYM,location,holocaust_camps; case_sensitive; curated
Riga,TOPONYM,location,holocaust_camps; case_sensitive; curated
Rio Claro,TOPONYM,location,ambiguous_cities; case_sensitive; curated
Ripon,TOPONYM,location,ambiguous_cities; case_sensitive; curated
Risiera Di San Sabba,TOPONYM,location,holocaust_camps; case_sensitive; curated
Risznow,TOPONYM,location,holocaust_camps; case_sensitive; curated
Rivera,TOPONYM,location,ambiguous_cities; case_sensitive; curated
Riverside,TOPONYM,location,ambiguous_cities; case_sensitive; curated
Rochester,TOPONYM,location,ambiguous_cities; case_sensitive; curated
Rochlitz,TOPONYM,location,holocaust_camps; case_sensitive; curated
Roemhild,TOPONYM,location,holocaust_camps; case_sensitive; curated
Rohrdorf,TOPONYM,location,holocaust_camps; case_sensitive; curated
Rome,TOPONYM,location,ambiguous_cities; case_sensitive; curated
Rosedale,TOPONYM,location,ambiguous_cities; case_sensitive; curated
Roselle,TOPONYM,location,ambiguous_cities; case_sensitive; curated
Rosen,TOPONYM,location,holocaust_camps; case_sensitive; curated
Rosenberg,TOPONYM,location,holocaust_camps; case_sensitive; curated
Rosenheim,TOPONYM,location,holocaust_camps; case_sensitive; curated
Roseville,TOPONYM,location,ambiguous_cities; case_sensitive; curated
Rossla,TOPONYM,location,holocaust_camps; case_sensitive; curated
Rossosh’,TOPONYM,location,ambiguous_cities; case_sensitive; curated
Rossville,TOPONYM,location,ambiguous_cities; case_sensitive; curated
Rostock,TOPONYM,location,holocaust_camps; case_sensitive; curated
Roswell,TOPONYM,location,ambiguous_cities; case_sensitive; curated
Rothau,TOPONYM,location,holocaust_camps; case_sensitive; curated
Rothenburg,TOPONYM,location,holocaust_camps; case_sensitive; curated
Rothschwaige,TOPONYM,location,holocaust_camps; case_sensitive; curated
Rothwaige,TOPONYM,location,holocaust_camps; case_sensitive; curated
Rotterdam,TOPONYM,location,ambiguous_cities; case_sensitive; curated
Rottleberode,TOPONYM,location,holocaust_camps; case_sensitive; curated
Roxas,TOPONYM,location,ambiguous_cities; case_sensitive; curated
Russia,TOPONYM,location,holocaust_camps; case_sensitive; curated
Russkaja,TOPONYM,location,holocaust_camps; case_sensitive; curated
Rybnik,TOPONYM,location,holocaust_camps; case_sensitive; curated
Ryde,TOPONYM,location,ambiguous_cities; case_sensitive; curated
Rydultowy,TOPONYM,location,holocaust_camps; case_sensitive; curated
Río Blanco,TOPONYM,location,ambiguous_cities; case_sensitive; curated
Río Grande,TOPONYM,location,ambiguous_cities; case_sensitive; curated
Rāipur,TOPONYM,location,ambiguous_cities; case_sensitive; curated
Rājgarh,TOPONYM,location,ambiguous_cities; case_sensitive; curated
Rāmgarh,TOPONYM,location,ambiguous_cities; case_sensitive; curated
Rāmnagar,TOPONYM,location,ambiguous_cities; case_sensitive; curated
Rāmpur,TOPONYM,location,ambiguous_cities; case_sensitive; curated
Rāmpura,TOPONYM,location,ambiguous_cities; case_sensitive; curated
Saal,TOPONYM,location,holocaust_camps; case_sensitive; curated
Saalfeld Oertelsbruch,TOPONYM,location,holocaust_camps; case_sensitive; curated
Sabaneta,TOPONYM,location,ambiguous_cities; case_sensitive; curated
Sachesenheim,TOPONYM,location,holocaust_camps; case_sensitive; curated
Sachsenhausen,TOPONYM,location,holocaust_camps; case_sensitive; curated
Sacramento,TOPONYM,location,ambiguous_cities; case_sensitive; curated
Safi,TOPONYM,location,ambiguous_cities; case_sensitive; curated
Saginaw,TOPONYM,location,ambiguous_cities; case_sensitive; curated
Sahiwal,TOPONYM,location,ambiguous_cities; case_sensitive; curated
Saidpur,TOPONYM,location,ambiguous_cities; case_sensitive; curated
Saint,TOPONYM,location,holocaust_camps; case_sensitive; curated
Saint Andrews,TOPONYM,location,ambiguous_cities; case_sensitive; curated
Saint Charles,TOPONYM,location,ambiguous_cities; case_sensitive; curated
Saint Cloud,TOPONYM,location,ambiguous_cities; case_sensitive; curated
Saint Peters,TOPONYM,location,ambiguous_cities; case_sensitive; curated
Saint-Denis,TOPONYM,location,ambiguous_cities; case_sensitive; curated
Saint-Joseph,TOPONYM,location,ambiguous_cities; case_sensitive; curated
Saint-Leu,TOPONYM,location,ambiguous_cities; case_sensitive; curated
Saint-Louis,TOPONYM,location,ambiguous_cities; case_sensitive; curated
Saint-Pierre,TOPONYM,location,ambiguous_cities; case_sensitive; curated
Saint-Raphaël,TOPONYM,location,ambiguous_cities; case_sensitive; curated
Sainte Marie Aux Mines,TOPONYM,location,holocaust_camps; case_sensitive; curated
Sainte-Catherine,TOPONYM,location,ambiguous_cities; case_sensitive; curated
Sainte-Marie,TOPONYM,location,ambiguous_cities; case_sensitive; curated
Sajmite,TOPONYM,location,holocaust_camps; case_sensitive; curated
Sakai,TOPONYM,location,ambiguous_cities; case_sensitive; curated
Saki,TOPONYM,location,ambiguous_cities; case_sensitive; curated
Sakura,TOPONYM,location,ambiguous_cities; case_sensitive; curated
Salamanca,TOPONYM,location,ambiguous_cities; case_sensitive; curated
Salapils,TOPONYM,location,holocaust_camps; case_sensitive; curated
Sale,TOPONYM,location,ambiguous_cities; case_sensitive; curated
Salem,TOPONYM,location,ambiguous_cities; case_sensitive; curated
Salinas,TOPONYM,location,ambiguous_cities; case_sensitive; curated
Salisbury,TOPONYM,location,ambiguous_cities; case_sensitive; curated
Salto,TOPONYM,location,ambiguous_cities; case_sensitive; curated
Salza,TOPONYM,location,holocaust_camps; case_sensitive; curated
Salzburg,TOPONYM,location,holocaust_camps; case_sensitive; curated
Salzgitter,TOPONYM,location,holocaust_camps; case_sensitive; curated
Salzwedel,TOPONYM,location,holocaust_camps; case_sensitive; curated
Salzweg,TOPONYM,location,holocaust_camps; case_sensitive; curated
Samal,TOPONYM,location,ambiguous_cities; case_sensitive; curated
San Antonio,TOPONYM,location,ambiguous_cities; case_sensitive; curated
San Benito,TOPONYM,location,ambiguous_cities; case_sensitive; curated
San Buenaventura,TOPONYM,location,ambiguous_cities; case_sensitive; curated
San Carlos,TOPONYM,location,ambiguous_cities; case_sensitive; curated
San Clemente,TOPONYM,location,ambiguous_cities; case_sensitive; curated
San Cristóbal,TOPONYM,location,ambiguous_cities; case_sensitive; curated
San Diego,TOPONYM,location,ambiguous_cities; case_sensitive; curated
San Felipe,TOPONYM,location,ambiguous_cities; case_sensitive; curated
San Fernando,TOPONYM,location,ambiguous_cities; case_sensitive; curated
San Francisco,TOPONYM,location,ambiguous_cities; case_sensitive; curated
San Isidro,TOPONYM,location,ambiguous_cities; case_sensitive; curated
San Jacinto,TOPONYM,location,ambiguous_cities; case_sensitive; curated
San Javier,TOPONYM,location,ambiguous_cities; case_sensitive; curated
San Jose,TOPONYM,location,ambiguous_cities; case_sensitive; curated
San José,TOPONYM,location,ambiguous_cities; case_sensitive; curated
San Juan,TOPONYM,location,ambiguous_cities; case_sensitive; curated
San Juan Bautista,TOPONYM,location,ambiguous_cities; case_sensitive; curated
San Lorenzo,TOPONYM,location,ambiguous_cities; case_sensitive; curated
San Luis,TOPONYM,location,ambiguous_cities; case_sensitive; curated
San Marcos,TOPONYM,location,ambiguous_cities; case_sensitive; curated
San Martín,TOPONYM,location,ambiguous_cities; case_sensitive; curated
San Mateo,TOPONYM,location,ambiguous_cities; case_sensitive; curated
San Miguel,TOPONYM,location,ambiguous_cities; case_sensitive; curated
San Nicolas,TOPONYM,location,ambiguous_cities; case_sensitive; curated
San Pablo,TOPONYM,location,ambiguous_cities; case_sensitive; curated
San Pedro,TOPONYM,location,ambiguous_cities; case_sensitive; curated
San Rafael,TOPONYM,location,ambiguous_cities; case_sensitive; curated
San Vicente,TOPONYM,location,ambiguous_cities; case_sensitive; curated
Sandbostel,TOPONYM,location,holocaust_camps; case_sensitive; curated
Sandhoffen,TOPONYM,location,holocaust_camps; case_sensitive; curated
Sandweier,TOPONYM,location,holocaust_camps; case_sensitive; curated
Sandweiller,TOPONYM,location,holocaust_camps; case_sensitive; curated
Sanford,TOPONYM,location,ambiguous_cities; case_sensitive; curated
Sangerhausen,TOPONYM,location,holocaust_camps; case_sensitive; curated
Sanhe,TOPONYM,location,ambiguous_cities; case_sensitive; curated
Sanhofen,TOPONYM,location,holocaust_camps; case_sensitive; curated
Sanjiao,TOPONYM,location,ambiguous_cities; case_sensitive; curated
Sankt Peter,TOPONYM,location,ambiguous_cities; case_sensitive; curated
Santa Ana,TOPONYM,location,ambiguous_cities; case_sensitive; curated
Santa Barbara,TOPONYM,location,ambiguous_cities; case_sensitive; curated
Santa Bárbara,TOPONYM,location,ambiguous_cities; case_sensitive; curated
Santa Clara,TOPONYM,location,ambiguous_cities; case_sensitive; curated
Santa Cruz,TOPONYM,location,ambiguous_cities; case_sensitive; curated
Santa Elena,TOPONYM,location,ambiguous_cities; case_sensitive; curated
Santa Fe,TOPONYM,location,ambiguous_cities; case_sensitive; curated
Santa Isabel,TOPONYM,location,ambiguous_cities; case_sensitive; curated
Santa Lucía,TOPONYM,location,ambiguous_cities; case_sensitive; curated
Santa Luzia,TOPONYM,location,ambiguous_cities; case_sensitive; curated
Santa Maria,TOPONYM,location,ambiguous_cities; case_sensitive; curated
Santa Rita,TOPONYM,location,ambiguous_cities; case_sensitive; curated
Santa Rosa,TOPONYM,location,ambiguous_cities; case_sensitive; curated
Santarém,TOPONYM,location,ambiguous_cities; case_sensitive; curated
Santiago,TOPONYM,location,ambiguous_cities; case_sensitive; curated
Santo Domingo,TOPONYM,location,ambiguous_cities; case_sensitive; curated
Santo Tomé,TOPONYM,location,ambiguous_cities; case_sensitive; curated
Sarandi,TOPONYM,location,ambiguous_cities; case_sensitive; curated
Saratoga Springs,TOPONYM,location,ambiguous_cities; case_sensitive; curated
Sarau,TOPONYM,location,holocaust_camps; case_sensitive; curated
Sasel,TOPONYM,location,holocaust_camps; case_sensitive; curated
Sasen,TOPONYM,location,holocaust_camps; case_sensitive; curated
Saulgau,TOPONYM,location,holocaust_camps; case_sensitive; curated
Scarborough,TOPONYM,location,ambiguous_cities; case_sensitive; curated
Schandelah,TOPONYM,location,holocaust_camps; case_sensitive; curated
Scherokopas,TOPONYM,location,holocaust_camps; case_sensitive; curated
Schiff,TOPONYM,location,holocaust_camps; case_sensitive; curated
Schiffenbeil,TOPONYM,location,holocaust_camps; case_sensitive; curated
Schirmeck,TOPONYM,location,holocaust_camps; case_sensitive; curated
Schlachters,TOPONYM,location,holocaust_camps; case_sensitive; curated
Schlackenwerth,TOPONYM,location,holocaust_camps; case_sensitive; curated
Schleissheim,TOPONYM,location,holocaust_camps; case_sensitive; curated
Schlieben,TOPONYM,location,holocaust_camps; case_sensitive; curated
Schloss Lind,TOPONYM,location,holocaust_camps; case_sensitive; curated
Schmiedenberg,TOPONYM,location,holocaust_camps; case_sensitive; curated
Schoenau,TOPONYM,location,holocaust_camps; case_sensitive; curated
Schomberg,TOPONYM,location,holocaust_camps; case_sensitive; curated
Schonwalde,TOPONYM,location,holocaust_camps; case_sensitive; curated
Schorzingen,TOPONYM,location,holocaust_camps; case_sensitive; curated
Schotterwok,TOPONYM,location,holocaust_camps; case_sensitive; curated
Schutzenhof,TOPONYM,location,holocaust_camps; case_sensitive; curated
Schwabbeg,TOPONYM,location,holocaust_camps; case_sensitive; curated
Schwabisch,TOPONYM,location,holocaust_camps; case_sensitive; curated
Schwabmunchen,TOPONYM,location,holocaust_camps; case_sensitive; curated
Schwalbe V,TOPONYM,location,holocaust_camps; case_sensitive; curated
Schwarzenforst,TOPONYM,location,holocaust_camps; case_sensitive; curated
Schwarzweide,TOPONYM,location,holocaust_camps; case_sensitive; curated
Schwechat,TOPONYM,location,holocaust_camps; case_sensitive; curated
Schwerte,TOPONYM,location,holocaust_camps; case_sensitive; curated
Schwessing,TOPONYM,location,holocaust_camps; case_sensitive; curated
Schönau,TOPONYM,location,holocaust_camps; case_sensitive; curated
Schönbeck,TOPONYM,location,holocaust_camps; case_sensitive; curated
Schönberg,TOPONYM,location,holocaust_camps; case_sensitive; curated
Schönefeld,TOPONYM,location,holocaust_camps; case_sensitive; curated
Schönheide,TOPONYM,location,holocaust_camps; case_sensitive; curated
Schörzingen,TOPONYM,location,holocaust_camps; case_sensitive; curated
Schützenhof,TOPONYM,location,holocaust_camps; case_sensitive; curated
Seaford,TOPONYM,location,ambiguous_cities; case_sensitive; curated
Seehausen,TOPONYM,location,holocaust_camps; case_sensitive; curated
Segovia,TOPONYM,location,ambiguous_cities; case_sensitive; curated
Seifhennersdorf,TOPONYM,location,holocaust_camps; case_sensitive; curated
Selma,TOPONYM,location,ambiguous_cities; case_sensitive; curated
Senden,TOPONYM,location,ambiguous_cities; case_sensitive; curated
Senftenberg,TOPONYM,location,holocaust_camps; case_sensitive; curated
Sennelager,TOPONYM,location,holocaust_camps; case_sensitive; curated
Senow,TOPONYM,location,holocaust_camps; case_sensitive; curated
Serappen,TOPONYM,location,holocaust_camps; case_sensitive; curated
Seuferwassergraben,TOPONYM,location,holocaust_camps; case_sensitive; curated
Sevilla,TOPONYM,location,ambiguous_cities; case_sensitive; curated
Seymour,TOPONYM,location,ambiguous_cities; case_sensitive; curated
Shamsābād,TOPONYM,location,ambiguous_cities; case_sensitive; curated
Shaping,TOPONYM,location,ambiguous_cities; case_sensitive; curated
Shawnee,TOPONYM,location,ambiguous_cities; case_sensitive; curated
Shelby,TOPONYM,location,ambiguous_cities; case_sensitive; curated
Shelbyville,TOPONYM,location,ambiguous_cities; case_sensitive; curated
Sherwood,TOPONYM,location,ambiguous_cities; case_sensitive; curated
Shibganj,TOPONYM,location,ambiguous_cities; case_sensitive; curated
Shilong,TOPONYM,location,ambiguous_cities; case_sensitive; curated
Shima,TOPONYM,location,ambiguous_cities; case_sensitive; curated
Shingū,TOPONYM,location,ambiguous_cities; case_sensitive; curated
Shiqiao,TOPONYM,location,ambiguous_cities; case_sensitive; curated
Shirley,TOPONYM,location,ambiguous_cities; case_sensitive; curated
Shiwan,TOPONYM,location,ambiguous_cities; case_sensitive; curated
Shiyan,TOPONYM,location,ambiguous_cities; case_sensitive; curated
Shizuishan,TOPONYM,location,ambiguous_cities; case_sensitive; curated
Shrewsbury,TOPONYM,location,ambiguous_cities; case_sensitive; curated
Shuangjiang,TOPONYM,location,ambiguous_cities; case_sensitive; curated
Shuanglong,TOPONYM,location,ambiguous_cities; case_sensitive; curated
Shuikou,TOPONYM,location,ambiguous_cities; case_sensitive; curated
Shāhpur,TOPONYM,location,ambiguous_cities; case_sensitive; curated
Shāhpura,TOPONYM,location,ambiguous_cities; case_sensitive; curated
Shāhābād,TOPONYM,location,ambiguous_cities; case_sensitive; curated
Siegmar,TOPONYM,location,holocaust_camps; case_sensitive; curated
Siemens Stadt,TOPONYM,location,holocaust_camps; case_sensitive; curated
Siemianowice,TOPONYM,location,holocaust_camps; case_sensitive; curated
Siemiennowice,TOPONYM,location,holocaust_camps; case_sensitive; curated
Sigmarszell,TOPONYM,location,holocaust_camps; case_sensitive; curated
Silao,TOPONYM,location,ambiguous_cities; case_sensitive; curated
Sinnar,TOPONYM,location,ambiguous_cities; case_sensitive; curated
Sinop,TOPONYM,location,ambiguous_cities; case_sensitive; curated
Sirsi,TOPONYM,location,ambiguous_cities; case_sensitive; curated
Sisak,TOPONYM,location,holocaust_camps; case_sensitive; curated
Sivagiri,TOPONYM,location,ambiguous_cities; case_sensitive; curated
Slano,TOPONYM,location,holocaust_camps; case_sensitive; curated
Slavonska,TOPONYM,location,holocaust_camps; case_sensitive; curated
Slawecice,TOPONYM,location,holocaust_camps; case_sensitive; curated
Slawiecice,TOPONYM,location,holocaust_camps; case_sensitive; curated
Slipsk,TOPONYM,location,holocaust_camps; case_sensitive; curated
Slobozia,TOPONYM,location,ambiguous_cities; case_sensitive; curated
Smyrna,TOPONYM,location,ambiguous_cities; case_sensitive; curated
Socorro,TOPONYM,location,ambiguous_cities; case_sensitive; curated
Soemerda,TOPONYM,location,holocaust_camps; case_sensitive; curated
Soest,TOPONYM,location,ambiguous_cities; case_sensitive; curated
Sokol,TOPONYM,location,ambiguous_cities; case_sensitive; curated
Soledad,TOPONYM,location,ambiguous_cities; case_sensitive; curated
Sollstadt,TOPONYM,location,holocaust_camps; case_sensitive; curated
Sollstedt,TOPONYM,location,holocaust_camps; case_sensitive; curated
Somerset,TOPONYM,location,ambiguous_cities; case_sensitive; curated
Songling,TOPONYM,location,ambiguous_cities; case_sensitive; curated
Sonneberg,TOPONYM,location,holocaust_camps; case_sensitive; curated
Sophienwalde,TOPONYM,location,holocaust_camps; case_sensitive; curated
Soran,TOPONYM,location,ambiguous_cities; case_sensitive; curated
Sosnowitz,TOPONYM,location,holocaust_camps; case_sensitive; curated
South Gate,TOPONYM,location,ambiguous_cities; case_sensitive; curated
Southport,TOPONYM,location,ambiguous_cities; case_sensitive; curated
Sovetsk,TOPONYM,location,ambiguous_cities; case_sensitive; curated
Spaichingen,TOPONYM,location,holocaust_camps; case_sensitive; curated
Spaldingstrasse,TOPONYM,location,holocaust_camps; case_sensitive; curated
Sparta,TOPONYM,location,ambiguous_cities; case_sensitive; curated
Spilwe,TOPONYM,location,holocaust_camps; case_sensitive; curated
Spitzingsee,TOPONYM,location,holocaust_camps; case_sensitive; curated
Spring Hill,TOPONYM,location,ambiguous_cities; case_sensitive; curated
Spring Valley,TOPONYM,location,ambiguous_cities; case_sensitive; curated
Springfield,TOPONYM,location,ambiguous_cities; case_sensitive; curated
St Albans,TOPONYM,location,ambiguous_cities; case_sensitive; curated
St. Agyd,TOPONYM,location,holocaust_camps; case_sensitive; curated
St. Charles,TOPONYM,location,ambiguous_cities; case_sensitive; curated
St. Georgenthal,TOPONYM,location,holocaust_camps; case_sensitive; curated
St. Gilden,TOPONYM,location,holocaust_camps; case_sensitive; curated
St. Lambrecht,TOPONYM,location,holocaust_camps; case_sensitive; curated
St. Michel,TOPONYM,location,holocaust_camps; case_sensitive; curated
St. Oetzen,TOPONYM,location,holocaust_camps; case_sensitive; curated
St. Valentin,TOPONYM,location,holocaust_camps; case_sensitive; curated
Stafford,TOPONYM,location,ambiguous_cities; case_sensitive; curated
Stamford,TOPONYM,location,ambiguous_cities; case_sensitive; curated
Stanley,TOPONYM,location,ambiguous_cities; case_sensitive; curated
Stara,TOPONYM,location,holocaust_camps; case_sensitive; curated
Stara Kusnia,TOPONYM,location,holocaust_camps; case_sensitive; curated
Stara Wies,TOPONYM,location,holocaust_camps; case_sensitive; curated
Stargard,TOPONYM,location,holocaust_camps; case_sensitive; curated
Starorod,TOPONYM,location,holocaust_camps; case_sensitive; curated
Stassfurt,TOPONYM,location,holocaust_camps; case_sensitive; curated
Stein,TOPONYM,location,holocaust_camps; case_sensitive; curated
Steinhoring,TOPONYM,location,holocaust_camps; case_sensitive; curated
Steinwerder,TOPONYM,location,holocaust_camps; case_sensitive; curated
Stephanskirchen,TOPONYM,location,holocaust_camps; case_sensitive; curated
Sterling,TOPONYM,location,ambiguous_cities; case_sensitive; curated
Steyr,TOPONYM,location,holocaust_camps; case_sensitive; curated
Stillwater,TOPONYM,location,ambiguous_cities; case_sensitive; curated
Storkow,TOPONYM,location,holocaust_camps; case_sensitive; curated
Stratford,TOPONYM,location,ambiguous_cities; case_sensitive; curated
Strazdumujsje,TOPONYM,location,holocaust_camps; case_sensitive; curated
Striegau,TOPONYM,location,holocaust_camps; case_sensitive; curated
Strobl,TOPONYM,location,holocaust_camps; case_sensitive; curated
Struthof,TOPONYM,location,holocaust_camps; case_sensitive; curated
Stuklenwert,TOPONYM,location,holocaust_camps; case_sensitive; curated
Stulln,TOPONYM,location,holocaust_camps; case_sensitive; curated
Stuttgart,TOPONYM,location,holocaust_camps; case_sensitive; curated
Stutthof,TOPONYM,location,holocaust_camps; case_sensitive; curated
Stutzpunkt Sauerland 1,TOPONYM,location,holocaust_camps; case_sensitive; curated
Stöcken,TOPONYM,location,holocaust_camps; case_sensitive; curated
Sucre,TOPONYM,location,ambiguous_cities; case_sensitive; curated
Sudbury,TOPONYM,location,ambiguous_cities; case_sensitive; curated
Sudelfeld,TOPONYM,location,holocaust_camps; case_sensitive; curated
Suhl,TOPONYM,location,holocaust_camps; case_sensitive; curated
Sun City,TOPONYM,location,ambiguous_cities; case_sensitive; curated
Sunnyside,TOPONYM,location,ambiguous_cities; case_sensitive; curated
Suzhou,TOPONYM,location,ambiguous_cities; case_sensitive; curated
Swansea,TOPONYM,location,ambiguous_cities; case_sensitive; curated
Swietochlowice,TOPONYM,location,holocaust_camps; case_sensitive; curated
Sydney,TOPONYM,location,ambiguous_cities; case_sensitive; curated
Syracuse,TOPONYM,location,ambiguous_cities; case_sensitive; curated
Szczecin,TOPONYM,location,holocaust_camps; case_sensitive; curated
São Bento,TOPONYM,location,ambiguous_cities; case_sensitive; curated
São Pedro,TOPONYM,location,ambiguous_cities; case_sensitive; curated
Tabuk,TOPONYM,location,ambiguous_cities; case_sensitive; curated
Tailfingen,TOPONYM,location,holocaust_camps; case_sensitive; curated
Taiping,TOPONYM,location,ambiguous_cities; case_sensitive; curated
Taizhou,TOPONYM,location,ambiguous_cities; case_sensitive; curated
Tai’an,TOPONYM,location,ambiguous_cities; case_sensitive; curated
Takeo,TOPONYM,location,ambiguous_cities; case_sensitive; curated
Talas,TOPONYM,location,ambiguous_cities; case_sensitive; curated
Talisay,TOPONYM,location,ambiguous_cities; case_sensitive; curated
Talitsa,TOPONYM,location,ambiguous_cities; case_sensitive; curated
Tamworth,TOPONYM,location,ambiguous_cities; case_sensitive; curated
Tanabe,TOPONYM,location,ambiguous_cities; case_sensitive; curated
Tanauan,TOPONYM,location,ambiguous_cities; case_sensitive; curated
Tanndora,TOPONYM,location,holocaust_camps; case_sensitive; curated
Tannenwald,TOPONYM,location,holocaust_camps; case_sensitive; curated
Tannhausen,TOPONYM,location,holocaust_camps; case_sensitive; curated
Taoyuan,TOPONYM,location,ambiguous_cities; case_sensitive; curated
Tasmajdan,TOPONYM,location,holocaust_camps; case_sensitive; curated
Taucha,TOPONYM,location,holocaust_camps; case_sensitive; curated
Taunton,TOPONYM,location,ambiguous_cities; case_sensitive; curated
Taylor,TOPONYM,location,ambiguous_cities; case_sensitive; curated
Tegel,TOPONYM,location,holocaust_camps; case_sensitive; curated
Terezin,TOPONYM,location,holocaust_camps; case_sensitive; curated
Ternate,TOPONYM,location,ambiguous_cities; case_sensitive; curated
Ternberg,TOPONYM,location,holocaust_camps; case_sensitive; curated
Texarkana,TOPONYM,location,ambiguous_cities; case_sensitive; curated
Thansau,TOPONYM,location,holocaust_camps; case_sensitive; curated
Thekla,TOPONYM,location,holocaust_camps; case_sensitive; curated
Theresienstadt,TOPONYM,location,holocaust_camps; case_sensitive; curated
Thomasville,TOPONYM,location,ambiguous_cities; case_sensitive; curated
Thuringe,TOPONYM,location,holocaust_camps; case_sensitive; curated
Tianfu,TOPONYM,location,ambiguous_cities; case_sensitive; curated
Tiefstak,TOPONYM,location,holocaust_camps; case_sensitive; curated
Toledo,TOPONYM,location,ambiguous_cities; case_sensitive; curated
Tonalá,TOPONYM,location,ambiguous_cities; case_sensitive; curated
Tongchuan,TOPONYM,location,ambiguous_cities; case_sensitive; curated
Tonggu,TOPONYM,location,ambiguous_cities; case_sensitive; curated
Tonndorf,TOPONYM,location,holocaust_camps; case_sensitive; curated
Torgau,TOPONYM,location,holocaust_camps; case_sensitive; curated
Torun,TOPONYM,location,holocaust_camps; case_sensitive; curated
Touba,TOPONYM,location,ambiguous_cities; case_sensitive; curated
Traustein,TOPONYM,location,holocaust_camps; case_sensitive; curated
Trautenstein,TOPONYM,location,holocaust_camps; case_sensitive; curated
Trebbin,TOPONYM,location,holocaust_camps; case_sensitive; curated
Trento,TOPONYM,location,ambiguous_cities; case_sensitive; curated
Trenton,TOPONYM,location,ambiguous_cities; case_sensitive; curated
Treuenbrietzen,TOPONYM,location,holocaust_camps; case_sensitive; curated
Trezbinia,TOPONYM,location,holocaust_camps; case_sensitive; curated
Trindade,TOPONYM,location,ambiguous_cities; case_sensitive; curated
Trinidad,TOPONYM,location,ambiguous_cities; case_sensitive; curated
Tripoli,TOPONYM,location,ambiguous_cities; case_sensitive; curated
Troeglits,TOPONYM,location,holocaust_camps; case_sensitive; curated
Troitsk,TOPONYM,location,ambiguous_cities; case_sensitive; curated
Tromsdalen,TOPONYM,location,holocaust_camps; case_sensitive; curated
Trotsberg,TOPONYM,location,holocaust_camps; case_sensitive; curated
Troy,TOPONYM,location,ambiguous_cities; case_sensitive; curated
Trujillo,TOPONYM,location,ambiguous_cities; case_sensitive; curated
Trutskirch,TOPONYM,location,holocaust_camps; case_sensitive; curated
Tscechwitz,TOPONYM,location,holocaust_camps; case_sensitive; curated
Tucumã,TOPONYM,location,ambiguous_cities; case_sensitive; curated
Tulsīpur,TOPONYM,location,ambiguous_cities; case_sensitive; curated
Turkenfald,TOPONYM,location,holocaust_camps; case_sensitive; curated
Turkheim,TOPONYM,location,holocaust_camps; case_sensitive; curated
Tutzing,TOPONYM,location,holocaust_camps; case_sensitive; curated
Tuxpan,TOPONYM,location,ambiguous_cities; case_sensitive; curated
Uckermark,TOPONYM,location,holocaust_camps; case_sensitive; curated
Udaipur,TOPONYM,location,ambiguous_cities; case_sensitive; curated
Uelzen,TOPONYM,location,holocaust_camps; case_sensitive; curated
Uerberlingen,TOPONYM,location,holocaust_camps; case_sensitive; curated
Uffing,TOPONYM,location,holocaust_camps; case_sensitive; curated
Ulm,TOPONYM,location,holocaust_camps; case_sensitive; curated
Ulven,TOPONYM,location,holocaust_camps; case_sensitive; curated
Umarkot,TOPONYM,location,ambiguous_cities; case_sensitive; curated
Una,TOPONYM,location,ambiguous_cities; case_sensitive; curated
Union City,TOPONYM,location,ambiguous_cities; case_sensitive; curated
Universal City,TOPONYM,location,ambiguous_cities; case_sensitive; curated
University Park,TOPONYM,location,ambiguous_cities; case_sensitive; curated
Unna,TOPONYM,location,holocaust_camps; case_sensitive; curated
Unterriechinegn,TOPONYM,location,holocaust_camps; case_sensitive; curated
Unterschleissheim,TOPONYM,location,holocaust_camps; case_sensitive; curated
Urbes Wesserling,TOPONYM,location,holocaust_camps; case_sensitive; curated
Usti,TOPONYM,location,holocaust_camps; case_sensitive; curated
Utting,TOPONYM,location,holocaust_camps; case_sensitive; curated
Uxbridge,TOPONYM,location,ambiguous_cities; case_sensitive; curated
Vaihingen,TOPONYM,location,holocaust_camps; case_sensitive; curated
Vainhingen,TOPONYM,location,holocaust_camps; case_sensitive; curated
Valencia,TOPONYM,location,ambiguous_cities; case_sensitive; curated
Valença,TOPONYM,location,ambiguous_cities; case_sensitive; curated
Valepp,TOPONYM,location,holocaust_camps; case_sensitive; curated
Valladolid,TOPONYM,location,ambiguous_cities; case_sensitive; curated
Valparaíso,TOPONYM,location,ambiguous_cities; case_sensitive; curated
Vancouver,TOPONYM,location,ambiguous_cities; case_sensitive; curated
Veerssen,TOPONYM,location,holocaust_camps; case_sensitive; curated
Vegesack,TOPONYM,location,holocaust_camps; case_sensitive; curated
Veleen,TOPONYM,location,holocaust_camps; case_sensitive; curated
Velten,TOPONYM,location,holocaust_camps; case_sensitive; curated
Venice,TOPONYM,location,ambiguous_cities; case_sensitive; curated
Venusberg,TOPONYM,location,holocaust_camps; case_sensitive; curated
Venustiano Carranza,TOPONYM,location,ambiguous_cities; case_sensitive; curated
Veracruz,TOPONYM,location,ambiguous_cities; case_sensitive; curated
Verden,TOPONYM,location,holocaust_camps; case_sensitive; curated
Vernon,TOPONYM,location,ambiguous_cities; case_sensitive; curated
Vertugen,TOPONYM,location,holocaust_camps; case_sensitive; curated
Viana,TOPONYM,location,ambiguous_cities; case_sensitive; curated
Victoria,TOPONYM,location,ambiguous_cities; case_sensitive; curated
Vienna,TOPONYM,location,ambiguous_cities; case_sensitive; curated
Villa Nueva,TOPONYM,location,ambiguous_cities; case_sensitive; curated
Villanueva,TOPONYM,location,ambiguous_cities; case_sensitive; curated
Villarrica,TOPONYM,location,ambiguous_cities; case_sensitive; curated
Vincennes,TOPONYM,location,ambiguous_cities; case_sensitive; curated
Vincent,TOPONYM,location,ambiguous_cities; case_sensitive; curated
Viseu,TOPONYM,location,ambiguous_cities; case_sensitive; curated
Vivara,TOPONYM,location,holocaust_camps; case_sensitive; curated
Viçosa,TOPONYM,location,ambiguous_cities; case_sensitive; curated
Volary,TOPONYM,location,holocaust_camps; case_sensitive; curated
Vordereckard,TOPONYM,location,holocaust_camps; case_sensitive; curated
Vostryakovo,TOPONYM,location,ambiguous_cities; case_sensitive; curated
Vught,TOPONYM,location,holocaust_camps; case_sensitive; curated
Vulpmes,TOPONYM,location,holocaust_camps; case_sensitive; curated
Vöcklabrück=Wagrain,TOPONYM,location,holocaust_camps; case_sensitive; curated
Wakefield,TOPONYM,location,ambiguous_cities; case_sensitive; curated
Waldenburg,TOPONYM,location,holocaust_camps; case_sensitive; curated
Waldlager V Et Vi,TOPONYM,location,holocaust_camps; case_sensitive; curated
Walkenried,TOPONYM,location,holocaust_camps; case_sensitive; curated
Wamba,TOPONYM,location,ambiguous_cities; case_sensitive; curated
Wandsbeck,TOPONYM,location,holocaust_camps; case_sensitive; curated
Wansleben,TOPONYM,location,holocaust_camps; case_sensitive; curated
Wansleben Biber Ii,TOPONYM,location,holocaust_camps; case_sensitive; curated
Wansleben Wilhelm,TOPONYM,location,holocaust_camps; case_sensitive; curated
Warren,TOPONYM,location,ambiguous_cities; case_sensitive; curated
Warwick,TOPONYM,location,ambiguous_cities; case_sensitive; curated
Wasco,TOPONYM,location,ambiguous_cities; case_sensitive; curated
Washington,TOPONYM,location,ambiguous_cities; case_sensitive; curated
Wasserling,TOPONYM,location,holocaust_camps; case_sensitive; curated
Wasserralfingen,TOPONYM,location,holocaust_camps; case_sensitive; curated
Watenstedt,TOPONYM,location,holocaust_camps; case_sensitive; curated
Waterford,TOPONYM,location,ambiguous_cities; case_sensitive; curated
Waterloo,TOPONYM,location,ambiguous_cities; case_sensitive; curated
Watertown,TOPONYM,location,ambiguous_cities; case_sensitive; curated
Wayne,TOPONYM,location,ambiguous_cities; case_sensitive; curated
Weckrieden,TOPONYM,location,holocaust_camps; case_sensitive; curated
Wedel,TOPONYM,location,holocaust_camps; case_sensitive; curated
Weidach,TOPONYM,location,holocaust_camps; case_sensitive; curated
Weilheim,TOPONYM,location,holocaust_camps; case_sensitive; curated
Weimar,TOPONYM,location,holocaust_camps; case_sensitive; curated
Weissensee,TOPONYM,location,holocaust_camps; case_sensitive; curated
Weiswasser,TOPONYM,location,holocaust_camps; case_sensitive; curated
Wellington,TOPONYM,location,ambiguous_cities; case_sensitive; curated
Wels,TOPONYM,location,holocaust_camps; case_sensitive; curated
Wenquan,TOPONYM,location,ambiguous_cities; case_sensitive; curated
Werde,TOPONYM,location,holocaust_camps; case_sensitive; curated
Werferlingen,TOPONYM,location,holocaust_camps; case_sensitive; curated
Werke,TOPONYM,location,holocaust_camps; case_sensitive; curated
Wernigerode,TOPONYM,location,holocaust_camps; case_sensitive; curated
Weser,TOPONYM,location,holocaust_camps; case_sensitive; curated
West Hollywood,TOPONYM,location,ambiguous_cities; case_sensitive; curated
West Springfield,TOPONYM,location,ambiguous_cities; case_sensitive; curated
Westbury,TOPONYM,location,ambiguous_cities; case_sensitive; curated
Westchester,TOPONYM,location,ambiguous_cities; case_sensitive; curated
Westerbork,TOPONYM,location,holocaust_camps; case_sensitive; curated
Westeregeln,TOPONYM,location,holocaust_camps; case_sensitive; curated
Westfalica,TOPONYM,location,holocaust_camps; case_sensitive; curated
Westfield,TOPONYM,location,ambiguous_cities; case_sensitive; curated
Westminster,TOPONYM,location,ambiguous_cities; case_sensitive; curated
Westmont,TOPONYM,location,ambiguous_cities; case_sensitive; curated
Weston,TOPONYM,location,ambiguous_cities; case_sensitive; curated
Wewelsburg,TOPONYM,location,holocaust_camps; case_sensitive; curated
Weymouth,TOPONYM,location,ambiguous_cities; case_sensitive; curated
Wheaton,TOPONYM,location,ambiguous_cities; case_sensitive; curated
Wheeling,TOPONYM,location,ambiguous_cities; case_sensitive; curated
White Oak,TOPONYM,location,ambiguous_cities; case_sensitive; curated
Wickerode,TOPONYM,location,holocaust_camps; case_sensitive; curated
Wicking,TOPONYM,location,holocaust_camps; case_sensitive; curated
Wieda,TOPONYM,location,holocaust_camps; case_sensitive; curated
Wien,TOPONYM,location,holocaust_camps; case_sensitive; curated
Wien Afa,TOPONYM,location,holocaust_camps; case_sensitive; curated
Wien Saurer,TOPONYM,location,holocaust_camps; case_sensitive; curated
Wien Schönbrunn,TOPONYM,location,holocaust_camps; case_sensitive; curated
Wiener Neudorf,TOPONYM,location,holocaust_camps; case_sensitive; curated
Wiener Neustadt,TOPONYM,location,holocaust_camps; case_sensitive; curated
Wilhemsburg,TOPONYM,location,holocaust_camps; case_sensitive; curated
Wilhemshaven,TOPONYM,location,holocaust_camps; case_sensitive; curated
Wilischthal,TOPONYM,location,holocaust_camps; case_sensitive; curated
Williamsburg,TOPONYM,location,ambiguous_cities; case_sensitive; curated
Willy,TOPONYM,location,holocaust_camps; case_sensitive; curated
Wilmersdorf,TOPONYM,location,holocaust_camps; case_sensitive; curated
Wilmington,TOPONYM,location,ambiguous_cities; case_sensitive; curated
Winchester,TOPONYM,location,ambiguous_cities; case_sensitive; curated
Windsor,TOPONYM,location,ambiguous_cities; case_sensitive; curated
Witten,TOPONYM,location,holocaust_camps; case_sensitive; curated
Wittenberg,TOPONYM,location,holocaust_camps; case_sensitive; curated
Wittenberge,TOPONYM,location,holocaust_camps; case_sensitive; curated
Wloclawek,TOPONYM,location,holocaust_camps; case_sensitive; curated
Wloklawek,TOPONYM,location,holocaust_camps; case_sensitive; curated
Woburn,TOPONYM,location,ambiguous_cities; case_sensitive; curated
Woebbelin,TOPONYM,location,holocaust_camps; case_sensitive; curated
Wolfen,TOPONYM,location,holocaust_camps; case_sensitive; curated
Wolfleben,TOPONYM,location,holocaust_camps; case_sensitive; curated
Wolfratshausen,TOPONYM,location,holocaust_camps; case_sensitive; curated
Wolfratshausen Gelting,TOPONYM,location,holocaust_camps; case_sensitive; curated
Wolfsburg,TOPONYM,location,holocaust_camps; case_sensitive; curated
Wolgansee,TOPONYM,location,holocaust_camps; case_sensitive; curated
Wolhof,TOPONYM,location,holocaust_camps; case_sensitive; curated
Wolkenburg,TOPONYM,location,holocaust_camps; case_sensitive; curated
Wolsberg,TOPONYM,location,holocaust_camps; case_sensitive; curated
Woodlawn,TOPONYM,location,ambiguous_cities; case_sensitive; curated
Woodstock,TOPONYM,location,ambiguous_cities; case_sensitive; curated
Worcester,TOPONYM,location,ambiguous_cities; case_sensitive; curated
Wroclaw,TOPONYM,location,holocaust_camps; case_sensitive; curated
Wrszlabi,TOPONYM,location,holocaust_camps; case_sensitive; curated
Wujia,TOPONYM,location,ambiguous_cities; case_sensitive; curated
Wuppertal,TOPONYM,location,holocaust_camps; case_sensitive; curated
Wurach,TOPONYM,location,holocaust_camps; case_sensitive; curated
Wushan,TOPONYM,location,ambiguous_cities; case_sensitive; curated
Wuste,TOPONYM,location,holocaust_camps; case_sensitive; curated
Wustegierdorf,TOPONYM,location,holocaust_camps; case_sensitive; curated
Wustegierdorf Station,TOPONYM,location,holocaust_camps; case_sensitive; curated
Wusteweltersdorf,TOPONYM,location,holocaust_camps; case_sensitive; curated
Wuxi,TOPONYM,location,ambiguous_cities; case_sensitive; curated
Wöbbelin,TOPONYM,location,holocaust_camps; case_sensitive; curated
Würzburg,TOPONYM,location,holocaust_camps; case_sensitive; curated
Xiasi,TOPONYM,location,ambiguous_cities; case_sensitive; curated
Xiazhuang,TOPONYM,location,ambiguous_cities; case_sensitive; curated
Xichang,TOPONYM,location,ambiguous_cities; case_sensitive; curated
Xico,TOPONYM,location,ambiguous_cities; case_sensitive; curated
Xihu,TOPONYM,location,ambiguous_cities; case_sensitive; curated
Xincheng,TOPONYM,location,ambiguous_cities; case_sensitive; curated
Xindian,TOPONYM,location,ambiguous_cities; case_sensitive; curated
Xinglong,TOPONYM,location,ambiguous_cities; case_sensitive; curated
Xingyi,TOPONYM,location,ambiguous_cities; case_sensitive; curated
Xinhe,TOPONYM,location,ambiguous_cities; case_sensitive; curated
Xinmin,TOPONYM,location,ambiguous_cities; case_sensitive; curated
Xinsheng,TOPONYM,location,ambiguous_cities; case_sensitive; curated
Xinshi,TOPONYM,location,ambiguous_cities; case_sensitive; curated
Xintian,TOPONYM,location,ambiguous_cities; case_sensitive; curated
Xinxing,TOPONYM,location,ambiguous_cities; case_sensitive; curated
Xinyi,TOPONYM,location,ambiguous_cities; case_sensitive; curated
Xinzhou,TOPONYM,location,ambiguous_cities; case_sensitive; curated
Xixiang,TOPONYM,location,ambiguous_cities; case_sensitive; curated
Yamagata,TOPONYM,location,ambiguous_cities; case_sensitive; curated
Yanacancha,TOPONYM,location,ambiguous_cities; case_sensitive; curated
Yanggu,TOPONYM,location,ambiguous_cities; case_sensitive; curated
Yanghe,TOPONYM,location,ambiguous_cities; case_sensitive; curated
Yangzhou,TOPONYM,location,ambiguous_cities; case_sensitive; curated
Yanowski,TOPONYM,location,holocaust_camps; case_sensitive; curated
Yantai,TOPONYM,location,ambiguous_cities; case_sensitive; curated
Yichun,TOPONYM,location,ambiguous_cities; case_sensitive; curated
Yihe,TOPONYM,location,ambiguous_cities; case_sensitive; curated
Yilan,TOPONYM,location,ambiguous_cities; case_sensitive; curated
Yongning,TOPONYM,location,ambiguous_cities; case_sensitive; curated
Yongxing,TOPONYM,location,ambiguous_cities; case_sensitive; curated
Yong’an,TOPONYM,location,ambiguous_cities; case_sensitive; curated
York,TOPONYM,location,ambiguous_cities; case_sensitive; curated
Yuanyang,TOPONYM,location,ambiguous_cities; case_sensitive; curated
Yugoslavia,TOPONYM,location,holocaust_camps; case_sensitive; curated
Yulong,TOPONYM,location,ambiguous_cities; case_sensitive; curated
Yunlong,TOPONYM,location,ambiguous_cities; case_sensitive; curated
Yunshan,TOPONYM,location,ambiguous_cities; case_sensitive; curated
Yuxi,TOPONYM,location,ambiguous_cities; case_sensitive; curated
Zabrze,TOPONYM,location,holocaust_camps; case_sensitive; curated
Zalhostice,TOPONYM,location,holocaust_camps; case_sensitive; curated
Zamora,TOPONYM,location,ambiguous_cities; case_sensitive; curated
Zangberg,TOPONYM,location,holocaust_camps; case_sensitive; curated
Zaragoza,TOPONYM,location,ambiguous_cities; case_sensitive; curated
Zarechnyy,TOPONYM,location,ambiguous_cities; case_sensitive; curated
Zasole,TOPONYM,location,holocaust_camps; case_sensitive; curated
Zatschke,TOPONYM,location,holocaust_camps; case_sensitive; curated
Zeitz Willy,TOPONYM,location,holocaust_camps; case_sensitive; curated
Zella Mehlis,TOPONYM,location,holocaust_camps; case_sensitive; curated
Zeltlager,TOPONYM,location,holocaust_camps; case_sensitive; curated
Zemun,TOPONYM,location,holocaust_camps; case_sensitive; curated
Zepfenhan,TOPONYM,location,holocaust_camps; case_sensitive; curated
Zhaoyuan,TOPONYM,location,ambiguous_cities; case_sensitive; curated
Zheleznogorsk,TOPONYM,location,ambiguous_cities; case_sensitive; curated
Zhicheng,TOPONYM,location,ambiguous_cities; case_sensitive; curated
Zhonghe,TOPONYM,location,ambiguous_cities; case_sensitive; curated
Zhongshan,TOPONYM,location,ambiguous_cities; case_sensitive; curated
Zhuhai,TOPONYM,location,ambiguous_cities; case_sensitive; curated
Zhuxi,TOPONYM,location,ambiguous_cities; case_sensitive; curated
Zipf,TOPONYM,location,holocaust_camps; case_sensitive; curated
Zittau,TOPONYM,location,holocaust_camps; case_sensitive; curated
Zorbig,TOPONYM,location,holocaust_camps; case_sensitive; curated
Zschachwitz,TOPONYM,location,holocaust_camps; case_sensitive; curated
Zschopau,TOPONYM,location,holocaust_camps; case_sensitive; curated
Zuffenhause,TOPONYM,location,holocaust_camps; case_sensitive; curated
Zwickau,TOPONYM,location,holocaust_camps; case_sensitive; curated
Zwieberge,TOPONYM,location,holocaust_camps; case_sensitive; curated
Zwijndrecht,TOPONYM,location,ambiguous_cities; case_sensitive; curated
Zwodau,TOPONYM,location,holocaust_camps; case_sensitive; curated
Āzādshahr,TOPONYM,location,ambiguous_cities; case_sensitive; curated
Ōzu,TOPONYM,location,ambiguous_cities; case_sensitive; curated
